{
  "type": "FeatureCollection",
  "name": "EMPREENDIMENTO IMOBILIÁRIO - BASE DEMONSTRATIVA",
  "metadata": {
    "lot_count": 441,
    "quadra_count": 23,
    "source": "KML e memoriais descritivos fornecidos pelo usuário",
    "crs": "EPSG:4326",
    "warning": "Localização para orientação comercial e navegação; não substitui demarcação física ou levantamento técnico dos limites.",
    "app_data_version": 2,
    "memorial_pdf_count": 441,
    "access_points_from_memorial": 437,
    "technical_review_lot_count": 11
  },
  "features": [
    {
      "type": "Feature",
      "id": "Q01-L01",
      "properties": {
        "quadra": 1,
        "lote": 1,
        "area_m2": 350.13,
        "center": [
          -54.562695,
          -16.46640779
        ],
        "source_polygon": "PLINHA-57",
        "geometry_source": "memorial_descritivo",
        "match_distance_m": 0.0,
        "perimeter_m": 87.21,
        "frontage_m": 10.67,
        "dimensions": [
          {
            "from": "1",
            "to": "1A",
            "label": "Rua Projetada 06",
            "length_m": 2.11
          },
          {
            "from": "1A",
            "to": "2",
            "label": "Rua Projetada 06",
            "length_m": 8.56
          },
          {
            "from": "2",
            "to": "3",
            "label": "Lote 2",
            "length_m": 32.5
          },
          {
            "from": "3",
            "to": "4",
            "label": "Equipamento Comunitário 02",
            "length_m": 10.68
          },
          {
            "from": "4",
            "to": "1",
            "label": "RMI 01",
            "length_m": 33.36
          }
        ],
        "access": {
          "longitude": -54.56254235,
          "latitude": -16.46638999,
          "label": "Rua Projetada 06",
          "frontage_m": 10.67,
          "confidence": "memorial"
        },
        "memorial_path": "memoriais/Q01/L01.pdf",
        "status_default": "nao_informado",
        "technical_review": []
      },
      "geometry": {
        "type": "Polygon",
        "coordinates": [
          [
            [
              -54.56254676513328,
              -16.466342053503613
            ],
            [
              -54.56254618998652,
              -16.466361097624986
            ],
            [
              -54.56253647769125,
              -16.46643782013399
            ],
            [
              -54.56283842582458,
              -16.46647334878595
            ],
            [
              -54.56285678011858,
              -16.466378534176886
            ],
            [
              -54.56254676513328,
              -16.466342053503613
            ]
          ]
        ]
      }
    },
    {
      "type": "Feature",
      "id": "Q01-L02",
      "properties": {
        "quadra": 1,
        "lote": 2,
        "area_m2": 321.79,
        "center": [
          -54.56268033,
          -16.46650009
        ],
        "source_polygon": "PLINHA-452",
        "geometry_source": "memorial_descritivo",
        "match_distance_m": 0.001,
        "perimeter_m": 84.38,
        "frontage_m": 10.0,
        "dimensions": [
          {
            "from": "2",
            "to": "5",
            "label": "Rua Projetada 6",
            "length_m": 10.0
          },
          {
            "from": "5",
            "to": "8",
            "label": "Lote 3",
            "length_m": 31.86
          },
          {
            "from": "8",
            "to": "3",
            "label": "Equipamento Comunitário 02",
            "length_m": 10.02
          },
          {
            "from": "3",
            "to": "2",
            "label": "Lote 1",
            "length_m": 32.5
          }
        ],
        "access": {
          "longitude": -54.56253081,
          "latitude": -16.46648265,
          "label": "Rua Projetada 6",
          "frontage_m": 10.0,
          "confidence": "memorial"
        },
        "memorial_path": "memoriais/Q01/L02.pdf",
        "status_default": "nao_informado",
        "technical_review": []
      },
      "geometry": {
        "type": "Polygon",
        "coordinates": [
          [
            [
              -54.56253647769125,
              -16.46643782013399
            ],
            [
              -54.56252513390028,
              -16.46652747711741
            ],
            [
              -54.562821193121884,
              -16.466562313961774
            ],
            [
              -54.56283842582458,
              -16.46647334878595
            ],
            [
              -54.56253647769125,
              -16.46643782013399
            ]
          ]
        ]
      }
    },
    {
      "type": "Feature",
      "id": "Q01-L03",
      "properties": {
        "quadra": 1,
        "lote": 3,
        "area_m2": 315.47,
        "center": [
          -54.56266605,
          -16.4665894
        ],
        "source_polygon": "PLINHA-453",
        "geometry_source": "memorial_descritivo",
        "match_distance_m": 0.001,
        "perimeter_m": 83.11,
        "frontage_m": 0.0,
        "dimensions": [
          {
            "from": "5",
            "to": "6",
            "label": "Propriedade de",
            "length_m": 10.0
          },
          {
            "from": "6",
            "to": "7",
            "label": "Propriedade de",
            "length_m": 31.23
          },
          {
            "from": "7",
            "to": "8",
            "label": "Propriedade de",
            "length_m": 10.02
          },
          {
            "from": "8",
            "to": "5",
            "label": "Propriedade de",
            "length_m": 31.86
          }
        ],
        "access": null,
        "memorial_path": "memoriais/Q01/L03.pdf",
        "status_default": "nao_informado",
        "technical_review": []
      },
      "geometry": {
        "type": "Polygon",
        "coordinates": [
          [
            [
              -54.56252513390028,
              -16.46652747711741
            ],
            [
              -54.562513780732964,
              -16.466617133989143
            ],
            [
              -54.56280396964493,
              -16.466651288274154
            ],
            [
              -54.562821193121884,
              -16.466562313961774
            ],
            [
              -54.56252513390028,
              -16.46652747711741
            ]
          ]
        ]
      }
    },
    {
      "type": "Feature",
      "id": "Q01-L04",
      "properties": {
        "quadra": 1,
        "lote": 4,
        "area_m2": 309.14,
        "center": [
          -54.56265176,
          -16.46667871
        ],
        "source_polygon": "PLINHA-454",
        "geometry_source": "memorial_descritivo",
        "match_distance_m": 0.001,
        "perimeter_m": 81.85,
        "frontage_m": 10.0,
        "dimensions": [
          {
            "from": "6",
            "to": "9",
            "label": "Rua Projetada 6",
            "length_m": 10.0
          },
          {
            "from": "9",
            "to": "10",
            "label": "Lote 5",
            "length_m": 30.6
          },
          {
            "from": "10",
            "to": "7",
            "label": "Equipamento Comunitário 02",
            "length_m": 10.02
          },
          {
            "from": "7",
            "to": "6",
            "label": "Lote 3",
            "length_m": 31.23
          }
        ],
        "access": {
          "longitude": -54.56250811,
          "latitude": -16.46666196,
          "label": "Rua Projetada 6",
          "frontage_m": 10.0,
          "confidence": "memorial"
        },
        "memorial_path": "memoriais/Q01/L04.pdf",
        "status_default": "nao_informado",
        "technical_review": []
      },
      "geometry": {
        "type": "Polygon",
        "coordinates": [
          [
            [
              -54.562513780732964,
              -16.466617133989143
            ],
            [
              -54.5625024369094,
              -16.466706790967137
            ],
            [
              -54.562786746259526,
              -16.46674025355053
            ],
            [
              -54.56280396964493,
              -16.466651288274154
            ],
            [
              -54.562513780732964,
              -16.466617133989143
            ]
          ]
        ]
      }
    },
    {
      "type": "Feature",
      "id": "Q01-L05",
      "properties": {
        "quadra": 1,
        "lote": 5,
        "area_m2": 302.82,
        "center": [
          -54.56263747,
          -16.46676802
        ],
        "source_polygon": "PLINHA-455",
        "geometry_source": "memorial_descritivo",
        "match_distance_m": 0.001,
        "perimeter_m": 80.58,
        "frontage_m": 10.0,
        "dimensions": [
          {
            "from": "9",
            "to": "11",
            "label": "Rua Projetada 6",
            "length_m": 10.0
          },
          {
            "from": "11",
            "to": "12",
            "label": "Lote 6",
            "length_m": 29.96
          },
          {
            "from": "12",
            "to": "10",
            "label": "Equipamento Comunitário 02",
            "length_m": 10.02
          },
          {
            "from": "10",
            "to": "9",
            "label": "Lote 4",
            "length_m": 30.6
          }
        ],
        "access": {
          "longitude": -54.56249676,
          "latitude": -16.46675162,
          "label": "Rua Projetada 6",
          "frontage_m": 10.0,
          "confidence": "memorial"
        },
        "memorial_path": "memoriais/Q01/L05.pdf",
        "status_default": "nao_informado",
        "technical_review": []
      },
      "geometry": {
        "type": "Polygon",
        "coordinates": [
          [
            [
              -54.5625024369094,
              -16.466706790967137
            ],
            [
              -54.562491083596534,
              -16.46679645686522
            ],
            [
              -54.56276952285274,
              -16.4668292188227
            ],
            [
              -54.562786746259526,
              -16.46674025355053
            ],
            [
              -54.5625024369094,
              -16.466706790967137
            ]
          ]
        ]
      }
    },
    {
      "type": "Feature",
      "id": "Q01-L06",
      "properties": {
        "quadra": 1,
        "lote": 6,
        "area_m2": 296.5,
        "center": [
          -54.56262319,
          -16.46685734
        ],
        "source_polygon": "PLINHA-456",
        "geometry_source": "memorial_descritivo",
        "match_distance_m": 0.001,
        "perimeter_m": 79.33,
        "frontage_m": 10.0,
        "dimensions": [
          {
            "from": "11",
            "to": "13",
            "label": "Rua Projetada 6",
            "length_m": 10.0
          },
          {
            "from": "13",
            "to": "14",
            "label": "Lote 7",
            "length_m": 29.34
          },
          {
            "from": "14",
            "to": "14A",
            "label": "Área Verde 01",
            "length_m": 1.33
          },
          {
            "from": "14A",
            "to": "12",
            "label": "Equipamento Comunitário 02",
            "length_m": 8.69
          },
          {
            "from": "12",
            "to": "11",
            "label": "Lote 5",
            "length_m": 29.97
          }
        ],
        "access": {
          "longitude": -54.56248541,
          "latitude": -16.46684129,
          "label": "Rua Projetada 6",
          "frontage_m": 10.0,
          "confidence": "memorial"
        },
        "memorial_path": "memoriais/Q01/L06.pdf",
        "status_default": "nao_informado",
        "technical_review": []
      },
      "geometry": {
        "type": "Polygon",
        "coordinates": [
          [
            [
              -54.562491083596534,
              -16.46679645686522
            ],
            [
              -54.56247973974038,
              -16.466886113837806
            ],
            [
              -54.56275240227246,
              -16.466918194321128
            ],
            [
              -54.562754581010424,
              -16.466906413417487
            ],
            [
              -54.56276952285274,
              -16.4668292188227
            ],
            [
              -54.562491083596534,
              -16.46679645686522
            ]
          ]
        ]
      }
    },
    {
      "type": "Feature",
      "id": "Q01-L07",
      "properties": {
        "quadra": 1,
        "lote": 7,
        "area_m2": 290.71,
        "center": [
          -54.56260915,
          -16.46694669
        ],
        "source_polygon": "PLINHA-457",
        "geometry_source": "memorial_descritivo",
        "match_distance_m": 0.0,
        "perimeter_m": 78.16,
        "frontage_m": 10.0,
        "dimensions": [
          {
            "from": "13",
            "to": "15",
            "label": "Rua Projetada 6",
            "length_m": 10.0
          },
          {
            "from": "15",
            "to": "16",
            "label": "Lote 8",
            "length_m": 28.8
          },
          {
            "from": "16",
            "to": "14",
            "label": "Área Verde 01",
            "length_m": 10.02
          },
          {
            "from": "14",
            "to": "13",
            "label": "Lote 6",
            "length_m": 29.34
          }
        ],
        "access": {
          "longitude": -54.56247407,
          "latitude": -16.46693094,
          "label": "Rua Projetada 6",
          "frontage_m": 10.0,
          "confidence": "memorial"
        },
        "memorial_path": "memoriais/Q01/L07.pdf",
        "status_default": "nao_informado",
        "technical_review": []
      },
      "geometry": {
        "type": "Polygon",
        "coordinates": [
          [
            [
              -54.56247973974038,
              -16.466886113837806
            ],
            [
              -54.56246839586793,
              -16.46697577080767
            ],
            [
              -54.562735973300235,
              -16.46700725916546
            ],
            [
              -54.56275240227246,
              -16.466918194321128
            ],
            [
              -54.56247973974038,
              -16.466886113837806
            ]
          ]
        ]
      }
    },
    {
      "type": "Feature",
      "id": "Q01-L08",
      "properties": {
        "quadra": 1,
        "lote": 8,
        "area_m2": 285.24,
        "center": [
          -54.56259526,
          -16.46703605
        ],
        "source_polygon": "PLINHA-458",
        "geometry_source": "memorial_descritivo",
        "match_distance_m": 0.0,
        "perimeter_m": 77.06,
        "frontage_m": 10.0,
        "dimensions": [
          {
            "from": "15",
            "to": "17",
            "label": "Rua Projetada 6",
            "length_m": 10.0
          },
          {
            "from": "17",
            "to": "18",
            "label": "Lote 9",
            "length_m": 28.25
          },
          {
            "from": "18",
            "to": "16",
            "label": "Área Verde 01",
            "length_m": 10.02
          },
          {
            "from": "16",
            "to": "15",
            "label": "Lote 7",
            "length_m": 28.8
          }
        ],
        "access": {
          "longitude": -54.56246272,
          "latitude": -16.4670206,
          "label": "Rua Projetada 6",
          "frontage_m": 10.0,
          "confidence": "memorial"
        },
        "memorial_path": "memoriais/Q01/L08.pdf",
        "status_default": "nao_informado",
        "technical_review": []
      },
      "geometry": {
        "type": "Polygon",
        "coordinates": [
          [
            [
              -54.56246839586793,
              -16.46697577080767
            ],
            [
              -54.562457042619116,
              -16.46706542766584
            ],
            [
              -54.56271954442024,
              -16.467096314974007
            ],
            [
              -54.562735973300235,
              -16.46700725916546
            ],
            [
              -54.56246839586793,
              -16.46697577080767
            ]
          ]
        ]
      }
    },
    {
      "type": "Feature",
      "id": "Q01-L09",
      "properties": {
        "quadra": 1,
        "lote": 9,
        "area_m2": 279.77,
        "center": [
          -54.56258137,
          -16.46712541
        ],
        "source_polygon": "PLINHA-459",
        "geometry_source": "memorial_descritivo",
        "match_distance_m": 0.0,
        "perimeter_m": 75.97,
        "frontage_m": 10.0,
        "dimensions": [
          {
            "from": "17",
            "to": "19",
            "label": "Rua Projetada 6",
            "length_m": 10.0
          },
          {
            "from": "19",
            "to": "20",
            "label": "Lote 10",
            "length_m": 27.7
          },
          {
            "from": "20",
            "to": "18",
            "label": "Área Verde 01",
            "length_m": 10.02
          },
          {
            "from": "18",
            "to": "17",
            "label": "Lote 8",
            "length_m": 28.25
          }
        ],
        "access": {
          "longitude": -54.56245137,
          "latitude": -16.46711026,
          "label": "Rua Projetada 6",
          "frontage_m": 10.0,
          "confidence": "memorial"
        },
        "memorial_path": "memoriais/Q01/L09.pdf",
        "status_default": "nao_informado",
        "technical_review": []
      },
      "geometry": {
        "type": "Polygon",
        "coordinates": [
          [
            [
              -54.562457042619116,
              -16.46706542766584
            ],
            [
              -54.56244569871408,
              -16.46715508463029
            ],
            [
              -54.56270311540662,
              -16.46718537981036
            ],
            [
              -54.56271954442024,
              -16.467096314974007
            ],
            [
              -54.562457042619116,
              -16.46706542766584
            ]
          ]
        ]
      }
    },
    {
      "type": "Feature",
      "id": "Q01-L10",
      "properties": {
        "quadra": 1,
        "lote": 10,
        "area_m2": 274.3,
        "center": [
          -54.56256748,
          -16.46721476
        ],
        "source_polygon": "PLINHA-445",
        "geometry_source": "memorial_descritivo",
        "match_distance_m": 0.001,
        "perimeter_m": 74.88,
        "frontage_m": 10.0,
        "dimensions": [
          {
            "from": "19",
            "to": "21",
            "label": "Rua Projetada 6",
            "length_m": 10.0
          },
          {
            "from": "21",
            "to": "22",
            "label": "Lote 11",
            "length_m": 27.16
          },
          {
            "from": "22",
            "to": "20",
            "label": "Área Verde 01",
            "length_m": 10.02
          },
          {
            "from": "20",
            "to": "19",
            "label": "Lote 9",
            "length_m": 27.7
          }
        ],
        "access": {
          "longitude": -54.56244002,
          "latitude": -16.46719991,
          "label": "Rua Projetada 6",
          "frontage_m": 10.0,
          "confidence": "memorial"
        },
        "memorial_path": "memoriais/Q01/L10.pdf",
        "status_default": "nao_informado",
        "technical_review": []
      },
      "geometry": {
        "type": "Polygon",
        "coordinates": [
          [
            [
              -54.56244569871408,
              -16.46715508463029
            ],
            [
              -54.56243434543266,
              -16.46724474148303
            ],
            [
              -54.56268668648523,
              -16.467274435610932
            ],
            [
              -54.56270311540662,
              -16.46718537981036
            ],
            [
              -54.56244569871408,
              -16.46715508463029
            ]
          ]
        ]
      }
    },
    {
      "type": "Feature",
      "id": "Q01-L11",
      "properties": {
        "quadra": 1,
        "lote": 11,
        "area_m2": 268.9,
        "center": [
          -54.56255363,
          -16.46730413
        ],
        "source_polygon": "PLINHA-446",
        "geometry_source": "memorial_descritivo",
        "match_distance_m": 0.001,
        "perimeter_m": 73.77,
        "frontage_m": 11.4,
        "dimensions": [
          {
            "from": "21",
            "to": "23",
            "label": "Rua Projetada 6",
            "length_m": 10.0
          },
          {
            "from": "23",
            "to": "24",
            "label": "Lote 12",
            "length_m": 26.6
          },
          {
            "from": "24",
            "to": "24A",
            "label": "Rua 02",
            "length_m": 1.4
          },
          {
            "from": "24A",
            "to": "22",
            "label": "Área Verde 01",
            "length_m": 8.61
          },
          {
            "from": "22",
            "to": "21",
            "label": "Lote 10",
            "length_m": 27.16
          }
        ],
        "access": {
          "longitude": -54.56245849,
          "latitude": -16.46729789,
          "label": "Rua Projetada 6 / Rua 02",
          "frontage_m": 11.4,
          "confidence": "memorial"
        },
        "memorial_path": "memoriais/Q01/L11.pdf",
        "status_default": "nao_informado",
        "technical_review": []
      },
      "geometry": {
        "type": "Polygon",
        "coordinates": [
          [
            [
              -54.56243434543266,
              -16.46724474148303
            ],
            [
              -54.56242300138208,
              -16.46733440747385
            ],
            [
              -54.56267019202249,
              -16.46736349064467
            ],
            [
              -54.562672697036,
              -16.467351072191846
            ],
            [
              -54.56268668648523,
              -16.467274435610932
            ],
            [
              -54.56243434543266,
              -16.46724474148303
            ]
          ]
        ]
      }
    },
    {
      "type": "Feature",
      "id": "Q01-L12",
      "properties": {
        "quadra": 1,
        "lote": 12,
        "area_m2": 263.04,
        "center": [
          -54.56253956,
          -16.46739345
        ],
        "source_polygon": "PLINHA-447",
        "geometry_source": "memorial_descritivo",
        "match_distance_m": 0.001,
        "perimeter_m": 72.62,
        "frontage_m": 20.02,
        "dimensions": [
          {
            "from": "23",
            "to": "25",
            "label": "Rua Projetada 6",
            "length_m": 10.0
          },
          {
            "from": "25",
            "to": "26",
            "label": "Lote 13",
            "length_m": 26.0
          },
          {
            "from": "26",
            "to": "24",
            "label": "Rua 02",
            "length_m": 10.02
          },
          {
            "from": "24",
            "to": "23",
            "label": "Lote 11",
            "length_m": 26.6
          }
        ],
        "access": {
          "longitude": -54.56253966,
          "latitude": -16.46739363,
          "label": "Rua Projetada 6 / Rua 02",
          "frontage_m": 20.02,
          "confidence": "memorial"
        },
        "memorial_path": "memoriais/Q01/L12.pdf",
        "status_default": "nao_informado",
        "technical_review": []
      },
      "geometry": {
        "type": "Polygon",
        "coordinates": [
          [
            [
              -54.56242300138208,
              -16.46733440747385
            ],
            [
              -54.56241165742816,
              -16.46742406443016
            ],
            [
              -54.562653286259355,
              -16.467452495720373
            ],
            [
              -54.56267019202249,
              -16.46736349064467
            ],
            [
              -54.56242300138208,
              -16.46733440747385
            ]
          ]
        ]
      }
    },
    {
      "type": "Feature",
      "id": "Q01-L13",
      "properties": {
        "quadra": 1,
        "lote": 13,
        "area_m2": 257.06,
        "center": [
          -54.56252544,
          -16.46748277
        ],
        "source_polygon": "PLINHA-448",
        "geometry_source": "memorial_descritivo",
        "match_distance_m": 0.001,
        "perimeter_m": 71.43,
        "frontage_m": 10.58,
        "dimensions": [
          {
            "from": "25",
            "to": "27",
            "label": "Rua Projetada 6",
            "length_m": 10.0
          },
          {
            "from": "27",
            "to": "28",
            "label": "Lote 14",
            "length_m": 25.41
          },
          {
            "from": "28",
            "to": "28A",
            "label": "Área Verde 02",
            "length_m": 9.44
          },
          {
            "from": "28A",
            "to": "26",
            "label": "Rua 02",
            "length_m": 0.58
          },
          {
            "from": "26",
            "to": "25",
            "label": "Lote 12",
            "length_m": 26.0
          }
        ],
        "access": {
          "longitude": -54.56241951,
          "latitude": -16.46746814,
          "label": "Rua Projetada 6 / Rua 02",
          "frontage_m": 10.58,
          "confidence": "memorial"
        },
        "memorial_path": "memoriais/Q01/L13.pdf",
        "status_default": "nao_informado",
        "technical_review": []
      },
      "geometry": {
        "type": "Polygon",
        "coordinates": [
          [
            [
              -54.56241165742816,
              -16.46742406443016
            ],
            [
              -54.56240030409784,
              -16.467513721274774
            ],
            [
              -54.56263638983521,
              -16.467541500900943
            ],
            [
              -54.562652304254755,
              -16.4674576602558
            ],
            [
              -54.562653286259355,
              -16.467452495720373
            ],
            [
              -54.56241165742816,
              -16.46742406443016
            ]
          ]
        ]
      }
    },
    {
      "type": "Feature",
      "id": "Q01-L14",
      "properties": {
        "quadra": 1,
        "lote": 14,
        "area_m2": 251.08,
        "center": [
          -54.56251132,
          -16.4675721
        ],
        "source_polygon": "PLINHA-449",
        "geometry_source": "memorial_descritivo",
        "match_distance_m": 0.0,
        "perimeter_m": 70.23,
        "frontage_m": 10.0,
        "dimensions": [
          {
            "from": "27",
            "to": "29",
            "label": "Rua Projetada 6",
            "length_m": 10.0
          },
          {
            "from": "29",
            "to": "30",
            "label": "Lote 15",
            "length_m": 24.81
          },
          {
            "from": "30",
            "to": "28",
            "label": "Área Verde 02",
            "length_m": 10.02
          },
          {
            "from": "28",
            "to": "27",
            "label": "Lote 13",
            "length_m": 25.41
          }
        ],
        "access": {
          "longitude": -54.56239463,
          "latitude": -16.46755855,
          "label": "Rua Projetada 6",
          "frontage_m": 10.0,
          "confidence": "memorial"
        },
        "memorial_path": "memoriais/Q01/L14.pdf",
        "status_default": "nao_informado",
        "technical_review": []
      },
      "geometry": {
        "type": "Polygon",
        "coordinates": [
          [
            [
              -54.56240030409784,
              -16.467513721274774
            ],
            [
              -54.56238896011133,
              -16.467603378225665
            ],
            [
              -54.562619493389974,
              -16.46763050607738
            ],
            [
              -54.56263638983521,
              -16.467541500900943
            ],
            [
              -54.56240030409784,
              -16.467513721274774
            ]
          ]
        ]
      }
    },
    {
      "type": "Feature",
      "id": "Q01-L15",
      "properties": {
        "quadra": 1,
        "lote": 15,
        "area_m2": 245.11,
        "center": [
          -54.56249719,
          -16.46766143
        ],
        "source_polygon": "PLINHA-450",
        "geometry_source": "memorial_descritivo",
        "match_distance_m": 0.001,
        "perimeter_m": 69.04,
        "frontage_m": 10.0,
        "dimensions": [
          {
            "from": "29",
            "to": "31",
            "label": "Rua Projetada 6",
            "length_m": 10.0
          },
          {
            "from": "31",
            "to": "32",
            "label": "Lote 16",
            "length_m": 24.21
          },
          {
            "from": "32",
            "to": "30",
            "label": "Área Verde 02",
            "length_m": 10.02
          },
          {
            "from": "30",
            "to": "29",
            "label": "Lote 14",
            "length_m": 24.81
          }
        ],
        "access": {
          "longitude": -54.56238328,
          "latitude": -16.46764821,
          "label": "Rua Projetada 6",
          "frontage_m": 10.0,
          "confidence": "memorial"
        },
        "memorial_path": "memoriais/Q01/L15.pdf",
        "status_default": "nao_informado",
        "technical_review": []
      },
      "geometry": {
        "type": "Polygon",
        "coordinates": [
          [
            [
              -54.56238896011133,
              -16.467603378225665
            ],
            [
              -54.56237760674841,
              -16.46769303506485
            ],
            [
              -54.562602587563525,
              -16.46771951114073
            ],
            [
              -54.562619493389974,
              -16.46763050607738
            ],
            [
              -54.56238896011133,
              -16.467603378225665
            ]
          ]
        ]
      }
    },
    {
      "type": "Feature",
      "id": "Q01-L16",
      "properties": {
        "quadra": 1,
        "lote": 16,
        "area_m2": 239.14,
        "center": [
          -54.56248307,
          -16.46775075
        ],
        "source_polygon": "PLINHA-451",
        "geometry_source": "memorial_descritivo",
        "match_distance_m": 0.001,
        "perimeter_m": 67.85,
        "frontage_m": 20.02,
        "dimensions": [
          {
            "from": "31",
            "to": "33",
            "label": "Rua Projetada 6",
            "length_m": 10.0
          },
          {
            "from": "33",
            "to": "34",
            "label": "Lote 17",
            "length_m": 23.61
          },
          {
            "from": "34",
            "to": "32",
            "label": "Rua Verde 02",
            "length_m": 10.02
          },
          {
            "from": "32",
            "to": "31",
            "label": "Lote 15",
            "length_m": 24.21
          }
        ],
        "access": {
          "longitude": -54.56248315,
          "latitude": -16.46775095,
          "label": "Rua Projetada 6 / Rua Verde 02",
          "frontage_m": 20.02,
          "confidence": "memorial"
        },
        "memorial_path": "memoriais/Q01/L16.pdf",
        "status_default": "nao_informado",
        "technical_review": []
      },
      "geometry": {
        "type": "Polygon",
        "coordinates": [
          [
            [
              -54.56237760674841,
              -16.46769303506485
            ],
            [
              -54.562366262729306,
              -16.467782692010324
            ],
            [
              -54.56258569107608,
              -16.46780851630893
            ],
            [
              -54.562602587563525,
              -16.46771951114073
            ],
            [
              -54.56237760674841,
              -16.46769303506485
            ]
          ]
        ]
      }
    },
    {
      "type": "Feature",
      "id": "Q01-L17",
      "properties": {
        "quadra": 1,
        "lote": 17,
        "area_m2": 233.16,
        "center": [
          -54.56246895,
          -16.46784008
        ],
        "source_polygon": "PLINHA-441",
        "geometry_source": "memorial_descritivo",
        "match_distance_m": 0.001,
        "perimeter_m": 66.65,
        "frontage_m": 10.0,
        "dimensions": [
          {
            "from": "33",
            "to": "35",
            "label": "Rua Projetada 6",
            "length_m": 10.0
          },
          {
            "from": "35",
            "to": "36",
            "label": "Lote 18",
            "length_m": 23.02
          },
          {
            "from": "36",
            "to": "34",
            "label": "Área Verde 02",
            "length_m": 10.02
          },
          {
            "from": "34",
            "to": "33",
            "label": "Lote 16",
            "length_m": 23.61
          }
        ],
        "access": {
          "longitude": -54.56236059,
          "latitude": -16.46782752,
          "label": "Rua Projetada 6",
          "frontage_m": 10.0,
          "confidence": "memorial"
        },
        "memorial_path": "memoriais/Q01/L17.pdf",
        "status_default": "nao_informado",
        "technical_review": []
      },
      "geometry": {
        "type": "Polygon",
        "coordinates": [
          [
            [
              -54.562366262729306,
              -16.467782692010324
            ],
            [
              -54.562354918693906,
              -16.467872348953087
            ],
            [
              -54.56256879456754,
              -16.467897521473017
            ],
            [
              -54.56258569107608,
              -16.46780851630893
            ],
            [
              -54.562366262729306,
              -16.467782692010324
            ]
          ]
        ]
      }
    },
    {
      "type": "Feature",
      "id": "Q01-L18",
      "properties": {
        "quadra": 1,
        "lote": 18,
        "area_m2": 227.19,
        "center": [
          -54.56245482,
          -16.46792941
        ],
        "source_polygon": "PLINHA-442",
        "geometry_source": "memorial_descritivo",
        "match_distance_m": 0.001,
        "perimeter_m": 65.45,
        "frontage_m": 10.0,
        "dimensions": [
          {
            "from": "35",
            "to": "37",
            "label": "Rua Projetada 6",
            "length_m": 10.0
          },
          {
            "from": "37",
            "to": "38",
            "label": "Lote 19",
            "length_m": 22.42
          },
          {
            "from": "38",
            "to": "36",
            "label": "Área Verde 02",
            "length_m": 10.02
          },
          {
            "from": "36",
            "to": "35",
            "label": "Lote 17",
            "length_m": 23.02
          }
        ],
        "access": {
          "longitude": -54.56234924,
          "latitude": -16.46791718,
          "label": "Rua Projetada 6",
          "frontage_m": 10.0,
          "confidence": "memorial"
        },
        "memorial_path": "memoriais/Q01/L18.pdf",
        "status_default": "nao_informado",
        "technical_review": []
      },
      "geometry": {
        "type": "Polygon",
        "coordinates": [
          [
            [
              -54.562354918693906,
              -16.467872348953087
            ],
            [
              -54.56234356516914,
              -16.46796201481592
            ],
            [
              -54.562551888677774,
              -16.467986526523998
            ],
            [
              -54.56256879456754,
              -16.467897521473017
            ],
            [
              -54.562354918693906,
              -16.467872348953087
            ]
          ]
        ]
      }
    },
    {
      "type": "Feature",
      "id": "Q01-L19",
      "properties": {
        "quadra": 1,
        "lote": 19,
        "area_m2": 223.18,
        "center": [
          -54.56244064,
          -16.46801913
        ],
        "source_polygon": "PLINHA-443",
        "geometry_source": "memorial_descritivo",
        "match_distance_m": 0.001,
        "perimeter_m": 64.43,
        "frontage_m": 10.09,
        "dimensions": [
          {
            "from": "37",
            "to": "39",
            "label": "Rua Projetada 6",
            "length_m": 10.09
          },
          {
            "from": "39",
            "to": "40",
            "label": "RMI 03",
            "length_m": 21.82
          },
          {
            "from": "40",
            "to": "38",
            "label": "Área Verde 02",
            "length_m": 10.11
          },
          {
            "from": "38",
            "to": "37",
            "label": "Lote 18",
            "length_m": 22.42
          }
        ],
        "access": {
          "longitude": -54.56233784,
          "latitude": -16.46800724,
          "label": "Rua Projetada 6",
          "frontage_m": 10.09,
          "confidence": "memorial"
        },
        "memorial_path": "memoriais/Q01/L19.pdf",
        "status_default": "nao_informado",
        "technical_review": []
      },
      "geometry": {
        "type": "Polygon",
        "coordinates": [
          [
            [
              -54.56234356516914,
              -16.46796201481592
            ],
            [
              -54.56233211767239,
              -16.46805245642875
            ],
            [
              -54.562534832086484,
              -16.46807635182875
            ],
            [
              -54.562551888677774,
              -16.467986526523998
            ],
            [
              -54.56234356516914,
              -16.46796201481592
            ]
          ]
        ]
      }
    },
    {
      "type": "Feature",
      "id": "Q02-L01",
      "properties": {
        "quadra": 2,
        "lote": 1,
        "area_m2": 231.57,
        "center": [
          -54.56232682,
          -16.46635835
        ],
        "source_polygon": "PLINHA-431",
        "geometry_source": "memorial_descritivo",
        "match_distance_m": 0.001,
        "perimeter_m": 61.78,
        "frontage_m": 29.41,
        "dimensions": [
          {
            "from": "45",
            "to": "48",
            "label": "Lote 12",
            "length_m": 11.75
          },
          {
            "from": "48",
            "to": "49",
            "label": "Lote 2",
            "length_m": 20.0
          },
          {
            "from": "49",
            "to": "50",
            "label": "Rua Projetada 06",
            "length_m": 7.75
          },
          {
            "from": "50",
            "to": "44",
            "label": "Rua Projetada 06",
            "length_m": 5.66
          },
          {
            "from": "44",
            "to": "45",
            "label": "Rua Projetada 05",
            "length_m": 16.0
          }
        ],
        "access": {
          "longitude": -54.56236239,
          "latitude": -16.46633002,
          "label": "Rua Projetada 06 / Rua Projetada 05",
          "frontage_m": 29.41,
          "confidence": "memorial"
        },
        "memorial_path": "memoriais/Q02/L01.pdf",
        "status_default": "nao_informado",
        "technical_review": []
      },
      "geometry": {
        "type": "Polygon",
        "coordinates": [
          [
            [
              -54.56224359332208,
              -16.466293610941115
            ],
            [
              -54.562230255750805,
              -16.466398962276912
            ],
            [
              -54.562416076977144,
              -16.466420890384676
            ],
            [
              -54.56242487505305,
              -16.466351401791663
            ],
            [
              -54.56239225764169,
              -16.466311158926423
            ],
            [
              -54.56224359332208,
              -16.466293610941115
            ]
          ]
        ]
      }
    },
    {
      "type": "Feature",
      "id": "Q02-L02",
      "properties": {
        "quadra": 2,
        "lote": 2,
        "area_m2": 200.0,
        "center": [
          -54.56231749,
          -16.46645476
        ],
        "source_polygon": "PLINHA-433",
        "geometry_source": "memorial_descritivo",
        "match_distance_m": 0.001,
        "perimeter_m": 60.0,
        "frontage_m": 10.0,
        "dimensions": [
          {
            "from": "48",
            "to": "52",
            "label": "Lote 13",
            "length_m": 10.0
          },
          {
            "from": "52",
            "to": "53",
            "label": "Lote 3",
            "length_m": 20.0
          },
          {
            "from": "53",
            "to": "49",
            "label": "Rua Projetada 6",
            "length_m": 10.0
          },
          {
            "from": "49",
            "to": "48",
            "label": "Lote 1",
            "length_m": 20.0
          }
        ],
        "access": {
          "longitude": -54.56241041,
          "latitude": -16.46646572,
          "label": "Rua Projetada 6",
          "frontage_m": 10.0,
          "confidence": "memorial"
        },
        "memorial_path": "memoriais/Q02/L02.pdf",
        "status_default": "nao_informado",
        "technical_review": []
      },
      "geometry": {
        "type": "Polygon",
        "coordinates": [
          [
            [
              -54.562230255750805,
              -16.466398962276912
            ],
            [
              -54.56221890246601,
              -16.466488619116458
            ],
            [
              -54.562404733133775,
              -16.466510547354407
            ],
            [
              -54.562416076977144,
              -16.466420890384676
            ],
            [
              -54.562230255750805,
              -16.466398962276912
            ]
          ]
        ]
      }
    },
    {
      "type": "Feature",
      "id": "Q02-L03",
      "properties": {
        "quadra": 2,
        "lote": 3,
        "area_m2": 200.0,
        "center": [
          -54.56230614,
          -16.46654441
        ],
        "source_polygon": "PLINHA-436",
        "geometry_source": "memorial_descritivo",
        "match_distance_m": 0.0,
        "perimeter_m": 60.0,
        "frontage_m": 10.0,
        "dimensions": [
          {
            "from": "52",
            "to": "55",
            "label": "Lote 14",
            "length_m": 10.0
          },
          {
            "from": "55",
            "to": "56",
            "label": "Lote 4",
            "length_m": 20.0
          },
          {
            "from": "56",
            "to": "53",
            "label": "Rua Projetada 6",
            "length_m": 10.0
          },
          {
            "from": "53",
            "to": "52",
            "label": "Lote 2",
            "length_m": 20.0
          }
        ],
        "access": {
          "longitude": -54.56239906,
          "latitude": -16.46655538,
          "label": "Rua Projetada 6",
          "frontage_m": 10.0,
          "confidence": "memorial"
        },
        "memorial_path": "memoriais/Q02/L03.pdf",
        "status_default": "nao_informado",
        "technical_review": []
      },
      "geometry": {
        "type": "Polygon",
        "coordinates": [
          [
            [
              -54.56221890246601,
              -16.466488619116458
            ],
            [
              -54.5622075491649,
              -16.466578275953292
            ],
            [
              -54.56239337991406,
              -16.466600204212437
            ],
            [
              -54.562404733133775,
              -16.466510547354407
            ],
            [
              -54.56221890246601,
              -16.466488619116458
            ]
          ]
        ]
      }
    },
    {
      "type": "Feature",
      "id": "Q02-L04",
      "properties": {
        "quadra": 2,
        "lote": 4,
        "area_m2": 205.87,
        "center": [
          -54.56229457,
          -16.46663538
        ],
        "source_polygon": "PLINHA-437",
        "geometry_source": "memorial_descritivo",
        "match_distance_m": 0.001,
        "perimeter_m": 60.59,
        "frontage_m": 10.28,
        "dimensions": [
          {
            "from": "55",
            "to": "58",
            "label": "Lote 15",
            "length_m": 10.31
          },
          {
            "from": "58",
            "to": "59",
            "label": "Lote 5",
            "length_m": 20.0
          },
          {
            "from": "59",
            "to": "56",
            "label": "Rua Projetada 6",
            "length_m": 10.28
          },
          {
            "from": "56",
            "to": "55",
            "label": "Lote 3",
            "length_m": 20.0
          }
        ],
        "access": {
          "longitude": -54.56238755,
          "latitude": -16.46664628,
          "label": "Rua Projetada 6",
          "frontage_m": 10.28,
          "confidence": "memorial"
        },
        "memorial_path": "memoriais/Q02/L04.pdf",
        "status_default": "nao_informado",
        "technical_review": []
      },
      "geometry": {
        "type": "Polygon",
        "coordinates": [
          [
            [
              -54.5622075491649,
              -16.466578275953292
            ],
            [
              -54.56219584270213,
              -16.46667071990381
            ],
            [
              -54.56238171470272,
              -16.46669235057175
            ],
            [
              -54.56239337991406,
              -16.466600204212437
            ],
            [
              -54.5622075491649,
              -16.466578275953292
            ]
          ]
        ]
      }
    },
    {
      "type": "Feature",
      "id": "Q02-L05",
      "properties": {
        "quadra": 2,
        "lote": 5,
        "area_m2": 210.0,
        "center": [
          -54.56228282,
          -16.4667286
        ],
        "source_polygon": "PLINHA-440",
        "geometry_source": "memorial_descritivo",
        "match_distance_m": 0.001,
        "perimeter_m": 61.0,
        "frontage_m": 10.5,
        "dimensions": [
          {
            "from": "58",
            "to": "61",
            "label": "Lote 16",
            "length_m": 10.5
          },
          {
            "from": "61",
            "to": "62",
            "label": "Lote 6",
            "length_m": 20.0
          },
          {
            "from": "62",
            "to": "59",
            "label": "Rua Projetada 6",
            "length_m": 10.5
          },
          {
            "from": "59",
            "to": "58",
            "label": "Lote 4",
            "length_m": 20.0
          }
        ],
        "access": {
          "longitude": -54.56237575,
          "latitude": -16.46673942,
          "label": "Rua Projetada 6",
          "frontage_m": 10.5,
          "confidence": "memorial"
        },
        "memorial_path": "memoriais/Q02/L05.pdf",
        "status_default": "nao_informado",
        "technical_review": []
      },
      "geometry": {
        "type": "Polygon",
        "coordinates": [
          [
            [
              -54.56219584270213,
              -16.46667071990381
            ],
            [
              -54.56218392778482,
              -16.466764859647476
            ],
            [
              -54.562369790510864,
              -16.4667864902287
            ],
            [
              -54.56238171470272,
              -16.46669235057175
            ],
            [
              -54.56219584270213,
              -16.46667071990381
            ]
          ]
        ]
      }
    },
    {
      "type": "Feature",
      "id": "Q02-L06",
      "properties": {
        "quadra": 2,
        "lote": 6,
        "area_m2": 210.04,
        "center": [
          -54.56227088,
          -16.46682275
        ],
        "source_polygon": "PLINHA-430",
        "geometry_source": "memorial_descritivo",
        "match_distance_m": 0.0,
        "perimeter_m": 61.01,
        "frontage_m": 10.5,
        "dimensions": [
          {
            "from": "61",
            "to": "64",
            "label": "Lote 17",
            "length_m": 10.5
          },
          {
            "from": "64",
            "to": "65",
            "label": "Lote 7",
            "length_m": 20.01
          },
          {
            "from": "65",
            "to": "62",
            "label": "Rua Projetada 6",
            "length_m": 10.5
          },
          {
            "from": "62",
            "to": "61",
            "label": "Lote 5",
            "length_m": 20.0
          }
        ],
        "access": {
          "longitude": -54.56236383,
          "latitude": -16.46683356,
          "label": "Rua Projetada 6",
          "frontage_m": 10.5,
          "confidence": "memorial"
        },
        "memorial_path": "memoriais/Q02/L06.pdf",
        "status_default": "nao_informado",
        "technical_review": []
      },
      "geometry": {
        "type": "Polygon",
        "coordinates": [
          [
            [
              -54.56218392778482,
              -16.466764859647476
            ],
            [
              -54.5621719287219,
              -16.466858989375407
            ],
            [
              -54.56235787566109,
              -16.466880629991643
            ],
            [
              -54.562369790510864,
              -16.4667864902287
            ],
            [
              -54.56218392778482,
              -16.466764859647476
            ]
          ]
        ]
      }
    },
    {
      "type": "Feature",
      "id": "Q02-L07",
      "properties": {
        "quadra": 2,
        "lote": 7,
        "area_m2": 210.0,
        "center": [
          -54.56225898,
          -16.46691688
        ],
        "source_polygon": "PLINHA-426",
        "geometry_source": "memorial_descritivo",
        "match_distance_m": 0.0,
        "perimeter_m": 61.0,
        "frontage_m": 10.5,
        "dimensions": [
          {
            "from": "64",
            "to": "67",
            "label": "Lote 18",
            "length_m": 10.5
          },
          {
            "from": "67",
            "to": "68",
            "label": "Lote 8",
            "length_m": 20.0
          },
          {
            "from": "68",
            "to": "65",
            "label": "Rua Projetada 6",
            "length_m": 10.5
          },
          {
            "from": "65",
            "to": "64",
            "label": "Lote 6",
            "length_m": 20.0
          }
        ],
        "access": {
          "longitude": -54.56235191,
          "latitude": -16.4669277,
          "label": "Rua Projetada 6",
          "frontage_m": 10.5,
          "confidence": "memorial"
        },
        "memorial_path": "memoriais/Q02/L07.pdf",
        "status_default": "nao_informado",
        "technical_review": []
      },
      "geometry": {
        "type": "Polygon",
        "coordinates": [
          [
            [
              -54.56217200348948,
              -16.466858999279168
            ],
            [
              -54.56216008853623,
              -16.46695313901685
            ],
            [
              -54.562345951433294,
              -16.4669747696426
            ],
            [
              -54.56235787566109,
              -16.466880629991643
            ],
            [
              -54.56217200348948,
              -16.466858999279168
            ]
          ]
        ]
      }
    },
    {
      "type": "Feature",
      "id": "Q02-L08",
      "properties": {
        "quadra": 2,
        "lote": 8,
        "area_m2": 210.0,
        "center": [
          -54.56224706,
          -16.46701102
        ],
        "source_polygon": "PLINHA-427",
        "geometry_source": "memorial_descritivo",
        "match_distance_m": 0.0,
        "perimeter_m": 61.0,
        "frontage_m": 10.5,
        "dimensions": [
          {
            "from": "67",
            "to": "70",
            "label": "Lote 19",
            "length_m": 10.5
          },
          {
            "from": "70",
            "to": "71",
            "label": "Lote 9",
            "length_m": 20.0
          },
          {
            "from": "71",
            "to": "68",
            "label": "Rua Projetada 6",
            "length_m": 10.5
          },
          {
            "from": "68",
            "to": "67",
            "label": "Lote 7",
            "length_m": 20.0
          }
        ],
        "access": {
          "longitude": -54.56233999,
          "latitude": -16.46702184,
          "label": "Rua Projetada 6",
          "frontage_m": 10.5,
          "confidence": "memorial"
        },
        "memorial_path": "memoriais/Q02/L08.pdf",
        "status_default": "nao_informado",
        "technical_review": []
      },
      "geometry": {
        "type": "Polygon",
        "coordinates": [
          [
            [
              -54.56216008853623,
              -16.46695313901685
            ],
            [
              -54.562148164204935,
              -16.467047278642557
            ],
            [
              -54.56233403654759,
              -16.467068909399565
            ],
            [
              -54.562345951433294,
              -16.4669747696426
            ],
            [
              -54.56216008853623,
              -16.46695313901685
            ]
          ]
        ]
      }
    },
    {
      "type": "Feature",
      "id": "Q02-L09",
      "properties": {
        "quadra": 2,
        "lote": 9,
        "area_m2": 210.0,
        "center": [
          -54.56223514,
          -16.46710516
        ],
        "source_polygon": "PLINHA-419",
        "geometry_source": "memorial_descritivo",
        "match_distance_m": 0.001,
        "perimeter_m": 61.0,
        "frontage_m": 10.5,
        "dimensions": [
          {
            "from": "70",
            "to": "73",
            "label": "Lote 20",
            "length_m": 10.5
          },
          {
            "from": "73",
            "to": "74",
            "label": "Lote 10",
            "length_m": 20.0
          },
          {
            "from": "74",
            "to": "71",
            "label": "Rua Projetada 6",
            "length_m": 10.5
          },
          {
            "from": "71",
            "to": "70",
            "label": "Lote 8",
            "length_m": 20.0
          }
        ],
        "access": {
          "longitude": -54.56232807,
          "latitude": -16.46711598,
          "label": "Rua Projetada 6",
          "frontage_m": 10.5,
          "confidence": "memorial"
        },
        "memorial_path": "memoriais/Q02/L09.pdf",
        "status_default": "nao_informado",
        "technical_review": []
      },
      "geometry": {
        "type": "Polygon",
        "coordinates": [
          [
            [
              -54.562148164204935,
              -16.467047278642557
            ],
            [
              -54.56213624921575,
              -16.467141418374265
            ],
            [
              -54.56232211228383,
              -16.46716304904456
            ],
            [
              -54.56233403654759,
              -16.467068909399565
            ],
            [
              -54.562148164204935,
              -16.467047278642557
            ]
          ]
        ]
      }
    },
    {
      "type": "Feature",
      "id": "Q02-L10",
      "properties": {
        "quadra": 2,
        "lote": 10,
        "area_m2": 210.0,
        "center": [
          -54.56222322,
          -16.4671993
        ],
        "source_polygon": "PLINHA-420",
        "geometry_source": "memorial_descritivo",
        "match_distance_m": 0.001,
        "perimeter_m": 61.0,
        "frontage_m": 10.5,
        "dimensions": [
          {
            "from": "73",
            "to": "76",
            "label": "Lote 21",
            "length_m": 10.5
          },
          {
            "from": "76",
            "to": "77",
            "label": "Lote 11",
            "length_m": 20.0
          },
          {
            "from": "77",
            "to": "74",
            "label": "Rua Projetada 6",
            "length_m": 10.5
          },
          {
            "from": "74",
            "to": "73",
            "label": "Lote 9",
            "length_m": 20.0
          }
        ],
        "access": {
          "longitude": -54.56231616,
          "latitude": -16.46721012,
          "label": "Rua Projetada 6",
          "frontage_m": 10.5,
          "confidence": "memorial"
        },
        "memorial_path": "memoriais/Q02/L10.pdf",
        "status_default": "nao_informado",
        "technical_review": []
      },
      "geometry": {
        "type": "Polygon",
        "coordinates": [
          [
            [
              -54.56213624921575,
              -16.467141418374265
            ],
            [
              -54.562124324848504,
              -16.467235557993984
            ],
            [
              -54.562310197362194,
              -16.46725718879554
            ],
            [
              -54.56232211228383,
              -16.46716304904456
            ],
            [
              -54.56213624921575,
              -16.467141418374265
            ]
          ]
        ]
      }
    },
    {
      "type": "Feature",
      "id": "Q02-L11",
      "properties": {
        "quadra": 2,
        "lote": 11,
        "area_m2": 210.0,
        "center": [
          -54.5622113,
          -16.46729344
        ],
        "source_polygon": "PLINHA-423",
        "geometry_source": "memorial_descritivo",
        "match_distance_m": 0.001,
        "perimeter_m": 61.0,
        "frontage_m": 30.5,
        "dimensions": [
          {
            "from": "76",
            "to": "79",
            "label": "Lote 22",
            "length_m": 10.5
          },
          {
            "from": "79",
            "to": "80",
            "label": "Alameda Projetada 01",
            "length_m": 20.0
          },
          {
            "from": "80",
            "to": "77",
            "label": "Rua Projetada 6",
            "length_m": 10.5
          },
          {
            "from": "77",
            "to": "76",
            "label": "Lote 10",
            "length_m": 20.0
          }
        ],
        "access": {
          "longitude": -54.56223939,
          "latitude": -16.46732803,
          "label": "Alameda Projetada 01 / Rua Projetada 6",
          "frontage_m": 30.5,
          "confidence": "memorial"
        },
        "memorial_path": "memoriais/Q02/L11.pdf",
        "status_default": "nao_informado",
        "technical_review": []
      },
      "geometry": {
        "type": "Polygon",
        "coordinates": [
          [
            [
              -54.562124324848504,
              -16.467235557993984
            ],
            [
              -54.56211240982338,
              -16.467329697719705
            ],
            [
              -54.56229828242258,
              -16.46735132854354
            ],
            [
              -54.562310197362194,
              -16.46725718879554
            ],
            [
              -54.562124324848504,
              -16.467235557993984
            ]
          ]
        ]
      }
    },
    {
      "type": "Feature",
      "id": "Q02-L12",
      "properties": {
        "quadra": 2,
        "lote": 12,
        "area_m2": 231.96,
        "center": [
          -54.56214651,
          -16.46633707
        ],
        "source_polygon": "PLINHA-432",
        "geometry_source": "memorial_descritivo",
        "match_distance_m": 0.0,
        "perimeter_m": 61.85,
        "frontage_m": 29.44,
        "dimensions": [
          {
            "from": "46",
            "to": "46A",
            "label": "Rua Projetada 7",
            "length_m": 5.66
          },
          {
            "from": "46A",
            "to": "47",
            "label": "Rua Projetada 7",
            "length_m": 7.75
          },
          {
            "from": "47",
            "to": "48",
            "label": "Lote 13",
            "length_m": 20.03
          },
          {
            "from": "48",
            "to": "45",
            "label": "Lote 1",
            "length_m": 11.75
          },
          {
            "from": "45",
            "to": "46",
            "label": "Rua Projetada 5",
            "length_m": 16.03
          }
        ],
        "access": {
          "longitude": -54.56211903,
          "latitude": -16.46630128,
          "label": "Rua Projetada 7 / Rua Projetada 5",
          "frontage_m": 29.44,
          "confidence": "memorial"
        },
        "memorial_path": "memoriais/Q02/L12.pdf",
        "status_default": "nao_informado",
        "technical_review": []
      },
      "geometry": {
        "type": "Polygon",
        "coordinates": [
          [
            [
              -54.56209462050184,
              -16.466276032161435
            ],
            [
              -54.5620529054163,
              -16.46630752357092
            ],
            [
              -54.562044126160146,
              -16.466376994285476
            ],
            [
              -54.562230255750805,
              -16.466398962276912
            ],
            [
              -54.56224359332208,
              -16.466293610941115
            ],
            [
              -54.56209462050184,
              -16.466276032161435
            ]
          ]
        ]
      }
    },
    {
      "type": "Feature",
      "id": "Q02-L13",
      "properties": {
        "quadra": 2,
        "lote": 13,
        "area_m2": 200.31,
        "center": [
          -54.56213152,
          -16.46643281
        ],
        "source_polygon": "PLINHA-434",
        "geometry_source": "memorial_descritivo",
        "match_distance_m": 0.0,
        "perimeter_m": 60.06,
        "frontage_m": 10.0,
        "dimensions": [
          {
            "from": "47",
            "to": "51",
            "label": "Rua Projetada 7",
            "length_m": 10.0
          },
          {
            "from": "51",
            "to": "52",
            "label": "Lote 14",
            "length_m": 20.03
          },
          {
            "from": "52",
            "to": "48",
            "label": "Lote 2",
            "length_m": 10.0
          },
          {
            "from": "48",
            "to": "47",
            "label": "Lote 12",
            "length_m": 20.03
          }
        ],
        "access": {
          "longitude": -54.56203846,
          "latitude": -16.46642182,
          "label": "Rua Projetada 7",
          "frontage_m": 10.0,
          "confidence": "memorial"
        },
        "memorial_path": "memoriais/Q02/L13.pdf",
        "status_default": "nao_informado",
        "technical_review": []
      },
      "geometry": {
        "type": "Polygon",
        "coordinates": [
          [
            [
              -54.562044126160146,
              -16.466376994285476
            ],
            [
              -54.56203279151392,
              -16.466466651321777
            ],
            [
              -54.56221890246601,
              -16.466488619116458
            ],
            [
              -54.562230255750805,
              -16.466398962276912
            ],
            [
              -54.562044126160146,
              -16.466376994285476
            ]
          ]
        ]
      }
    },
    {
      "type": "Feature",
      "id": "Q02-L14",
      "properties": {
        "quadra": 2,
        "lote": 14,
        "area_m2": 200.29,
        "center": [
          -54.56212017,
          -16.46652247
        ],
        "source_polygon": "PLINHA-435",
        "geometry_source": "memorial_descritivo",
        "match_distance_m": 0.0,
        "perimeter_m": 60.06,
        "frontage_m": 10.0,
        "dimensions": [
          {
            "from": "51",
            "to": "54",
            "label": "Rua Projetada 7",
            "length_m": 10.0
          },
          {
            "from": "54",
            "to": "55",
            "label": "Lote 15",
            "length_m": 20.03
          },
          {
            "from": "55",
            "to": "52",
            "label": "Lote 3",
            "length_m": 10.0
          },
          {
            "from": "52",
            "to": "51",
            "label": "Lote 13",
            "length_m": 20.03
          }
        ],
        "access": {
          "longitude": -54.56202712,
          "latitude": -16.46651148,
          "label": "Rua Projetada 7",
          "frontage_m": 10.0,
          "confidence": "memorial"
        },
        "memorial_path": "memoriais/Q02/L14.pdf",
        "status_default": "nao_informado",
        "technical_review": []
      },
      "geometry": {
        "type": "Polygon",
        "coordinates": [
          [
            [
              -54.56203279151392,
              -16.466466651321777
            ],
            [
              -54.56202145673845,
              -16.46655631738717
            ],
            [
              -54.5622075491649,
              -16.466578275953292
            ],
            [
              -54.56221890246601,
              -16.466488619116458
            ],
            [
              -54.56203279151392,
              -16.466466651321777
            ]
          ]
        ]
      }
    },
    {
      "type": "Feature",
      "id": "Q02-L15",
      "properties": {
        "quadra": 2,
        "lote": 15,
        "area_m2": 208.82,
        "center": [
          -54.5621086,
          -16.46661359
        ],
        "source_polygon": "PLINHA-438",
        "geometry_source": "memorial_descritivo",
        "match_distance_m": 0.001,
        "perimeter_m": 60.7,
        "frontage_m": 10.34,
        "dimensions": [
          {
            "from": "54",
            "to": "57",
            "label": "Rua Projetada 7",
            "length_m": 10.34
          },
          {
            "from": "57",
            "to": "58",
            "label": "Lote 16",
            "length_m": 20.03
          },
          {
            "from": "58",
            "to": "55",
            "label": "Lote 4",
            "length_m": 10.31
          },
          {
            "from": "55",
            "to": "54",
            "label": "Lote 14",
            "length_m": 20.03
          }
        ],
        "access": {
          "longitude": -54.5620156,
          "latitude": -16.46660269,
          "label": "Rua Projetada 7",
          "frontage_m": 10.34,
          "confidence": "memorial"
        },
        "memorial_path": "memoriais/Q02/L15.pdf",
        "status_default": "nao_informado",
        "technical_review": [
          "área memorial 208.82, KML [206.82]"
        ]
      },
      "geometry": {
        "type": "Polygon",
        "coordinates": [
          [
            [
              -54.56202145673845,
              -16.46655631738717
            ],
            [
              -54.56200973710376,
              -16.46664905925573
            ],
            [
              -54.56219584270213,
              -16.46667071990381
            ],
            [
              -54.5622075491649,
              -16.466578275953292
            ],
            [
              -54.56202145673845,
              -16.46655631738717
            ]
          ]
        ]
      }
    },
    {
      "type": "Feature",
      "id": "Q02-L16",
      "properties": {
        "quadra": 2,
        "lote": 16,
        "area_m2": 210.26,
        "center": [
          -54.56209683,
          -16.46670696
        ],
        "source_polygon": "PLINHA-439",
        "geometry_source": "memorial_descritivo",
        "match_distance_m": 0.001,
        "perimeter_m": 61.05,
        "frontage_m": 10.5,
        "dimensions": [
          {
            "from": "57",
            "to": "60",
            "label": "Rua Projetada 7",
            "length_m": 10.5
          },
          {
            "from": "60",
            "to": "61",
            "label": "Lote 17",
            "length_m": 20.02
          },
          {
            "from": "61",
            "to": "58",
            "label": "Lote 5",
            "length_m": 10.5
          },
          {
            "from": "58",
            "to": "57",
            "label": "Lote 15",
            "length_m": 20.03
          }
        ],
        "access": {
          "longitude": -54.56200378,
          "latitude": -16.46669613,
          "label": "Rua Projetada 7",
          "frontage_m": 10.5,
          "confidence": "memorial"
        },
        "memorial_path": "memoriais/Q02/L16.pdf",
        "status_default": "nao_informado",
        "technical_review": []
      },
      "geometry": {
        "type": "Polygon",
        "coordinates": [
          [
            [
              -54.56200973710376,
              -16.46664905925573
            ],
            [
              -54.56199783146089,
              -16.466743199086107
            ],
            [
              -54.56218392778482,
              -16.466764859647476
            ],
            [
              -54.56219584270213,
              -16.46667071990381
            ],
            [
              -54.56200973710376,
              -16.46664905925573
            ]
          ]
        ]
      }
    },
    {
      "type": "Feature",
      "id": "Q02-L17",
      "properties": {
        "quadra": 2,
        "lote": 17,
        "area_m2": 210.2,
        "center": [
          -54.56208491,
          -16.46680109
        ],
        "source_polygon": "PLINHA-429",
        "geometry_source": "memorial_descritivo",
        "match_distance_m": 0.0,
        "perimeter_m": 61.04,
        "frontage_m": 10.5,
        "dimensions": [
          {
            "from": "60",
            "to": "63",
            "label": "Rua Projetada 7",
            "length_m": 10.5
          },
          {
            "from": "63",
            "to": "64",
            "label": "Lote 18",
            "length_m": 20.01
          },
          {
            "from": "64",
            "to": "61",
            "label": "Lote 6",
            "length_m": 10.5
          },
          {
            "from": "61",
            "to": "60",
            "label": "Lote 16",
            "length_m": 20.02
          }
        ],
        "access": {
          "longitude": -54.56199188,
          "latitude": -16.46679027,
          "label": "Rua Projetada 7",
          "frontage_m": 10.5,
          "confidence": "memorial"
        },
        "memorial_path": "memoriais/Q02/L17.pdf",
        "status_default": "nao_informado",
        "technical_review": []
      },
      "geometry": {
        "type": "Polygon",
        "coordinates": [
          [
            [
              -54.56199783146089,
              -16.466743199086107
            ],
            [
              -54.561985935160116,
              -16.466837339022497
            ],
            [
              -54.5621719287219,
              -16.466858989375407
            ],
            [
              -54.56218392778482,
              -16.466764859647476
            ],
            [
              -54.56199783146089,
              -16.466743199086107
            ]
          ]
        ]
      }
    },
    {
      "type": "Feature",
      "id": "Q02-L18",
      "properties": {
        "quadra": 2,
        "lote": 18,
        "area_m2": 210.22,
        "center": [
          -54.56207302,
          -16.46689524
        ],
        "source_polygon": "PLINHA-425",
        "geometry_source": "memorial_descritivo",
        "match_distance_m": 0.001,
        "perimeter_m": 61.04,
        "frontage_m": 10.5,
        "dimensions": [
          {
            "from": "63",
            "to": "66",
            "label": "Rua Projetada 7",
            "length_m": 10.5
          },
          {
            "from": "66",
            "to": "67",
            "label": "Lote 19",
            "length_m": 20.02
          },
          {
            "from": "67",
            "to": "64",
            "label": "Lote 7",
            "length_m": 10.5
          },
          {
            "from": "64",
            "to": "63",
            "label": "Lote 17",
            "length_m": 20.02
          }
        ],
        "access": {
          "longitude": -54.56197999,
          "latitude": -16.46688441,
          "label": "Rua Projetada 7",
          "frontage_m": 10.5,
          "confidence": "memorial"
        },
        "memorial_path": "memoriais/Q02/L18.pdf",
        "status_default": "nao_informado",
        "technical_review": []
      },
      "geometry": {
        "type": "Polygon",
        "coordinates": [
          [
            [
              -54.561985935160116,
              -16.466837339022497
            ],
            [
              -54.56197403872844,
              -16.466931487987694
            ],
            [
              -54.56216008853623,
              -16.46695313901685
            ],
            [
              -54.56217200348948,
              -16.466858999279168
            ],
            [
              -54.561985935160116,
              -16.466837339022497
            ]
          ]
        ]
      }
    },
    {
      "type": "Feature",
      "id": "Q02-L19",
      "properties": {
        "quadra": 2,
        "lote": 19,
        "area_m2": 210.2,
        "center": [
          -54.56206111,
          -16.46698938
        ],
        "source_polygon": "PLINHA-428",
        "geometry_source": "memorial_descritivo",
        "match_distance_m": 0.001,
        "perimeter_m": 61.04,
        "frontage_m": 10.5,
        "dimensions": [
          {
            "from": "66",
            "to": "69",
            "label": "Rua Projetada 7",
            "length_m": 10.5
          },
          {
            "from": "69",
            "to": "70",
            "label": "Lote 20",
            "length_m": 20.02
          },
          {
            "from": "70",
            "to": "67",
            "label": "Lote 8",
            "length_m": 10.5
          },
          {
            "from": "67",
            "to": "66",
            "label": "Lote 18",
            "length_m": 20.02
          }
        ],
        "access": {
          "longitude": -54.56196809,
          "latitude": -16.46697856,
          "label": "Rua Projetada 7",
          "frontage_m": 10.5,
          "confidence": "memorial"
        },
        "memorial_path": "memoriais/Q02/L19.pdf",
        "status_default": "nao_informado",
        "technical_review": []
      },
      "geometry": {
        "type": "Polygon",
        "coordinates": [
          [
            [
              -54.56197403872844,
              -16.466931487987694
            ],
            [
              -54.56196213303169,
              -16.467025627809118
            ],
            [
              -54.562148164204935,
              -16.467047278642557
            ],
            [
              -54.56216008853623,
              -16.46695313901685
            ],
            [
              -54.56197403872844,
              -16.466931487987694
            ]
          ]
        ]
      }
    },
    {
      "type": "Feature",
      "id": "Q02-L20",
      "properties": {
        "quadra": 2,
        "lote": 20,
        "area_m2": 210.18,
        "center": [
          -54.5620492,
          -16.46708352
        ],
        "source_polygon": "PLINHA-424",
        "geometry_source": "memorial_descritivo",
        "match_distance_m": 0.0,
        "perimeter_m": 61.03,
        "frontage_m": 10.5,
        "dimensions": [
          {
            "from": "69",
            "to": "72",
            "label": "Rua Projetada 7",
            "length_m": 10.5
          },
          {
            "from": "72",
            "to": "73",
            "label": "Lote 21",
            "length_m": 20.02
          },
          {
            "from": "73",
            "to": "70",
            "label": "Lote 9",
            "length_m": 10.5
          },
          {
            "from": "70",
            "to": "69",
            "label": "Lote 19",
            "length_m": 20.02
          }
        ],
        "access": {
          "longitude": -54.56195619,
          "latitude": -16.4670727,
          "label": "Rua Projetada 7",
          "frontage_m": 10.5,
          "confidence": "memorial"
        },
        "memorial_path": "memoriais/Q02/L20.pdf",
        "status_default": "nao_informado",
        "technical_review": []
      },
      "geometry": {
        "type": "Polygon",
        "coordinates": [
          [
            [
              -54.56196213303169,
              -16.467025627809118
            ],
            [
              -54.56195023667707,
              -16.46711976773656
            ],
            [
              -54.56213624921575,
              -16.467141418374265
            ],
            [
              -54.562148164204935,
              -16.467047278642557
            ],
            [
              -54.56196213303169,
              -16.467025627809118
            ]
          ]
        ]
      }
    },
    {
      "type": "Feature",
      "id": "Q02-L21",
      "properties": {
        "quadra": 2,
        "lote": 21,
        "area_m2": 210.15,
        "center": [
          -54.56203728,
          -16.46717766
        ],
        "source_polygon": "PLINHA-421",
        "geometry_source": "memorial_descritivo",
        "match_distance_m": 0.001,
        "perimeter_m": 61.03,
        "frontage_m": 10.5,
        "dimensions": [
          {
            "from": "72",
            "to": "75",
            "label": "Rua Projetada 7",
            "length_m": 10.5
          },
          {
            "from": "75",
            "to": "76",
            "label": "Lote 22",
            "length_m": 20.01
          },
          {
            "from": "76",
            "to": "73",
            "label": "Lote 10",
            "length_m": 10.5
          },
          {
            "from": "73",
            "to": "72",
            "label": "Lote 20",
            "length_m": 20.02
          }
        ],
        "access": {
          "longitude": -54.56194428,
          "latitude": -16.46716684,
          "label": "Rua Projetada 7",
          "frontage_m": 10.5,
          "confidence": "memorial"
        },
        "memorial_path": "memoriais/Q02/L21.pdf",
        "status_default": "nao_informado",
        "technical_review": []
      },
      "geometry": {
        "type": "Polygon",
        "coordinates": [
          [
            [
              -54.56195023667707,
              -16.46711976773656
            ],
            [
              -54.56193833083144,
              -16.467213916583788
            ],
            [
              -54.562124324848504,
              -16.467235557993984
            ],
            [
              -54.56213624921575,
              -16.467141418374265
            ],
            [
              -54.56195023667707,
              -16.46711976773656
            ]
          ]
        ]
      }
    },
    {
      "type": "Feature",
      "id": "Q02-L22",
      "properties": {
        "quadra": 2,
        "lote": 22,
        "area_m2": 210.13,
        "center": [
          -54.56202538,
          -16.46727181
        ],
        "source_polygon": "PLINHA-422",
        "geometry_source": "memorial_descritivo",
        "match_distance_m": 0.001,
        "perimeter_m": 61.03,
        "frontage_m": 30.51,
        "dimensions": [
          {
            "from": "75",
            "to": "78",
            "label": "Rua Projetada 7",
            "length_m": 10.5
          },
          {
            "from": "78",
            "to": "79",
            "label": "Alameda Projetada 1",
            "length_m": 20.01
          },
          {
            "from": "79",
            "to": "76",
            "label": "Lote 11",
            "length_m": 10.5
          },
          {
            "from": "76",
            "to": "75",
            "label": "Lote 21",
            "length_m": 20.01
          }
        ],
        "access": {
          "longitude": -54.56198947,
          "latitude": -16.46729895,
          "label": "Rua Projetada 7 / Alameda Projetada 1",
          "frontage_m": 30.51,
          "confidence": "memorial"
        },
        "memorial_path": "memoriais/Q02/L22.pdf",
        "status_default": "nao_informado",
        "technical_review": []
      },
      "geometry": {
        "type": "Polygon",
        "coordinates": [
          [
            [
              -54.56193833083144,
              -16.467213916583788
            ],
            [
              -54.561926434440906,
              -16.467308056505257
            ],
            [
              -54.56211240982338,
              -16.467329697719705
            ],
            [
              -54.562124324848504,
              -16.467235557993984
            ],
            [
              -54.56193833083144,
              -16.467213916583788
            ]
          ]
        ]
      }
    },
    {
      "type": "Feature",
      "id": "Q03-L01",
      "properties": {
        "quadra": 3,
        "lote": 1,
        "area_m2": 210.0,
        "center": [
          -54.56219598,
          -16.46741449
        ],
        "source_polygon": "PLINHA-409",
        "geometry_source": "memorial_descritivo",
        "match_distance_m": 0.001,
        "perimeter_m": 61.0,
        "frontage_m": 30.5,
        "dimensions": [
          {
            "from": "82",
            "to": "85",
            "label": "Lote 12",
            "length_m": 10.5
          },
          {
            "from": "85",
            "to": "86",
            "label": "Lote 2",
            "length_m": 20.0
          },
          {
            "from": "86",
            "to": "83",
            "label": "Rua Projetada 06",
            "length_m": 10.5
          },
          {
            "from": "83",
            "to": "82",
            "label": "Alameda Projetada 01",
            "length_m": 20.0
          }
        ],
        "access": {
          "longitude": -54.56223188,
          "latitude": -16.46738734,
          "label": "Rua Projetada 06 / Alameda Projetada 01",
          "frontage_m": 30.5,
          "confidence": "memorial"
        },
        "memorial_path": "memoriais/Q03/L01.pdf",
        "status_default": "nao_informado",
        "technical_review": []
      },
      "geometry": {
        "type": "Polygon",
        "coordinates": [
          [
            [
              -54.56210900285287,
              -16.46735659475251
            ],
            [
              -54.562097087691676,
              -16.467450743506188
            ],
            [
              -54.56228295104074,
              -16.467472374249645
            ],
            [
              -54.562294875363555,
              -16.467378234614493
            ],
            [
              -54.56210900285287,
              -16.46735659475251
            ]
          ]
        ]
      }
    },
    {
      "type": "Feature",
      "id": "Q03-L02",
      "properties": {
        "quadra": 3,
        "lote": 2,
        "area_m2": 210.0,
        "center": [
          -54.56218406,
          -16.46750863
        ],
        "source_polygon": "PLINHA-410",
        "geometry_source": "memorial_descritivo",
        "match_distance_m": 0.0,
        "perimeter_m": 61.0,
        "frontage_m": 10.5,
        "dimensions": [
          {
            "from": "85",
            "to": "88",
            "label": "Lote 13",
            "length_m": 10.5
          },
          {
            "from": "88",
            "to": "89",
            "label": "Lote 3",
            "length_m": 20.0
          },
          {
            "from": "89",
            "to": "86",
            "label": "Rua Projetada 6",
            "length_m": 10.5
          },
          {
            "from": "86",
            "to": "85",
            "label": "Lote 1",
            "length_m": 20.0
          }
        ],
        "access": {
          "longitude": -54.56227699,
          "latitude": -16.46751944,
          "label": "Rua Projetada 6",
          "frontage_m": 10.5,
          "confidence": "memorial"
        },
        "memorial_path": "memoriais/Q03/L02.pdf",
        "status_default": "nao_informado",
        "technical_review": []
      },
      "geometry": {
        "type": "Polygon",
        "coordinates": [
          [
            [
              -54.562097087691676,
              -16.467450743506188
            ],
            [
              -54.56208516326537,
              -16.467544883116076
            ],
            [
              -54.56227103606006,
              -16.467566513990818
            ],
            [
              -54.56228295104074,
              -16.467472374249645
            ],
            [
              -54.562097087691676,
              -16.467450743506188
            ]
          ]
        ]
      }
    },
    {
      "type": "Feature",
      "id": "Q03-L03",
      "properties": {
        "quadra": 3,
        "lote": 3,
        "area_m2": 200.0,
        "center": [
          -54.56217242,
          -16.46760053
        ],
        "source_polygon": "PLINHA-413",
        "geometry_source": "memorial_descritivo",
        "match_distance_m": 0.0,
        "perimeter_m": 60.0,
        "frontage_m": 10.0,
        "dimensions": [
          {
            "from": "88",
            "to": "91",
            "label": "Lote 14",
            "length_m": 10.0
          },
          {
            "from": "91",
            "to": "92",
            "label": "Lote 4",
            "length_m": 20.0
          },
          {
            "from": "92",
            "to": "89",
            "label": "Rua Projetada 6",
            "length_m": 10.0
          },
          {
            "from": "89",
            "to": "88",
            "label": "Lote 2",
            "length_m": 20.0
          }
        ],
        "access": {
          "longitude": -54.56226536,
          "latitude": -16.46761134,
          "label": "Rua Projetada 6",
          "frontage_m": 10.0,
          "confidence": "memorial"
        },
        "memorial_path": "memoriais/Q03/L03.pdf",
        "status_default": "nao_informado",
        "technical_review": []
      },
      "geometry": {
        "type": "Polygon",
        "coordinates": [
          [
            [
              -54.56208516326537,
              -16.467544883116076
            ],
            [
              -54.562073809772215,
              -16.46763453992096
            ],
            [
              -54.56225968264835,
              -16.4676561708169
            ],
            [
              -54.56227103606006,
              -16.467566513990818
            ],
            [
              -54.56208516326537,
              -16.467544883116076
            ]
          ]
        ]
      }
    },
    {
      "type": "Feature",
      "id": "Q03-L04",
      "properties": {
        "quadra": 3,
        "lote": 4,
        "area_m2": 200.0,
        "center": [
          -54.56216107,
          -16.46769018
        ],
        "source_polygon": "PLINHA-414",
        "geometry_source": "memorial_descritivo",
        "match_distance_m": 0.0,
        "perimeter_m": 60.0,
        "frontage_m": 10.0,
        "dimensions": [
          {
            "from": "91",
            "to": "94",
            "label": "Lote 15",
            "length_m": 10.0
          },
          {
            "from": "94",
            "to": "95",
            "label": "Lote 5",
            "length_m": 20.0
          },
          {
            "from": "95",
            "to": "92",
            "label": "Rua Projetada 6",
            "length_m": 10.0
          },
          {
            "from": "92",
            "to": "91",
            "label": "Lote 3",
            "length_m": 20.0
          }
        ],
        "access": {
          "longitude": -54.56225401,
          "latitude": -16.467701,
          "label": "Rua Projetada 6",
          "frontage_m": 10.0,
          "confidence": "memorial"
        },
        "memorial_path": "memoriais/Q03/L04.pdf",
        "status_default": "nao_informado",
        "technical_review": []
      },
      "geometry": {
        "type": "Polygon",
        "coordinates": [
          [
            [
              -54.562073809772215,
              -16.46763453992096
            ],
            [
              -54.562062465622866,
              -16.46772419683213
            ],
            [
              -54.56224832922034,
              -16.46774582764029
            ],
            [
              -54.56225968264835,
              -16.4676561708169
            ],
            [
              -54.562073809772215,
              -16.46763453992096
            ]
          ]
        ]
      }
    },
    {
      "type": "Feature",
      "id": "Q03-L05",
      "properties": {
        "quadra": 3,
        "lote": 5,
        "area_m2": 210.0,
        "center": [
          -54.56214944,
          -16.46778208
        ],
        "source_polygon": "PLINHA-416",
        "geometry_source": "memorial_descritivo",
        "match_distance_m": 0.0,
        "perimeter_m": 61.0,
        "frontage_m": 10.5,
        "dimensions": [
          {
            "from": "94",
            "to": "97",
            "label": "Lote 16",
            "length_m": 10.5
          },
          {
            "from": "97",
            "to": "98",
            "label": "Lote 6",
            "length_m": 20.0
          },
          {
            "from": "98",
            "to": "95",
            "label": "Rua Projetada 6",
            "length_m": 10.5
          },
          {
            "from": "95",
            "to": "94",
            "label": "Lote 4",
            "length_m": 20.0
          }
        ],
        "access": {
          "longitude": -54.56224237,
          "latitude": -16.4677929,
          "label": "Rua Projetada 6",
          "frontage_m": 10.5,
          "confidence": "memorial"
        },
        "memorial_path": "memoriais/Q03/L05.pdf",
        "status_default": "nao_informado",
        "technical_review": []
      },
      "geometry": {
        "type": "Polygon",
        "coordinates": [
          [
            [
              -54.562062465622866,
              -16.46772419683213
            ],
            [
              -54.56205054114436,
              -16.46781833643334
            ],
            [
              -54.56223641418745,
              -16.46783996737276
            ],
            [
              -54.56224832922034,
              -16.46774582764029
            ],
            [
              -54.562062465622866,
              -16.46772419683213
            ]
          ]
        ]
      }
    },
    {
      "type": "Feature",
      "id": "Q03-L06",
      "properties": {
        "quadra": 3,
        "lote": 6,
        "area_m2": 210.0,
        "center": [
          -54.56213752,
          -16.46787622
        ],
        "source_polygon": "PLINHA-418",
        "geometry_source": "memorial_descritivo",
        "match_distance_m": 0.0,
        "perimeter_m": 61.0,
        "frontage_m": 10.5,
        "dimensions": [
          {
            "from": "97",
            "to": "100",
            "label": "Lote 17",
            "length_m": 10.5
          },
          {
            "from": "100",
            "to": "101",
            "label": "Lote 7",
            "length_m": 20.0
          },
          {
            "from": "101",
            "to": "98",
            "label": "Rua Projetada 6",
            "length_m": 10.5
          },
          {
            "from": "98",
            "to": "97",
            "label": "Lote 5",
            "length_m": 20.0
          }
        ],
        "access": {
          "longitude": -54.56223045,
          "latitude": -16.46788704,
          "label": "Rua Projetada 6",
          "frontage_m": 10.5,
          "confidence": "memorial"
        },
        "memorial_path": "memoriais/Q03/L06.pdf",
        "status_default": "nao_informado",
        "technical_review": []
      },
      "geometry": {
        "type": "Polygon",
        "coordinates": [
          [
            [
              -54.56205054114436,
              -16.46781833643334
            ],
            [
              -54.562038626007975,
              -16.467912476140565
            ],
            [
              -54.56222448977648,
              -16.46793410699326
            ],
            [
              -54.56223641418745,
              -16.46783996737276
            ],
            [
              -54.56205054114436,
              -16.46781833643334
            ]
          ]
        ]
      }
    },
    {
      "type": "Feature",
      "id": "Q03-L07",
      "properties": {
        "quadra": 3,
        "lote": 7,
        "area_m2": 210.0,
        "center": [
          -54.5621256,
          -16.46797036
        ],
        "source_polygon": "PLINHA-406",
        "geometry_source": "memorial_descritivo",
        "match_distance_m": 0.0,
        "perimeter_m": 61.0,
        "frontage_m": 10.5,
        "dimensions": [
          {
            "from": "100",
            "to": "103",
            "label": "Lote 18",
            "length_m": 10.5
          },
          {
            "from": "103",
            "to": "104",
            "label": "Lote 8",
            "length_m": 20.0
          },
          {
            "from": "104",
            "to": "101",
            "label": "Rua Projetada 6",
            "length_m": 10.5
          },
          {
            "from": "101",
            "to": "100",
            "label": "Lote 6",
            "length_m": 20.0
          }
        ],
        "access": {
          "longitude": -54.56221853,
          "latitude": -16.46798118,
          "label": "Rua Projetada 6",
          "frontage_m": 10.5,
          "confidence": "memorial"
        },
        "memorial_path": "memoriais/Q03/L07.pdf",
        "status_default": "nao_informado",
        "technical_review": []
      },
      "geometry": {
        "type": "Polygon",
        "coordinates": [
          [
            [
              -54.562038626007975,
              -16.467912476140565
            ],
            [
              -54.562026701493515,
              -16.468006615735792
            ],
            [
              -54.56221257470766,
              -16.468028246719758
            ],
            [
              -54.56222448977648,
              -16.46793410699326
            ],
            [
              -54.562038626007975,
              -16.467912476140565
            ]
          ]
        ]
      }
    },
    {
      "type": "Feature",
      "id": "Q03-L08",
      "properties": {
        "quadra": 3,
        "lote": 8,
        "area_m2": 210.0,
        "center": [
          -54.56211368,
          -16.4680645
        ],
        "source_polygon": "PLINHA-402",
        "geometry_source": "memorial_descritivo",
        "match_distance_m": 0.001,
        "perimeter_m": 61.0,
        "frontage_m": 10.5,
        "dimensions": [
          {
            "from": "103",
            "to": "106",
            "label": "Lote 19",
            "length_m": 10.5
          },
          {
            "from": "106",
            "to": "107",
            "label": "Lote 9",
            "length_m": 20.0
          },
          {
            "from": "107",
            "to": "104",
            "label": "Rua Projetada 6",
            "length_m": 10.5
          },
          {
            "from": "104",
            "to": "103",
            "label": "Lote 7",
            "length_m": 20.0
          }
        ],
        "access": {
          "longitude": -54.56220661,
          "latitude": -16.46807532,
          "label": "Rua Projetada 6",
          "frontage_m": 10.5,
          "confidence": "memorial"
        },
        "memorial_path": "memoriais/Q03/L08.pdf",
        "status_default": "nao_informado",
        "technical_review": []
      },
      "geometry": {
        "type": "Polygon",
        "coordinates": [
          [
            [
              -54.562026701493515,
              -16.468006615735792
            ],
            [
              -54.56201478632119,
              -16.468100755437042
            ],
            [
              -54.56220065014777,
              -16.468122395366052
            ],
            [
              -54.56221257470766,
              -16.468028246719758
            ],
            [
              -54.562026701493515,
              -16.468006615735792
            ]
          ]
        ]
      }
    },
    {
      "type": "Feature",
      "id": "Q03-L09",
      "properties": {
        "quadra": 3,
        "lote": 9,
        "area_m2": 210.0,
        "center": [
          -54.56210176,
          -16.46815865
        ],
        "source_polygon": "PLINHA-403",
        "geometry_source": "memorial_descritivo",
        "match_distance_m": 0.001,
        "perimeter_m": 61.0,
        "frontage_m": 10.5,
        "dimensions": [
          {
            "from": "106",
            "to": "109",
            "label": "Lote 20",
            "length_m": 10.5
          },
          {
            "from": "109",
            "to": "110",
            "label": "Lote 10",
            "length_m": 20.0
          },
          {
            "from": "110",
            "to": "107",
            "label": "Rua Projetada 6",
            "length_m": 10.5
          },
          {
            "from": "107",
            "to": "106",
            "label": "Lote 8",
            "length_m": 20.0
          }
        ],
        "access": {
          "longitude": -54.56219469,
          "latitude": -16.46816947,
          "label": "Rua Projetada 6",
          "frontage_m": 10.5,
          "confidence": "memorial"
        },
        "memorial_path": "memoriais/Q03/L09.pdf",
        "status_default": "nao_informado",
        "technical_review": []
      },
      "geometry": {
        "type": "Polygon",
        "coordinates": [
          [
            [
              -54.56201478632119,
              -16.468100755437042
            ],
            [
              -54.5620028616578,
              -16.46819490405807
            ],
            [
              -54.56218873504301,
              -16.468216535086572
            ],
            [
              -54.56220065014777,
              -16.468122395366052
            ],
            [
              -54.56201478632119,
              -16.468100755437042
            ]
          ]
        ]
      }
    },
    {
      "type": "Feature",
      "id": "Q03-L10",
      "properties": {
        "quadra": 3,
        "lote": 10,
        "area_m2": 206.5,
        "center": [
          -54.56208998,
          -16.46825201
        ],
        "source_polygon": "PLINHA-396",
        "geometry_source": "memorial_descritivo",
        "match_distance_m": 0.001,
        "perimeter_m": 60.65,
        "frontage_m": 10.34,
        "dimensions": [
          {
            "from": "109",
            "to": "112",
            "label": "Lote 21",
            "length_m": 10.31
          },
          {
            "from": "112",
            "to": "113",
            "label": "Lote 11",
            "length_m": 20.0
          },
          {
            "from": "113",
            "to": "110",
            "label": "Rua Projetada 6",
            "length_m": 10.34
          },
          {
            "from": "110",
            "to": "109",
            "label": "Lote 9",
            "length_m": 20.0
          }
        ],
        "access": {
          "longitude": -54.56218287,
          "latitude": -16.46826289,
          "label": "Rua Projetada 6",
          "frontage_m": 10.34,
          "confidence": "memorial"
        },
        "memorial_path": "memoriais/Q03/L10.pdf",
        "status_default": "nao_informado",
        "technical_review": []
      },
      "geometry": {
        "type": "Polygon",
        "coordinates": [
          [
            [
              -54.5620028616578,
              -16.46819490405807
            ],
            [
              -54.561991164365054,
              -16.468287339035392
            ],
            [
              -54.56217699700463,
              -16.468309240603304
            ],
            [
              -54.56218873504301,
              -16.468216535086572
            ],
            [
              -54.5620028616578,
              -16.46819490405807
            ]
          ]
        ]
      }
    },
    {
      "type": "Feature",
      "id": "Q03-L11",
      "properties": {
        "quadra": 3,
        "lote": 11,
        "area_m2": 231.57,
        "center": [
          -54.56207475,
          -16.46834919
        ],
        "source_polygon": "PLINHA-398",
        "geometry_source": "memorial_descritivo",
        "match_distance_m": 0.001,
        "perimeter_m": 61.78,
        "frontage_m": 796.66,
        "dimensions": [
          {
            "from": "112",
            "to": "116",
            "label": "Lote 22",
            "length_m": 11.75
          },
          {
            "from": "116",
            "to": "117",
            "label": "Rua Projetada 16",
            "length_m": 16.0
          },
          {
            "from": "117",
            "to": "118",
            "label": "Rua Projetada 16",
            "length_m": 5.66
          },
          {
            "from": "118",
            "to": "113",
            "label": "Rua Projetada 6",
            "length_m": 775.0
          },
          {
            "from": "113",
            "to": "112",
            "label": "Lote 10",
            "length_m": 20.0
          }
        ],
        "access": {
          "longitude": -54.56217,
          "latitude": -16.46834549,
          "label": "Rua Projetada 16 / Rua Projetada 6",
          "frontage_m": 796.66,
          "confidence": "memorial"
        },
        "memorial_path": "memoriais/Q03/L11.pdf",
        "status_default": "nao_informado",
        "technical_review": []
      },
      "geometry": {
        "type": "Polygon",
        "coordinates": [
          [
            [
              -54.561991164365054,
              -16.468287339035392
            ],
            [
              -54.56197782636784,
              -16.46839269030032
            ],
            [
              -54.56212649266377,
              -16.468410202555575
            ],
            [
              -54.56216819876581,
              -16.468378720118636
            ],
            [
              -54.56217699700463,
              -16.468309240603304
            ],
            [
              -54.561991164365054,
              -16.468287339035392
            ]
          ]
        ]
      }
    },
    {
      "type": "Feature",
      "id": "Q03-L12",
      "properties": {
        "quadra": 3,
        "lote": 12,
        "area_m2": 210.1,
        "center": [
          -54.56201006,
          -16.46739285
        ],
        "source_polygon": "PLINHA-408",
        "geometry_source": "memorial_descritivo",
        "match_distance_m": 0.001,
        "perimeter_m": 61.02,
        "frontage_m": 30.51,
        "dimensions": [
          {
            "from": "81",
            "to": "84",
            "label": "Rua Projetada 7",
            "length_m": 10.5
          },
          {
            "from": "84",
            "to": "85",
            "label": "Lote 13",
            "length_m": 20.01
          },
          {
            "from": "85",
            "to": "82",
            "label": "Lote 1",
            "length_m": 10.5
          },
          {
            "from": "82",
            "to": "81",
            "label": "Alameda Projetada 1",
            "length_m": 20.01
          }
        ],
        "access": {
          "longitude": -54.56198197,
          "latitude": -16.46735825,
          "label": "Rua Projetada 7 / Alameda Projetada 1",
          "frontage_m": 30.51,
          "confidence": "memorial"
        },
        "memorial_path": "memoriais/Q03/L12.pdf",
        "status_default": "nao_informado",
        "technical_review": []
      },
      "geometry": {
        "type": "Polygon",
        "coordinates": [
          [
            [
              -54.561923036806036,
              -16.46733495364071
            ],
            [
              -54.56191113091936,
              -16.467429102481105
            ],
            [
              -54.562097087691676,
              -16.467450743506188
            ],
            [
              -54.56210900285287,
              -16.46735659475251
            ],
            [
              -54.561923036806036,
              -16.46733495364071
            ]
          ]
        ]
      }
    },
    {
      "type": "Feature",
      "id": "Q03-L13",
      "properties": {
        "quadra": 3,
        "lote": 13,
        "area_m2": 210.08,
        "center": [
          -54.56199815,
          -16.46748699
        ],
        "source_polygon": "PLINHA-411",
        "geometry_source": "memorial_descritivo",
        "match_distance_m": 0.001,
        "perimeter_m": 61.02,
        "frontage_m": 10.5,
        "dimensions": [
          {
            "from": "84",
            "to": "87",
            "label": "Rua Projetada 7",
            "length_m": 10.5
          },
          {
            "from": "87",
            "to": "88",
            "label": "Lote 14",
            "length_m": 20.01
          },
          {
            "from": "88",
            "to": "85",
            "label": "Lote 2",
            "length_m": 10.5
          },
          {
            "from": "85",
            "to": "84",
            "label": "Lote 12",
            "length_m": 20.01
          }
        ],
        "access": {
          "longitude": -54.56190518,
          "latitude": -16.46747617,
          "label": "Rua Projetada 7",
          "frontage_m": 10.5,
          "confidence": "memorial"
        },
        "memorial_path": "memoriais/Q03/L13.pdf",
        "status_default": "nao_informado",
        "technical_review": []
      },
      "geometry": {
        "type": "Polygon",
        "coordinates": [
          [
            [
              -54.56191113091936,
              -16.467429102481105
            ],
            [
              -54.56189923448779,
              -16.46752324239576
            ],
            [
              -54.56208516326537,
              -16.467544883116076
            ],
            [
              -54.562097087691676,
              -16.467450743506188
            ],
            [
              -54.56191113091936,
              -16.467429102481105
            ]
          ]
        ]
      }
    },
    {
      "type": "Feature",
      "id": "Q03-L14",
      "properties": {
        "quadra": 3,
        "lote": 14,
        "area_m2": 200.06,
        "center": [
          -54.56198653,
          -16.46757889
        ],
        "source_polygon": "PLINHA-412",
        "geometry_source": "memorial_descritivo",
        "match_distance_m": 0.0,
        "perimeter_m": 60.01,
        "frontage_m": 10.0,
        "dimensions": [
          {
            "from": "87",
            "to": "90",
            "label": "Rua Projetada 7",
            "length_m": 10.0
          },
          {
            "from": "90",
            "to": "91",
            "label": "Lote 15",
            "length_m": 20.0
          },
          {
            "from": "91",
            "to": "88",
            "label": "Lote 3",
            "length_m": 10.0
          },
          {
            "from": "88",
            "to": "87",
            "label": "Lote 13",
            "length_m": 20.01
          }
        ],
        "access": {
          "longitude": -54.56189357,
          "latitude": -16.46756807,
          "label": "Rua Projetada 7",
          "frontage_m": 10.0,
          "confidence": "memorial"
        },
        "memorial_path": "memoriais/Q03/L14.pdf",
        "status_default": "nao_informado",
        "technical_review": []
      },
      "geometry": {
        "type": "Polygon",
        "coordinates": [
          [
            [
              -54.56189923448779,
              -16.46752324239576
            ],
            [
              -54.56188789963337,
              -16.467612899397444
            ],
            [
              -54.562073809772215,
              -16.46763453992096
            ],
            [
              -54.56208516326537,
              -16.467544883116076
            ],
            [
              -54.56189923448779,
              -16.46752324239576
            ]
          ]
        ]
      }
    },
    {
      "type": "Feature",
      "id": "Q03-L15",
      "properties": {
        "quadra": 3,
        "lote": 15,
        "area_m2": 200.04,
        "center": [
          -54.56197518,
          -16.46766855
        ],
        "source_polygon": "PLINHA-415",
        "geometry_source": "memorial_descritivo",
        "match_distance_m": 0.001,
        "perimeter_m": 60.01,
        "frontage_m": 10.0,
        "dimensions": [
          {
            "from": "90",
            "to": "93",
            "label": "Rua Projetada 7",
            "length_m": 10.0
          },
          {
            "from": "93",
            "to": "94",
            "label": "Lote 16",
            "length_m": 20.0
          },
          {
            "from": "94",
            "to": "91",
            "label": "Lote 4",
            "length_m": 10.0
          },
          {
            "from": "91",
            "to": "90",
            "label": "Lote 14",
            "length_m": 20.0
          }
        ],
        "access": {
          "longitude": -54.56188223,
          "latitude": -16.46765773,
          "label": "Rua Projetada 7",
          "frontage_m": 10.0,
          "confidence": "memorial"
        },
        "memorial_path": "memoriais/Q03/L15.pdf",
        "status_default": "nao_informado",
        "technical_review": []
      },
      "geometry": {
        "type": "Polygon",
        "coordinates": [
          [
            [
              -54.56188789963337,
              -16.467612899397444
            ],
            [
              -54.56187656464968,
              -16.467702565428215
            ],
            [
              -54.562062465622866,
              -16.46772419683213
            ],
            [
              -54.562073809772215,
              -16.46763453992096
            ],
            [
              -54.56188789963337,
              -16.467612899397444
            ]
          ]
        ]
      }
    },
    {
      "type": "Feature",
      "id": "Q03-L16",
      "properties": {
        "quadra": 3,
        "lote": 16,
        "area_m2": 210.02,
        "center": [
          -54.56196356,
          -16.46776045
        ],
        "source_polygon": "PLINHA-417",
        "geometry_source": "memorial_descritivo",
        "match_distance_m": 0.001,
        "perimeter_m": 60.0,
        "frontage_m": 10.5,
        "dimensions": [
          {
            "from": "93",
            "to": "96",
            "label": "Rua Projetada 7",
            "length_m": 10.5
          },
          {
            "from": "96",
            "to": "97",
            "label": "Lote 17",
            "length_m": 20.0
          },
          {
            "from": "97",
            "to": "94",
            "label": "Lote 5",
            "length_m": 10.5
          },
          {
            "from": "94",
            "to": "93",
            "label": "Lote 15",
            "length_m": 20.0
          }
        ],
        "access": {
          "longitude": -54.56187062,
          "latitude": -16.46774964,
          "label": "Rua Projetada 7",
          "frontage_m": 10.5,
          "confidence": "memorial"
        },
        "memorial_path": "memoriais/Q03/L16.pdf",
        "status_default": "nao_informado",
        "technical_review": []
      },
      "geometry": {
        "type": "Polygon",
        "coordinates": [
          [
            [
              -54.56187656464968,
              -16.467702565428215
            ],
            [
              -54.56186466816596,
              -16.467796705334194
            ],
            [
              -54.56205054114436,
              -16.46781833643334
            ],
            [
              -54.562062465622866,
              -16.46772419683213
            ],
            [
              -54.56187656464968,
              -16.467702565428215
            ]
          ]
        ]
      }
    },
    {
      "type": "Feature",
      "id": "Q03-L17",
      "properties": {
        "quadra": 3,
        "lote": 17,
        "area_m2": 209.99,
        "center": [
          -54.56195165,
          -16.46785459
        ],
        "source_polygon": "PLINHA-405",
        "geometry_source": "memorial_descritivo",
        "match_distance_m": 0.0,
        "perimeter_m": 61.0,
        "frontage_m": 10.5,
        "dimensions": [
          {
            "from": "96",
            "to": "99",
            "label": "Rua Projetada 7",
            "length_m": 10.5
          },
          {
            "from": "99",
            "to": "100",
            "label": "Lote 18",
            "length_m": 20.0
          },
          {
            "from": "100",
            "to": "97",
            "label": "Lote 6",
            "length_m": 10.5
          },
          {
            "from": "97",
            "to": "96",
            "label": "Lote 16",
            "length_m": 20.0
          }
        ],
        "access": {
          "longitude": -54.56185872,
          "latitude": -16.46784378,
          "label": "Rua Projetada 7",
          "frontage_m": 10.5,
          "confidence": "memorial"
        },
        "memorial_path": "memoriais/Q03/L17.pdf",
        "status_default": "nao_informado",
        "technical_review": []
      },
      "geometry": {
        "type": "Polygon",
        "coordinates": [
          [
            [
              -54.56186466816596,
              -16.467796705334194
            ],
            [
              -54.561852771664284,
              -16.467890845237182
            ],
            [
              -54.562038626007975,
              -16.467912476140565
            ],
            [
              -54.56205054114436,
              -16.46781833643334
            ],
            [
              -54.56186466816596,
              -16.467796705334194
            ]
          ]
        ]
      }
    },
    {
      "type": "Feature",
      "id": "Q03-L18",
      "properties": {
        "quadra": 3,
        "lote": 18,
        "area_m2": 209.97,
        "center": [
          -54.56193974,
          -16.46794873
        ],
        "source_polygon": "PLINHA-400",
        "geometry_source": "memorial_descritivo",
        "match_distance_m": 0.0,
        "perimeter_m": 60.99,
        "frontage_m": 10.5,
        "dimensions": [
          {
            "from": "99",
            "to": "102",
            "label": "Rua Projetada 7",
            "length_m": 10.5
          },
          {
            "from": "102",
            "to": "103",
            "label": "Lote 19",
            "length_m": 20.0
          },
          {
            "from": "103",
            "to": "100",
            "label": "Lote 7",
            "length_m": 10.5
          },
          {
            "from": "100",
            "to": "99",
            "label": "Lote 17",
            "length_m": 20.0
          }
        ],
        "access": {
          "longitude": -54.56184682,
          "latitude": -16.46793792,
          "label": "Rua Projetada 7",
          "frontage_m": 10.5,
          "confidence": "memorial"
        },
        "memorial_path": "memoriais/Q03/L18.pdf",
        "status_default": "nao_informado",
        "technical_review": []
      },
      "geometry": {
        "type": "Polygon",
        "coordinates": [
          [
            [
              -54.561852771664284,
              -16.467890845237182
            ],
            [
              -54.56184086567157,
              -16.467984994059957
            ],
            [
              -54.562026701493515,
              -16.468006615735792
            ],
            [
              -54.562038626007975,
              -16.467912476140565
            ],
            [
              -54.561852771664284,
              -16.467890845237182
            ]
          ]
        ]
      }
    },
    {
      "type": "Feature",
      "id": "Q03-L19",
      "properties": {
        "quadra": 3,
        "lote": 19,
        "area_m2": 209.95,
        "center": [
          -54.56192783,
          -16.46804287
        ],
        "source_polygon": "PLINHA-401",
        "geometry_source": "memorial_descritivo",
        "match_distance_m": 0.001,
        "perimeter_m": 60.99,
        "frontage_m": 10.5,
        "dimensions": [
          {
            "from": "102",
            "to": "105",
            "label": "Rua Projetada 7",
            "length_m": 10.5
          },
          {
            "from": "105",
            "to": "106",
            "label": "Lote 20",
            "length_m": 19.99
          },
          {
            "from": "106",
            "to": "103",
            "label": "Lote 8",
            "length_m": 10.5
          },
          {
            "from": "103",
            "to": "102",
            "label": "Lote 18",
            "length_m": 20.0
          }
        ],
        "access": {
          "longitude": -54.56183492,
          "latitude": -16.46803206,
          "label": "Rua Projetada 7",
          "frontage_m": 10.5,
          "confidence": "memorial"
        },
        "memorial_path": "memoriais/Q03/L19.pdf",
        "status_default": "nao_informado",
        "technical_review": []
      },
      "geometry": {
        "type": "Polygon",
        "coordinates": [
          [
            [
              -54.56184086567157,
              -16.467984994059957
            ],
            [
              -54.561828969133984,
              -16.468079133956977
            ],
            [
              -54.56201478632119,
              -16.468100755437042
            ],
            [
              -54.562026701493515,
              -16.468006615735792
            ],
            [
              -54.56184086567157,
              -16.467984994059957
            ]
          ]
        ]
      }
    },
    {
      "type": "Feature",
      "id": "Q03-L20",
      "properties": {
        "quadra": 3,
        "lote": 20,
        "area_m2": 209.93,
        "center": [
          -54.56191592,
          -16.46813702
        ],
        "source_polygon": "PLINHA-404",
        "geometry_source": "memorial_descritivo",
        "match_distance_m": 0.001,
        "perimeter_m": 60.99,
        "frontage_m": 10.5,
        "dimensions": [
          {
            "from": "105",
            "to": "108",
            "label": "Rua Projetada 7",
            "length_m": 10.5
          },
          {
            "from": "108",
            "to": "109",
            "label": "Lote 21",
            "length_m": 19.99
          },
          {
            "from": "109",
            "to": "106",
            "label": "Lote 9",
            "length_m": 10.5
          },
          {
            "from": "106",
            "to": "105",
            "label": "Lote 19",
            "length_m": 19.99
          }
        ],
        "access": {
          "longitude": -54.56182302,
          "latitude": -16.4681262,
          "label": "Rua Projetada 7",
          "frontage_m": 10.5,
          "confidence": "memorial"
        },
        "memorial_path": "memoriais/Q03/L20.pdf",
        "status_default": "nao_informado",
        "technical_review": []
      },
      "geometry": {
        "type": "Polygon",
        "coordinates": [
          [
            [
              -54.561828969133984,
              -16.468079133956977
            ],
            [
              -54.56181707257846,
              -16.46817327385101
            ],
            [
              -54.5620028616578,
              -16.46819490405807
            ],
            [
              -54.56201478632119,
              -16.468100755437042
            ],
            [
              -54.561828969133984,
              -16.468079133956977
            ]
          ]
        ]
      }
    },
    {
      "type": "Feature",
      "id": "Q03-L21",
      "properties": {
        "quadra": 3,
        "lote": 21,
        "area_m2": 205.82,
        "center": [
          -54.56190417,
          -16.46823025
        ],
        "source_polygon": "PLINHA-397",
        "geometry_source": "memorial_descritivo",
        "match_distance_m": 0.001,
        "perimeter_m": 60.57,
        "frontage_m": 10.28,
        "dimensions": [
          {
            "from": "108",
            "to": "111",
            "label": "Rua Projetada 7",
            "length_m": 10.28
          },
          {
            "from": "111",
            "to": "112",
            "label": "Lote 22",
            "length_m": 19.99
          },
          {
            "from": "112",
            "to": "109",
            "label": "Lote 10",
            "length_m": 10.31
          },
          {
            "from": "109",
            "to": "108",
            "label": "Lote 20",
            "length_m": 19.99
          }
        ],
        "access": {
          "longitude": -54.56181124,
          "latitude": -16.46821937,
          "label": "Rua Projetada 7",
          "frontage_m": 10.28,
          "confidence": "memorial"
        },
        "memorial_path": "memoriais/Q03/L21.pdf",
        "status_default": "nao_informado",
        "technical_review": []
      },
      "geometry": {
        "type": "Polygon",
        "coordinates": [
          [
            [
              -54.56181707257846,
              -16.46817327385101
            ],
            [
              -54.56180541580589,
              -16.468265456352643
            ],
            [
              -54.561991164365054,
              -16.468287339035392
            ],
            [
              -54.5620028616578,
              -16.46819490405807
            ],
            [
              -54.56181707257846,
              -16.46817327385101
            ]
          ]
        ]
      }
    },
    {
      "type": "Feature",
      "id": "Q03-L22",
      "properties": {
        "quadra": 3,
        "lote": 22,
        "area_m2": 231.44,
        "center": [
          -54.56189465,
          -16.46832797
        ],
        "source_polygon": "PLINHA-399",
        "geometry_source": "memorial_descritivo",
        "match_distance_m": 0.001,
        "perimeter_m": 61.76,
        "frontage_m": 29.4,
        "dimensions": [
          {
            "from": "111",
            "to": "114",
            "label": "Rua Projetada 7",
            "length_m": 7.75
          },
          {
            "from": "114",
            "to": "115",
            "label": "Rua Projetada 7",
            "length_m": 5.66
          },
          {
            "from": "115",
            "to": "116",
            "label": "Rua Projetada 16",
            "length_m": 15.99
          },
          {
            "from": "116",
            "to": "112",
            "label": "Lote 11",
            "length_m": 11.75
          },
          {
            "from": "112",
            "to": "111",
            "label": "Lote 21",
            "length_m": 19.99
          }
        ],
        "access": {
          "longitude": -54.56185908,
          "latitude": -16.4683563,
          "label": "Rua Projetada 7 / Rua Projetada 16",
          "frontage_m": 29.4,
          "confidence": "memorial"
        },
        "memorial_path": "memoriais/Q03/L22.pdf",
        "status_default": "nao_informado",
        "technical_review": []
      },
      "geometry": {
        "type": "Polygon",
        "coordinates": [
          [
            [
              -54.56180541580589,
              -16.468265456352643
            ],
            [
              -54.56179663604822,
              -16.468334945084944
            ],
            [
              -54.56182926307513,
              -16.468375179142186
            ],
            [
              -54.56197782636784,
              -16.46839269030032
            ],
            [
              -54.561991164365054,
              -16.468287339035392
            ],
            [
              -54.56180541580589,
              -16.468265456352643
            ]
          ]
        ]
      }
    },
    {
      "type": "Feature",
      "id": "Q04-L01",
      "properties": {
        "quadra": 4,
        "lote": 1,
        "area_m2": 231.55,
        "center": [
          -54.56183408,
          -16.46630042
        ],
        "source_polygon": "PLINHA-355",
        "geometry_source": "memorial_descritivo",
        "match_distance_m": 0.001,
        "perimeter_m": 61.78,
        "frontage_m": 31.17,
        "dimensions": [
          {
            "from": "120",
            "to": "124",
            "label": "Lote 13",
            "length_m": 11.75
          },
          {
            "from": "124",
            "to": "125",
            "label": "Lote 2",
            "length_m": 20.0
          },
          {
            "from": "125",
            "to": "126",
            "label": "Rua Projetada 7",
            "length_m": 7.72
          },
          {
            "from": "126",
            "to": "121",
            "label": "Rua Projetada 7",
            "length_m": 5.69
          },
          {
            "from": "121",
            "to": "120",
            "label": "Rua Projetada 5",
            "length_m": 17.76
          }
        ],
        "access": {
          "longitude": -54.56186711,
          "latitude": -16.46627052,
          "label": "Rua Projetada 7 / Rua Projetada 5",
          "frontage_m": 31.17,
          "confidence": "memorial"
        },
        "memorial_path": "memoriais/Q04/L01.pdf",
        "status_default": "nao_informado",
        "technical_review": []
      },
      "geometry": {
        "type": "Polygon",
        "coordinates": [
          [
            [
              -54.56175088783413,
              -16.466235679959777
            ],
            [
              -54.561737550009276,
              -16.46634103122952
            ],
            [
              -54.56192337106283,
              -16.466362959760357
            ],
            [
              -54.56193211911685,
              -16.46629374161947
            ],
            [
              -54.56189944025991,
              -16.46625318181657
            ],
            [
              -54.56175088783413,
              -16.466235679959777
            ]
          ]
        ]
      }
    },
    {
      "type": "Feature",
      "id": "Q04-L02",
      "properties": {
        "quadra": 4,
        "lote": 2,
        "area_m2": 200.0,
        "center": [
          -54.56182479,
          -16.46639682
        ],
        "source_polygon": "PLINHA-354",
        "geometry_source": "memorial_descritivo",
        "match_distance_m": 0.0,
        "perimeter_m": 60.0,
        "frontage_m": 10.0,
        "dimensions": [
          {
            "from": "124",
            "to": "128",
            "label": "Lote 14",
            "length_m": 10.0
          },
          {
            "from": "128",
            "to": "129",
            "label": "Lote 3",
            "length_m": 20.0
          },
          {
            "from": "129",
            "to": "125",
            "label": "Rua Projetada 7",
            "length_m": 10.0
          },
          {
            "from": "125",
            "to": "124",
            "label": "Lote 1",
            "length_m": 20.0
          }
        ],
        "access": {
          "longitude": -54.5619177,
          "latitude": -16.46640779,
          "label": "Rua Projetada 7",
          "frontage_m": 10.0,
          "confidence": "memorial"
        },
        "memorial_path": "memoriais/Q04/L02.pdf",
        "status_default": "nao_informado",
        "technical_review": []
      },
      "geometry": {
        "type": "Polygon",
        "coordinates": [
          [
            [
              -54.561737550009276,
              -16.46634103122952
            ],
            [
              -54.56172619650867,
              -16.466430688012856
            ],
            [
              -54.561912036363694,
              -16.4664526167829
            ],
            [
              -54.56192337106283,
              -16.466362959760357
            ],
            [
              -54.561737550009276,
              -16.46634103122952
            ]
          ]
        ]
      }
    },
    {
      "type": "Feature",
      "id": "Q04-L03",
      "properties": {
        "quadra": 4,
        "lote": 3,
        "area_m2": 200.02,
        "center": [
          -54.56181345,
          -16.46648648
        ],
        "source_polygon": "PLINHA-353",
        "geometry_source": "memorial_descritivo",
        "match_distance_m": 0.001,
        "perimeter_m": 60.0,
        "frontage_m": 10.0,
        "dimensions": [
          {
            "from": "128",
            "to": "131",
            "label": "Lote 15",
            "length_m": 10.0
          },
          {
            "from": "131",
            "to": "132",
            "label": "Lote 4",
            "length_m": 20.0
          },
          {
            "from": "132",
            "to": "129",
            "label": "Rua Projetada 7",
            "length_m": 10.0
          },
          {
            "from": "129",
            "to": "128",
            "label": "Lote 2",
            "length_m": 20.0
          }
        ],
        "access": {
          "longitude": -54.56190637,
          "latitude": -16.46649745,
          "label": "Rua Projetada 7",
          "frontage_m": 10.0,
          "confidence": "memorial"
        },
        "memorial_path": "memoriais/Q04/L03.pdf",
        "status_default": "nao_informado",
        "technical_review": []
      },
      "geometry": {
        "type": "Polygon",
        "coordinates": [
          [
            [
              -54.56172619650867,
              -16.466430688012856
            ],
            [
              -54.561714842991755,
              -16.46652034479346
            ],
            [
              -54.56190070153531,
              -16.466542282834517
            ],
            [
              -54.561912036363694,
              -16.4664526167829
            ],
            [
              -54.56172619650867,
              -16.466430688012856
            ]
          ]
        ]
      }
    },
    {
      "type": "Feature",
      "id": "Q04-L04",
      "properties": {
        "quadra": 4,
        "lote": 4,
        "area_m2": 205.9,
        "center": [
          -54.56180188,
          -16.46657745
        ],
        "source_polygon": null,
        "geometry_source": "memorial_descritivo",
        "match_distance_m": 10.354,
        "perimeter_m": 60.59,
        "frontage_m": 10.28,
        "dimensions": [
          {
            "from": "131",
            "to": "134",
            "label": "Lote 16",
            "length_m": 10.31
          },
          {
            "from": "134",
            "to": "135",
            "label": "Lote 5",
            "length_m": 20.0
          },
          {
            "from": "135",
            "to": "132",
            "label": "Rua Projetada 7",
            "length_m": 10.28
          },
          {
            "from": "132",
            "to": "131",
            "label": "Lote 3",
            "length_m": 20.0
          }
        ],
        "access": {
          "longitude": -54.56189487,
          "latitude": -16.46658835,
          "label": "Rua Projetada 7",
          "frontage_m": 10.28,
          "confidence": "memorial"
        },
        "memorial_path": "memoriais/Q04/L04.pdf",
        "status_default": "nao_informado",
        "technical_review": [
          "sem polígono KML coincidente; geometria criada pelo memorial"
        ]
      },
      "geometry": {
        "type": "Polygon",
        "coordinates": [
          [
            [
              -54.561714842991755,
              -16.46652034479346
            ],
            [
              -54.561703136419446,
              -16.46661277965423
            ],
            [
              -54.56188904557519,
              -16.466634420213285
            ],
            [
              -54.56190070153531,
              -16.466542282834517
            ],
            [
              -54.561714842991755,
              -16.46652034479346
            ]
          ]
        ]
      }
    },
    {
      "type": "Feature",
      "id": "Q04-L05",
      "properties": {
        "quadra": 4,
        "lote": 5,
        "area_m2": 210.05,
        "center": [
          -54.56179014,
          -16.46667067
        ],
        "source_polygon": "PLINHA-375",
        "geometry_source": "memorial_descritivo",
        "match_distance_m": 0.001,
        "perimeter_m": 61.01,
        "frontage_m": 10.5,
        "dimensions": [
          {
            "from": "134",
            "to": "137",
            "label": "Lote 17",
            "length_m": 10.5
          },
          {
            "from": "137",
            "to": "138",
            "label": "Lote 6",
            "length_m": 20.01
          },
          {
            "from": "138",
            "to": "135",
            "label": "Rua Projetada 7",
            "length_m": 10.5
          },
          {
            "from": "135",
            "to": "134",
            "label": "Lote 4",
            "length_m": 20.0
          }
        ],
        "access": {
          "longitude": -54.5618831,
          "latitude": -16.46668149,
          "label": "Rua Projetada 7",
          "frontage_m": 10.5,
          "confidence": "memorial"
        },
        "memorial_path": "memoriais/Q04/L05.pdf",
        "status_default": "nao_informado",
        "technical_review": []
      },
      "geometry": {
        "type": "Polygon",
        "coordinates": [
          [
            [
              -54.561703136419446,
              -16.46661277965423
            ],
            [
              -54.561691221162555,
              -16.466706928370666
            ],
            [
              -54.56187714923693,
              -16.46672856013823
            ],
            [
              -54.56188904557519,
              -16.466634420213285
            ],
            [
              -54.561703136419446,
              -16.46661277965423
            ]
          ]
        ]
      }
    },
    {
      "type": "Feature",
      "id": "Q04-L06",
      "properties": {
        "quadra": 4,
        "lote": 6,
        "area_m2": 210.07,
        "center": [
          -54.56177823,
          -16.46676482
        ],
        "source_polygon": "PLINHA-374",
        "geometry_source": "memorial_descritivo",
        "match_distance_m": 0.001,
        "perimeter_m": 61.01,
        "frontage_m": 10.5,
        "dimensions": [
          {
            "from": "137",
            "to": "140",
            "label": "Lote 18",
            "length_m": 10.5
          },
          {
            "from": "140",
            "to": "141",
            "label": "Lote 7",
            "length_m": 20.01
          },
          {
            "from": "141",
            "to": "138",
            "label": "Rua Projetada 7",
            "length_m": 10.5
          },
          {
            "from": "138",
            "to": "137",
            "label": "Lote 7",
            "length_m": 20.01
          }
        ],
        "access": {
          "longitude": -54.5618712,
          "latitude": -16.46677563,
          "label": "Rua Projetada 7",
          "frontage_m": 10.5,
          "confidence": "memorial"
        },
        "memorial_path": "memoriais/Q04/L06.pdf",
        "status_default": "nao_informado",
        "technical_review": []
      },
      "geometry": {
        "type": "Polygon",
        "coordinates": [
          [
            [
              -54.561691221162555,
              -16.466706928370666
            ],
            [
              -54.56167930600067,
              -16.466801068052323
            ],
            [
              -54.561865243407674,
              -16.466822708982967
            ],
            [
              -54.56187714923693,
              -16.46672856013823
            ],
            [
              -54.561691221162555,
              -16.466706928370666
            ]
          ]
        ]
      }
    },
    {
      "type": "Feature",
      "id": "Q04-L07",
      "properties": {
        "quadra": 4,
        "lote": 7,
        "area_m2": 210.09,
        "center": [
          -54.56176632,
          -16.46685896
        ],
        "source_polygon": "PLINHA-373",
        "geometry_source": "memorial_descritivo",
        "match_distance_m": 0.001,
        "perimeter_m": 61.02,
        "frontage_m": 10.5,
        "dimensions": [
          {
            "from": "140",
            "to": "143",
            "label": "Lote 19",
            "length_m": 10.5
          },
          {
            "from": "143",
            "to": "144",
            "label": "Lote 8",
            "length_m": 20.01
          },
          {
            "from": "144",
            "to": "141",
            "label": "Rua Projetada 7",
            "length_m": 10.5
          },
          {
            "from": "141",
            "to": "140",
            "label": "Lote 6",
            "length_m": 20.01
          }
        ],
        "access": {
          "longitude": -54.5618593,
          "latitude": -16.46686978,
          "label": "Rua Projetada 7",
          "frontage_m": 10.5,
          "confidence": "memorial"
        },
        "memorial_path": "memoriais/Q04/L07.pdf",
        "status_default": "nao_informado",
        "technical_review": []
      },
      "geometry": {
        "type": "Polygon",
        "coordinates": [
          [
            [
              -54.56167930600067,
              -16.466801068052323
            ],
            [
              -54.561667381460744,
              -16.466895207621985
            ],
            [
              -54.561853347033505,
              -16.466916848901935
            ],
            [
              -54.561865243407674,
              -16.466822708982967
            ],
            [
              -54.56167930600067,
              -16.466801068052323
            ]
          ]
        ]
      }
    },
    {
      "type": "Feature",
      "id": "Q04-L08",
      "properties": {
        "quadra": 4,
        "lote": 8,
        "area_m2": 210.11,
        "center": [
          -54.56175441,
          -16.4669531
        ],
        "source_polygon": "PLINHA-371",
        "geometry_source": "memorial_descritivo",
        "match_distance_m": 0.0,
        "perimeter_m": 61.02,
        "frontage_m": 10.5,
        "dimensions": [
          {
            "from": "143",
            "to": "146",
            "label": "Lote 20",
            "length_m": 10.5
          },
          {
            "from": "146",
            "to": "147",
            "label": "Lote 8",
            "length_m": 20.01
          },
          {
            "from": "147",
            "to": "144",
            "label": "Rua Projetada 7",
            "length_m": 10.5
          },
          {
            "from": "144",
            "to": "143",
            "label": "Lote 7",
            "length_m": 20.01
          }
        ],
        "access": {
          "longitude": -54.56184739,
          "latitude": -16.46696392,
          "label": "Rua Projetada 7",
          "frontage_m": 10.5,
          "confidence": "memorial"
        },
        "memorial_path": "memoriais/Q04/L08.pdf",
        "status_default": "nao_informado",
        "technical_review": []
      },
      "geometry": {
        "type": "Polygon",
        "coordinates": [
          [
            [
              -54.561667381460744,
              -16.466895207621985
            ],
            [
              -54.56165546626292,
              -16.466989347297666
            ],
            [
              -54.56184144128131,
              -16.467010988708903
            ],
            [
              -54.561853347033505,
              -16.466916848901935
            ],
            [
              -54.561667381460744,
              -16.466895207621985
            ]
          ]
        ]
      }
    },
    {
      "type": "Feature",
      "id": "Q04-L09",
      "properties": {
        "quadra": 4,
        "lote": 9,
        "area_m2": 210.13,
        "center": [
          -54.5617425,
          -16.46704724
        ],
        "source_polygon": "PLINHA-370",
        "geometry_source": "memorial_descritivo",
        "match_distance_m": 0.001,
        "perimeter_m": 61.02,
        "frontage_m": 10.5,
        "dimensions": [
          {
            "from": "146",
            "to": "149",
            "label": "Lote 21",
            "length_m": 10.5
          },
          {
            "from": "149",
            "to": "150",
            "label": "Lote 10",
            "length_m": 20.01
          },
          {
            "from": "150",
            "to": "147",
            "label": "Rua Projetada 7",
            "length_m": 10.5
          },
          {
            "from": "147",
            "to": "146",
            "label": "Lote 8",
            "length_m": 20.01
          }
        ],
        "access": {
          "longitude": -54.56183549,
          "latitude": -16.46705806,
          "label": "Rua Projetada 7",
          "frontage_m": 10.5,
          "confidence": "memorial"
        },
        "memorial_path": "memoriais/Q04/L09.pdf",
        "status_default": "nao_informado",
        "technical_review": []
      },
      "geometry": {
        "type": "Polygon",
        "coordinates": [
          [
            [
              -54.56165546626292,
              -16.466989347297666
            ],
            [
              -54.56164354168705,
              -16.467083486861338
            ],
            [
              -54.561829535398175,
              -16.46710513754468
            ],
            [
              -54.56184144128131,
              -16.467010988708903
            ],
            [
              -54.56165546626292,
              -16.466989347297666
            ]
          ]
        ]
      }
    },
    {
      "type": "Feature",
      "id": "Q04-L10",
      "properties": {
        "quadra": 4,
        "lote": 10,
        "area_m2": 210.15,
        "center": [
          -54.56173059,
          -16.46714138
        ],
        "source_polygon": "PLINHA-367",
        "geometry_source": "memorial_descritivo",
        "match_distance_m": 0.001,
        "perimeter_m": 61.03,
        "frontage_m": 10.5,
        "dimensions": [
          {
            "from": "149",
            "to": "152",
            "label": "Lote 22",
            "length_m": 10.5
          },
          {
            "from": "152",
            "to": "153",
            "label": "Lote 11",
            "length_m": 20.02
          },
          {
            "from": "153",
            "to": "150",
            "label": "Rua Projetada 7",
            "length_m": 10.5
          },
          {
            "from": "150",
            "to": "149",
            "label": "Lote 9",
            "length_m": 20.01
          }
        ],
        "access": {
          "longitude": -54.56182359,
          "latitude": -16.46715221,
          "label": "Rua Projetada 7",
          "frontage_m": 10.5,
          "confidence": "memorial"
        },
        "memorial_path": "memoriais/Q04/L10.pdf",
        "status_default": "nao_informado",
        "technical_review": []
      },
      "geometry": {
        "type": "Polygon",
        "coordinates": [
          [
            [
              -54.56164354168705,
              -16.467083486861338
            ],
            [
              -54.56163162645328,
              -16.46717762653104
            ],
            [
              -54.56181763897014,
              -16.467199277454696
            ],
            [
              -54.561829535398175,
              -16.46710513754468
            ],
            [
              -54.56164354168705,
              -16.467083486861338
            ]
          ]
        ]
      }
    },
    {
      "type": "Feature",
      "id": "Q04-L11",
      "properties": {
        "quadra": 4,
        "lote": 11,
        "area_m2": 210.17,
        "center": [
          -54.56171867,
          -16.46723552
        ],
        "source_polygon": "PLINHA-366",
        "geometry_source": "memorial_descritivo",
        "match_distance_m": 0.0,
        "perimeter_m": 61.04,
        "frontage_m": 10.5,
        "dimensions": [
          {
            "from": "152",
            "to": "155",
            "label": "Lote 23",
            "length_m": 10.5
          },
          {
            "from": "155",
            "to": "156",
            "label": "Lote 12",
            "length_m": 20.02
          },
          {
            "from": "156",
            "to": "153",
            "label": "Rua Projetada 7",
            "length_m": 10.5
          },
          {
            "from": "153",
            "to": "152",
            "label": "Lote 10",
            "length_m": 20.02
          }
        ],
        "access": {
          "longitude": -54.56181169,
          "latitude": -16.46724635,
          "label": "Rua Projetada 7",
          "frontage_m": 10.5,
          "confidence": "memorial"
        },
        "memorial_path": "memoriais/Q04/L11.pdf",
        "status_default": "nao_informado",
        "technical_review": []
      },
      "geometry": {
        "type": "Polygon",
        "coordinates": [
          [
            [
              -54.56163162645328,
              -16.46717762653104
            ],
            [
              -54.56161970184146,
              -16.467271766088725
            ],
            [
              -54.561805733164064,
              -16.467293417252705
            ],
            [
              -54.56181763897014,
              -16.467199277454696
            ],
            [
              -54.56163162645328,
              -16.46717762653104
            ]
          ]
        ]
      }
    },
    {
      "type": "Feature",
      "id": "Q04-L12",
      "properties": {
        "quadra": 4,
        "lote": 12,
        "area_m2": 210.19,
        "center": [
          -54.56170677,
          -16.46732966
        ],
        "source_polygon": "PLINHA-364",
        "geometry_source": "memorial_descritivo",
        "match_distance_m": 0.001,
        "perimeter_m": 61.04,
        "frontage_m": 30.52,
        "dimensions": [
          {
            "from": "155",
            "to": "158",
            "label": "Lote 24",
            "length_m": 10.5
          },
          {
            "from": "158",
            "to": "159",
            "label": "Alameda Projetada 2",
            "length_m": 20.02
          },
          {
            "from": "159",
            "to": "156",
            "label": "Rua Projetada 7",
            "length_m": 10.5
          },
          {
            "from": "156",
            "to": "155",
            "label": "Lote 11",
            "length_m": 20.02
          }
        ],
        "access": {
          "longitude": -54.56173486,
          "latitude": -16.46736427,
          "label": "Alameda Projetada 2 / Rua Projetada 7",
          "frontage_m": 30.52,
          "confidence": "memorial"
        },
        "memorial_path": "memoriais/Q04/L12.pdf",
        "status_default": "nao_informado",
        "technical_review": []
      },
      "geometry": {
        "type": "Polygon",
        "coordinates": [
          [
            [
              -54.56161970184146,
              -16.467271766088725
            ],
            [
              -54.56160778657175,
              -16.467365905752448
            ],
            [
              -54.56179383658714,
              -16.46738756618854
            ],
            [
              -54.561805733164064,
              -16.467293417252705
            ],
            [
              -54.56161970184146,
              -16.467271766088725
            ]
          ]
        ]
      }
    },
    {
      "type": "Feature",
      "id": "Q04-L13",
      "properties": {
        "quadra": 4,
        "lote": 13,
        "area_m2": 231.54,
        "center": [
          -54.56165396,
          -16.46627917
        ],
        "source_polygon": "PLINHA-356",
        "geometry_source": "memorial_descritivo",
        "match_distance_m": 0.001,
        "perimeter_m": 61.78,
        "frontage_m": 30.26,
        "dimensions": [
          {
            "from": "119",
            "to": "122",
            "label": "Rua Projetada 8",
            "length_m": 5.66
          },
          {
            "from": "122",
            "to": "123",
            "label": "Rua Projetada 8",
            "length_m": 8.6
          },
          {
            "from": "123",
            "to": "124",
            "label": "Lote 14",
            "length_m": 20.0
          },
          {
            "from": "124",
            "to": "120",
            "label": "Lote 1",
            "length_m": 11.75
          },
          {
            "from": "120",
            "to": "119",
            "label": "Rua Projetada 5",
            "length_m": 16.0
          }
        ],
        "access": {
          "longitude": -54.56162451,
          "latitude": -16.46624455,
          "label": "Rua Projetada 8 / Rua Projetada 5",
          "frontage_m": 30.26,
          "confidence": "memorial"
        },
        "memorial_path": "memoriais/Q04/L13.pdf",
        "status_default": "nao_informado",
        "technical_review": []
      },
      "geometry": {
        "type": "Polygon",
        "coordinates": [
          [
            [
              -54.56160220463551,
              -16.46621815841118
            ],
            [
              -54.561560498971225,
              -16.46624964079083
            ],
            [
              -54.561551710413866,
              -16.466319093289304
            ],
            [
              -54.561737550009276,
              -16.46634103122952
            ],
            [
              -54.56175088783413,
              -16.466235679959777
            ],
            [
              -54.56160220463551,
              -16.46621815841118
            ]
          ]
        ]
      }
    },
    {
      "type": "Feature",
      "id": "Q04-L14",
      "properties": {
        "quadra": 4,
        "lote": 14,
        "area_m2": 200.01,
        "center": [
          -54.56163895,
          -16.46637489
        ],
        "source_polygon": "PLINHA-357",
        "geometry_source": "memorial_descritivo",
        "match_distance_m": 0.0,
        "perimeter_m": 60.0,
        "frontage_m": 10.0,
        "dimensions": [
          {
            "from": "123",
            "to": "127",
            "label": "Rua Projetada 8",
            "length_m": 10.0
          },
          {
            "from": "127",
            "to": "128",
            "label": "Lote 15",
            "length_m": 20.0
          },
          {
            "from": "128",
            "to": "124",
            "label": "Lote 2",
            "length_m": 10.0
          },
          {
            "from": "124",
            "to": "123",
            "label": "Lote 13",
            "length_m": 20.0
          }
        ],
        "access": {
          "longitude": -54.56154603,
          "latitude": -16.46636392,
          "label": "Rua Projetada 8",
          "frontage_m": 10.0,
          "confidence": "memorial"
        },
        "memorial_path": "memoriais/Q04/L14.pdf",
        "status_default": "nao_informado",
        "technical_review": []
      },
      "geometry": {
        "type": "Polygon",
        "coordinates": [
          [
            [
              -54.561551710413866,
              -16.466319093289304
            ],
            [
              -54.56154035683187,
              -16.466408750051432
            ],
            [
              -54.56172619650867,
              -16.466430688012856
            ],
            [
              -54.561737550009276,
              -16.46634103122952
            ],
            [
              -54.561551710413866,
              -16.466319093289304
            ]
          ]
        ]
      }
    },
    {
      "type": "Feature",
      "id": "Q04-L15",
      "properties": {
        "quadra": 4,
        "lote": 15,
        "area_m2": 200.02,
        "center": [
          -54.5616276,
          -16.46646455
        ],
        "source_polygon": "PLINHA-358",
        "geometry_source": "memorial_descritivo",
        "match_distance_m": 0.001,
        "perimeter_m": 60.0,
        "frontage_m": 10.0,
        "dimensions": [
          {
            "from": "127",
            "to": "130",
            "label": "Rua Projetada 8",
            "length_m": 10.0
          },
          {
            "from": "130",
            "to": "131",
            "label": "Lote 16",
            "length_m": 20.0
          },
          {
            "from": "131",
            "to": "128",
            "label": "Lote 3",
            "length_m": 10.0
          },
          {
            "from": "128",
            "to": "127",
            "label": "Lote 14",
            "length_m": 20.0
          }
        ],
        "access": {
          "longitude": -54.56153468,
          "latitude": -16.46645358,
          "label": "Rua Projetada 8",
          "frontage_m": 10.0,
          "confidence": "memorial"
        },
        "memorial_path": "memoriais/Q04/L15.pdf",
        "status_default": "nao_informado",
        "technical_review": []
      },
      "geometry": {
        "type": "Polygon",
        "coordinates": [
          [
            [
              -54.56154035683187,
              -16.466408750051432
            ],
            [
              -54.56152900323358,
              -16.466498406810835
            ],
            [
              -54.561714842991755,
              -16.46652034479346
            ],
            [
              -54.56172619650867,
              -16.466430688012856
            ],
            [
              -54.56154035683187,
              -16.466408750051432
            ]
          ]
        ]
      }
    },
    {
      "type": "Feature",
      "id": "Q04-L16",
      "properties": {
        "quadra": 4,
        "lote": 16,
        "area_m2": 206.56,
        "center": [
          -54.56161601,
          -16.46655566
        ],
        "source_polygon": "PLINHA-359",
        "geometry_source": "memorial_descritivo",
        "match_distance_m": 0.001,
        "perimeter_m": 60.66,
        "frontage_m": 10.34,
        "dimensions": [
          {
            "from": "130",
            "to": "133",
            "label": "Rua Projetada 8",
            "length_m": 10.34
          },
          {
            "from": "133",
            "to": "134",
            "label": "Lote 17",
            "length_m": 20.0
          },
          {
            "from": "134",
            "to": "131",
            "label": "Lote 4",
            "length_m": 10.31
          },
          {
            "from": "131",
            "to": "130",
            "label": "Lote 15",
            "length_m": 20.0
          }
        ],
        "access": {
          "longitude": -54.56152313,
          "latitude": -16.46654478,
          "label": "Rua Projetada 8",
          "frontage_m": 10.34,
          "confidence": "memorial"
        },
        "memorial_path": "memoriais/Q04/L16.pdf",
        "status_default": "nao_informado",
        "technical_review": []
      },
      "geometry": {
        "type": "Polygon",
        "coordinates": [
          [
            [
              -54.56152900323358,
              -16.466498406810835
            ],
            [
              -54.561517255295605,
              -16.466591148294256
            ],
            [
              -54.561703136419446,
              -16.46661277965423
            ],
            [
              -54.561714842991755,
              -16.46652034479346
            ],
            [
              -54.56152900323358,
              -16.466498406810835
            ]
          ]
        ]
      }
    },
    {
      "type": "Feature",
      "id": "Q04-L17",
      "properties": {
        "quadra": 4,
        "lote": 17,
        "area_m2": 210.02,
        "center": [
          -54.56160424,
          -16.46664904
        ],
        "source_polygon": "PLINHA-360",
        "geometry_source": "memorial_descritivo",
        "match_distance_m": 0.001,
        "perimeter_m": 61.0,
        "frontage_m": 10.5,
        "dimensions": [
          {
            "from": "133",
            "to": "136",
            "label": "Rua Projetada 8",
            "length_m": 10.5
          },
          {
            "from": "136",
            "to": "137",
            "label": "Lote 18",
            "length_m": 20.0
          },
          {
            "from": "137",
            "to": "134",
            "label": "Lote 5",
            "length_m": 10.5
          },
          {
            "from": "134",
            "to": "133",
            "label": "Lote 16",
            "length_m": 20.0
          }
        ],
        "access": {
          "longitude": -54.56151129,
          "latitude": -16.46663822,
          "label": "Rua Projetada 8",
          "frontage_m": 10.5,
          "confidence": "memorial"
        },
        "memorial_path": "memoriais/Q04/L17.pdf",
        "status_default": "nao_informado",
        "technical_review": []
      },
      "geometry": {
        "type": "Polygon",
        "coordinates": [
          [
            [
              -54.561517255295605,
              -16.466591148294256
            ],
            [
              -54.56150533070612,
              -16.466685287847607
            ],
            [
              -54.561691221162555,
              -16.466706928370666
            ],
            [
              -54.561703136419446,
              -16.46661277965423
            ],
            [
              -54.561517255295605,
              -16.466591148294256
            ]
          ]
        ]
      }
    },
    {
      "type": "Feature",
      "id": "Q04-L18",
      "properties": {
        "quadra": 4,
        "lote": 18,
        "area_m2": 210.02,
        "center": [
          -54.56159232,
          -16.46674318
        ],
        "source_polygon": "PLINHA-361",
        "geometry_source": "memorial_descritivo",
        "match_distance_m": 0.001,
        "perimeter_m": 61.0,
        "frontage_m": 10.5,
        "dimensions": [
          {
            "from": "136",
            "to": "139",
            "label": "Rua Projetada 8",
            "length_m": 10.5
          },
          {
            "from": "139",
            "to": "140",
            "label": "Lote 19",
            "length_m": 20.0
          },
          {
            "from": "140",
            "to": "137",
            "label": "Lote 6",
            "length_m": 10.5
          },
          {
            "from": "137",
            "to": "136",
            "label": "Lote 17",
            "length_m": 20.0
          }
        ],
        "access": {
          "longitude": -54.56149937,
          "latitude": -16.46673236,
          "label": "Rua Projetada 8",
          "frontage_m": 10.5,
          "confidence": "memorial"
        },
        "memorial_path": "memoriais/Q04/L18.pdf",
        "status_default": "nao_informado",
        "technical_review": []
      },
      "geometry": {
        "type": "Polygon",
        "coordinates": [
          [
            [
              -54.56150533070612,
              -16.466685287847607
            ],
            [
              -54.56149341545871,
              -16.466779427507003
            ],
            [
              -54.56167930600067,
              -16.466801068052323
            ],
            [
              -54.561691221162555,
              -16.466706928370666
            ],
            [
              -54.56150533070612,
              -16.466685287847607
            ]
          ]
        ]
      }
    },
    {
      "type": "Feature",
      "id": "Q04-L19",
      "properties": {
        "quadra": 4,
        "lote": 19,
        "area_m2": 210.03,
        "center": [
          -54.5615804,
          -16.46683732
        ],
        "source_polygon": "PLINHA-362",
        "geometry_source": "memorial_descritivo",
        "match_distance_m": 0.001,
        "perimeter_m": 61.0,
        "frontage_m": 10.5,
        "dimensions": [
          {
            "from": "139",
            "to": "142",
            "label": "Rua Projetada 8",
            "length_m": 10.5
          },
          {
            "from": "142",
            "to": "143",
            "label": "Lote 20",
            "length_m": 20.0
          },
          {
            "from": "143",
            "to": "140",
            "label": "Lote 7",
            "length_m": 10.5
          },
          {
            "from": "140",
            "to": "139",
            "label": "Lote 18",
            "length_m": 20.0
          }
        ],
        "access": {
          "longitude": -54.56148745,
          "latitude": -16.4668265,
          "label": "Rua Projetada 8",
          "frontage_m": 10.5,
          "confidence": "memorial"
        },
        "memorial_path": "memoriais/Q04/L19.pdf",
        "status_default": "nao_informado",
        "technical_review": []
      },
      "geometry": {
        "type": "Polygon",
        "coordinates": [
          [
            [
              -54.56149341545871,
              -16.466779427507003
            ],
            [
              -54.561481490833266,
              -16.466873567054368
            ],
            [
              -54.561667381460744,
              -16.466895207621985
            ],
            [
              -54.56167930600067,
              -16.466801068052323
            ],
            [
              -54.56149341545871,
              -16.466779427507003
            ]
          ]
        ]
      }
    },
    {
      "type": "Feature",
      "id": "Q04-L20",
      "properties": {
        "quadra": 4,
        "lote": 20,
        "area_m2": 210.03,
        "center": [
          -54.56156847,
          -16.46693146
        ],
        "source_polygon": "PLINHA-372",
        "geometry_source": "memorial_descritivo",
        "match_distance_m": 0.001,
        "perimeter_m": 61.0,
        "frontage_m": 10.5,
        "dimensions": [
          {
            "from": "142",
            "to": "145",
            "label": "Rua Projetada 8",
            "length_m": 10.5
          },
          {
            "from": "145",
            "to": "146",
            "label": "Lote 21",
            "length_m": 20.0
          },
          {
            "from": "146",
            "to": "143",
            "label": "Lote 8",
            "length_m": 10.5
          },
          {
            "from": "143",
            "to": "142",
            "label": "Lote 19",
            "length_m": 20.0
          }
        ],
        "access": {
          "longitude": -54.56147553,
          "latitude": -16.46692064,
          "label": "Rua Projetada 8",
          "frontage_m": 10.5,
          "confidence": "memorial"
        },
        "memorial_path": "memoriais/Q04/L20.pdf",
        "status_default": "nao_informado",
        "technical_review": []
      },
      "geometry": {
        "type": "Polygon",
        "coordinates": [
          [
            [
              -54.561481490833266,
              -16.466873567054368
            ],
            [
              -54.561469566076866,
              -16.466967715630535
            ],
            [
              -54.56165546626292,
              -16.466989347297666
            ],
            [
              -54.561667381460744,
              -16.466895207621985
            ],
            [
              -54.561481490833266,
              -16.466873567054368
            ]
          ]
        ]
      }
    },
    {
      "type": "Feature",
      "id": "Q04-L21",
      "properties": {
        "quadra": 4,
        "lote": 21,
        "area_m2": 210.03,
        "center": [
          -54.56155656,
          -16.4670256
        ],
        "source_polygon": "PLINHA-369",
        "geometry_source": "memorial_descritivo",
        "match_distance_m": 0.001,
        "perimeter_m": 61.0,
        "frontage_m": 10.5,
        "dimensions": [
          {
            "from": "145",
            "to": "148",
            "label": "Rua Projetada 8",
            "length_m": 10.5
          },
          {
            "from": "148",
            "to": "149",
            "label": "Lote 22",
            "length_m": 20.0
          },
          {
            "from": "149",
            "to": "146",
            "label": "Lote 9",
            "length_m": 10.5
          },
          {
            "from": "146",
            "to": "145",
            "label": "Lote 20",
            "length_m": 20.0
          }
        ],
        "access": {
          "longitude": -54.56146361,
          "latitude": -16.46701479,
          "label": "Rua Projetada 8",
          "frontage_m": 10.5,
          "confidence": "memorial"
        },
        "memorial_path": "memoriais/Q04/L21.pdf",
        "status_default": "nao_informado",
        "technical_review": []
      },
      "geometry": {
        "type": "Polygon",
        "coordinates": [
          [
            [
              -54.561469566076866,
              -16.466967715630535
            ],
            [
              -54.56145765077553,
              -16.467061855280956
            ],
            [
              -54.56164354168705,
              -16.467083486861338
            ],
            [
              -54.56165546626292,
              -16.466989347297666
            ],
            [
              -54.561469566076866,
              -16.466967715630535
            ]
          ]
        ]
      }
    },
    {
      "type": "Feature",
      "id": "Q04-L22",
      "properties": {
        "quadra": 4,
        "lote": 22,
        "area_m2": 210.03,
        "center": [
          -54.56154464,
          -16.46711974
        ],
        "source_polygon": "PLINHA-368",
        "geometry_source": "memorial_descritivo",
        "match_distance_m": 0.001,
        "perimeter_m": 61.0,
        "frontage_m": 10.5,
        "dimensions": [
          {
            "from": "148",
            "to": "151",
            "label": "Rua Projetada 8",
            "length_m": 10.5
          },
          {
            "from": "151",
            "to": "152",
            "label": "Lote 23",
            "length_m": 20.0
          },
          {
            "from": "152",
            "to": "149",
            "label": "Lote 10",
            "length_m": 10.5
          },
          {
            "from": "149",
            "to": "148",
            "label": "Lote 23",
            "length_m": 20.0
          }
        ],
        "access": {
          "longitude": -54.56145169,
          "latitude": -16.46710893,
          "label": "Rua Projetada 8",
          "frontage_m": 10.5,
          "confidence": "memorial"
        },
        "memorial_path": "memoriais/Q04/L22.pdf",
        "status_default": "nao_informado",
        "technical_review": []
      },
      "geometry": {
        "type": "Polygon",
        "coordinates": [
          [
            [
              -54.56145765077553,
              -16.467061855280956
            ],
            [
              -54.56144572609616,
              -16.46715599481935
            ],
            [
              -54.56163162645328,
              -16.46717762653104
            ],
            [
              -54.56164354168705,
              -16.467083486861338
            ],
            [
              -54.56145765077553,
              -16.467061855280956
            ]
          ]
        ]
      }
    },
    {
      "type": "Feature",
      "id": "Q04-L23",
      "properties": {
        "quadra": 4,
        "lote": 23,
        "area_m2": 210.04,
        "center": [
          -54.56153271,
          -16.46721388
        ],
        "source_polygon": "PLINHA-365",
        "geometry_source": "memorial_descritivo",
        "match_distance_m": 0.0,
        "perimeter_m": 61.0,
        "frontage_m": 10.5,
        "dimensions": [
          {
            "from": "151",
            "to": "154",
            "label": "Rua Projetada 8",
            "length_m": 10.5
          },
          {
            "from": "154",
            "to": "155",
            "label": "Lote 24",
            "length_m": 20.0
          },
          {
            "from": "155",
            "to": "152",
            "label": "Lote 11",
            "length_m": 10.5
          },
          {
            "from": "152",
            "to": "151",
            "label": "Lote 22",
            "length_m": 20.0
          }
        ],
        "access": {
          "longitude": -54.56143976,
          "latitude": -16.46720306,
          "label": "Rua Projetada 8",
          "frontage_m": 10.5,
          "confidence": "memorial"
        },
        "memorial_path": "memoriais/Q04/L23.pdf",
        "status_default": "nao_informado",
        "technical_review": []
      },
      "geometry": {
        "type": "Polygon",
        "coordinates": [
          [
            [
              -54.56144572609616,
              -16.46715599481935
            ],
            [
              -54.56143380139881,
              -16.467250134354757
            ],
            [
              -54.56161970184146,
              -16.467271766088725
            ],
            [
              -54.56163162645328,
              -16.46717762653104
            ],
            [
              -54.56144572609616,
              -16.46715599481935
            ]
          ]
        ]
      }
    },
    {
      "type": "Feature",
      "id": "Q04-L24",
      "properties": {
        "quadra": 4,
        "lote": 24,
        "area_m2": 210.04,
        "center": [
          -54.56152079,
          -16.46730802
        ],
        "source_polygon": "PLINHA-363",
        "geometry_source": "memorial_descritivo",
        "match_distance_m": 0.0,
        "perimeter_m": 61.0,
        "frontage_m": 30.5,
        "dimensions": [
          {
            "from": "154",
            "to": "157",
            "label": "Rua Projetada 8",
            "length_m": 10.5
          },
          {
            "from": "157",
            "to": "158",
            "label": "Alameda Projetada 02",
            "length_m": 20.0
          },
          {
            "from": "158",
            "to": "155",
            "label": "Lote 12",
            "length_m": 10.5
          },
          {
            "from": "155",
            "to": "154",
            "label": "Lote 23",
            "length_m": 20.0
          }
        ],
        "access": {
          "longitude": -54.56148489,
          "latitude": -16.46733516,
          "label": "Rua Projetada 8 / Alameda Projetada 02",
          "frontage_m": 30.5,
          "confidence": "memorial"
        },
        "memorial_path": "memoriais/Q04/L24.pdf",
        "status_default": "nao_informado",
        "technical_review": []
      },
      "geometry": {
        "type": "Polygon",
        "coordinates": [
          [
            [
              -54.56143380139881,
              -16.467250134354757
            ],
            [
              -54.56142188604357,
              -16.467344273996208
            ],
            [
              -54.56160778657175,
              -16.467365905752448
            ],
            [
              -54.56161970184146,
              -16.467271766088725
            ],
            [
              -54.56143380139881,
              -16.467250134354757
            ]
          ]
        ]
      }
    },
    {
      "type": "Feature",
      "id": "Q05-L01",
      "properties": {
        "quadra": 5,
        "lote": 1,
        "area_m2": 210.11,
        "center": [
          -54.5616915,
          -16.46745071
        ],
        "source_polygon": "PLINHA-383",
        "geometry_source": "memorial_descritivo",
        "match_distance_m": 0.001,
        "perimeter_m": 61.02,
        "frontage_m": 30.51,
        "dimensions": [
          {
            "from": "161",
            "to": "164",
            "label": "Lote 11",
            "length_m": 10.5
          },
          {
            "from": "164",
            "to": "165",
            "label": "Lote 2",
            "length_m": 20.01
          },
          {
            "from": "165",
            "to": "162",
            "label": "Rua Projetada 7",
            "length_m": 10.5
          },
          {
            "from": "162",
            "to": "161",
            "label": "Alameda Projetada 2",
            "length_m": 20.01
          }
        ],
        "access": {
          "longitude": -54.5617274,
          "latitude": -16.46742357,
          "label": "Rua Projetada 7 / Alameda Projetada 2",
          "frontage_m": 30.51,
          "confidence": "memorial"
        },
        "memorial_path": "memoriais/Q05/L01.pdf",
        "status_default": "nao_informado",
        "technical_review": []
      },
      "geometry": {
        "type": "Polygon",
        "coordinates": [
          [
            [
              -54.56160447290627,
              -16.46739282192135
            ],
            [
              -54.561592548253394,
              -16.46748696147222
            ],
            [
              -54.56177853308418,
              -16.467508603110193
            ],
            [
              -54.56179042957121,
              -16.467414463209987
            ],
            [
              -54.56160447290627,
              -16.46739282192135
            ]
          ]
        ]
      }
    },
    {
      "type": "Feature",
      "id": "Q05-L02",
      "properties": {
        "quadra": 5,
        "lote": 2,
        "area_m2": 200.12,
        "center": [
          -54.56167987,
          -16.46754261
        ],
        "source_polygon": "PLINHA-382",
        "geometry_source": "memorial_descritivo",
        "match_distance_m": 0.001,
        "perimeter_m": 60.02,
        "frontage_m": 10.0,
        "dimensions": [
          {
            "from": "164",
            "to": "167",
            "label": "Lote 12",
            "length_m": 10.0
          },
          {
            "from": "167",
            "to": "168",
            "label": "Lote 3",
            "length_m": 20.01
          },
          {
            "from": "168",
            "to": "165",
            "label": "Rua Projetada 7",
            "length_m": 10.0
          },
          {
            "from": "165",
            "to": "164",
            "label": "Lote 1",
            "length_m": 20.01
          }
        ],
        "access": {
          "longitude": -54.56177287,
          "latitude": -16.46755343,
          "label": "Rua Projetada 7",
          "frontage_m": 10.0,
          "confidence": "memorial"
        },
        "memorial_path": "memoriais/Q05/L02.pdf",
        "status_default": "nao_informado",
        "technical_review": []
      },
      "geometry": {
        "type": "Polygon",
        "coordinates": [
          [
            [
              -54.561592548253394,
              -16.46748696147222
            ],
            [
              -54.561581203904545,
              -16.4675766183299
            ],
            [
              -54.56176719817694,
              -16.46759826009813
            ],
            [
              -54.56177853308418,
              -16.467508603110193
            ],
            [
              -54.561592548253394,
              -16.46748696147222
            ]
          ]
        ]
      }
    },
    {
      "type": "Feature",
      "id": "Q05-L03",
      "properties": {
        "quadra": 5,
        "lote": 3,
        "area_m2": 200.14,
        "center": [
          -54.56166853,
          -16.46763227
        ],
        "source_polygon": "PLINHA-379",
        "geometry_source": "memorial_descritivo",
        "match_distance_m": 0.001,
        "perimeter_m": 61.03,
        "frontage_m": 10.0,
        "dimensions": [
          {
            "from": "167",
            "to": "170",
            "label": "Lote 13",
            "length_m": 10.0
          },
          {
            "from": "170",
            "to": "171",
            "label": "Lote 4",
            "length_m": 20.02
          },
          {
            "from": "171",
            "to": "168",
            "label": "Rua Projetada 7",
            "length_m": 10.0
          },
          {
            "from": "168",
            "to": "167",
            "label": "Lote 2",
            "length_m": 20.01
          }
        ],
        "access": {
          "longitude": -54.56176153,
          "latitude": -16.46764309,
          "label": "Rua Projetada 7",
          "frontage_m": 10.0,
          "confidence": "memorial"
        },
        "memorial_path": "memoriais/Q05/L03.pdf",
        "status_default": "nao_informado",
        "technical_review": []
      },
      "geometry": {
        "type": "Polygon",
        "coordinates": [
          [
            [
              -54.561581203904545,
              -16.4675766183299
            ],
            [
              -54.56156985017931,
              -16.467666275075864
            ],
            [
              -54.56175585378031,
              -16.467687926006114
            ],
            [
              -54.56176719817694,
              -16.46759826009813
            ],
            [
              -54.561581203904545,
              -16.4675766183299
            ]
          ]
        ]
      }
    },
    {
      "type": "Feature",
      "id": "Q05-L04",
      "properties": {
        "quadra": 5,
        "lote": 4,
        "area_m2": 210.17,
        "center": [
          -54.5616569,
          -16.46772417
        ],
        "source_polygon": "PLINHA-378",
        "geometry_source": "memorial_descritivo",
        "match_distance_m": 0.001,
        "perimeter_m": 61.03,
        "frontage_m": 10.5,
        "dimensions": [
          {
            "from": "170",
            "to": "173",
            "label": "Lote 14",
            "length_m": 10.5
          },
          {
            "from": "173",
            "to": "174",
            "label": "Lote 5",
            "length_m": 20.02
          },
          {
            "from": "174",
            "to": "171",
            "label": "Rua Projetada 7",
            "length_m": 10.5
          },
          {
            "from": "171",
            "to": "170",
            "label": "Lote 3",
            "length_m": 20.02
          }
        ],
        "access": {
          "longitude": -54.56174991,
          "latitude": -16.467735,
          "label": "Rua Projetada 7",
          "frontage_m": 10.5,
          "confidence": "memorial"
        },
        "memorial_path": "memoriais/Q05/L04.pdf",
        "status_default": "nao_informado",
        "technical_review": []
      },
      "geometry": {
        "type": "Polygon",
        "coordinates": [
          [
            [
              -54.56156985017931,
              -16.467666275075864
            ],
            [
              -54.56155792547422,
              -16.46776041461804
            ],
            [
              -54.561743957241134,
              -16.467782065897655
            ],
            [
              -54.56175585378031,
              -16.467687926006114
            ],
            [
              -54.56156985017931,
              -16.467666275075864
            ]
          ]
        ]
      }
    },
    {
      "type": "Feature",
      "id": "Q05-L05",
      "properties": {
        "quadra": 5,
        "lote": 5,
        "area_m2": 210.19,
        "center": [
          -54.56164499,
          -16.46781831
        ],
        "source_polygon": "PLINHA-387",
        "geometry_source": "memorial_descritivo",
        "match_distance_m": 0.0,
        "perimeter_m": 61.04,
        "frontage_m": 10.5,
        "dimensions": [
          {
            "from": "173",
            "to": "176",
            "label": "Lote 15",
            "length_m": 10.5
          },
          {
            "from": "176",
            "to": "177",
            "label": "Lote 6",
            "length_m": 20.02
          },
          {
            "from": "177",
            "to": "174",
            "label": "Rua Projetada 7",
            "length_m": 10.5
          },
          {
            "from": "174",
            "to": "173",
            "label": "Lote 4",
            "length_m": 20.02
          }
        ],
        "access": {
          "longitude": -54.561738,
          "latitude": -16.46782914,
          "label": "Rua Projetada 7",
          "frontage_m": 10.5,
          "confidence": "memorial"
        },
        "memorial_path": "memoriais/Q05/L05.pdf",
        "status_default": "nao_informado",
        "technical_review": []
      },
      "geometry": {
        "type": "Polygon",
        "coordinates": [
          [
            [
              -54.56155792547422,
              -16.46776041461804
            ],
            [
              -54.561546010111265,
              -16.467854554266253
            ],
            [
              -54.56173205132389,
              -16.467876205677186
            ],
            [
              -54.561743957241134,
              -16.467782065897655
            ],
            [
              -54.56155792547422,
              -16.46776041461804
            ]
          ]
        ]
      }
    },
    {
      "type": "Feature",
      "id": "Q05-L06",
      "properties": {
        "quadra": 5,
        "lote": 6,
        "area_m2": 210.21,
        "center": [
          -54.56163308,
          -16.46791245
        ],
        "source_polygon": "PLINHA-386",
        "geometry_source": "memorial_descritivo",
        "match_distance_m": 0.001,
        "perimeter_m": 61.04,
        "frontage_m": 10.5,
        "dimensions": [
          {
            "from": "176",
            "to": "179",
            "label": "Lote 16",
            "length_m": 10.5
          },
          {
            "from": "179",
            "to": "180",
            "label": "Lote 7",
            "length_m": 20.02
          },
          {
            "from": "180",
            "to": "177",
            "label": "Rua Projetada 7",
            "length_m": 10.5
          },
          {
            "from": "177",
            "to": "176",
            "label": "Lote 5",
            "length_m": 20.02
          }
        ],
        "access": {
          "longitude": -54.5617261,
          "latitude": -16.46792328,
          "label": "Rua Projetada 7",
          "frontage_m": 10.5,
          "confidence": "memorial"
        },
        "memorial_path": "memoriais/Q05/L06.pdf",
        "status_default": "nao_informado",
        "technical_review": []
      },
      "geometry": {
        "type": "Polygon",
        "coordinates": [
          [
            [
              -54.561546010111265,
              -16.467854554266253
            ],
            [
              -54.561534085370226,
              -16.467948693802448
            ],
            [
              -54.56172015463581,
              -16.467970354594524
            ],
            [
              -54.56173205132389,
              -16.467876205677186
            ],
            [
              -54.561546010111265,
              -16.467854554266253
            ]
          ]
        ]
      }
    },
    {
      "type": "Feature",
      "id": "Q05-L07",
      "properties": {
        "quadra": 5,
        "lote": 7,
        "area_m2": 210.23,
        "center": [
          -54.56162116,
          -16.46800659
        ],
        "source_polygon": "PLINHA-395",
        "geometry_source": "memorial_descritivo",
        "match_distance_m": 0.001,
        "perimeter_m": 61.04,
        "frontage_m": 10.5,
        "dimensions": [
          {
            "from": "179",
            "to": "182",
            "label": "Lote 17",
            "length_m": 10.5
          },
          {
            "from": "182",
            "to": "183",
            "label": "Lote 8",
            "length_m": 20.02
          },
          {
            "from": "183",
            "to": "180",
            "label": "Rua Projetada 7",
            "length_m": 10.5
          },
          {
            "from": "180",
            "to": "179",
            "label": "Lote 6",
            "length_m": 20.02
          }
        ],
        "access": {
          "longitude": -54.5617142,
          "latitude": -16.46801742,
          "label": "Rua Projetada 7",
          "frontage_m": 10.5,
          "confidence": "memorial"
        },
        "memorial_path": "memoriais/Q05/L07.pdf",
        "status_default": "nao_informado",
        "technical_review": []
      },
      "geometry": {
        "type": "Polygon",
        "coordinates": [
          [
            [
              -54.561534085370226,
              -16.467948693802448
            ],
            [
              -54.561522169971326,
              -16.46804283344468
            ],
            [
              -54.561708248682635,
              -16.468064494368086
            ],
            [
              -54.56172015463581,
              -16.467970354594524
            ],
            [
              -54.561534085370226,
              -16.467948693802448
            ]
          ]
        ]
      }
    },
    {
      "type": "Feature",
      "id": "Q05-L08",
      "properties": {
        "quadra": 5,
        "lote": 8,
        "area_m2": 210.25,
        "center": [
          -54.56160925,
          -16.46810074
        ],
        "source_polygon": "PLINHA-392",
        "geometry_source": "memorial_descritivo",
        "match_distance_m": 0.001,
        "perimeter_m": 61.04,
        "frontage_m": 10.5,
        "dimensions": [
          {
            "from": "182",
            "to": "185",
            "label": "Lote18",
            "length_m": 10.5
          },
          {
            "from": "185",
            "to": "186",
            "label": "Lote 9",
            "length_m": 20.02
          },
          {
            "from": "186",
            "to": "183",
            "label": "Rua Projetada 7",
            "length_m": 10.5
          },
          {
            "from": "183",
            "to": "182",
            "label": "Lote 7",
            "length_m": 20.02
          }
        ],
        "access": {
          "longitude": -54.5617023,
          "latitude": -16.46811156,
          "label": "Rua Projetada 7",
          "frontage_m": 10.5,
          "confidence": "memorial"
        },
        "memorial_path": "memoriais/Q05/L08.pdf",
        "status_default": "nao_informado",
        "technical_review": []
      },
      "geometry": {
        "type": "Polygon",
        "coordinates": [
          [
            [
              -54.561522169971326,
              -16.46804283344468
            ],
            [
              -54.56151025444146,
              -16.468136982115706
            ],
            [
              -54.56169634271151,
              -16.468158634138653
            ],
            [
              -54.561708248682635,
              -16.468064494368086
            ],
            [
              -54.561522169971326,
              -16.46804283344468
            ]
          ]
        ]
      }
    },
    {
      "type": "Feature",
      "id": "Q05-L09",
      "properties": {
        "quadra": 5,
        "lote": 9,
        "area_m2": 206.76,
        "center": [
          -54.56159749,
          -16.4681941
        ],
        "source_polygon": "PLINHA-391",
        "geometry_source": "memorial_descritivo",
        "match_distance_m": 0.001,
        "perimeter_m": 60.7,
        "frontage_m": 10.34,
        "dimensions": [
          {
            "from": "185",
            "to": "188",
            "label": "Lote 19",
            "length_m": 10.31
          },
          {
            "from": "188",
            "to": "189",
            "label": "Lote 10",
            "length_m": 20.03
          },
          {
            "from": "189",
            "to": "186",
            "label": "Rua Projetada 7",
            "length_m": 10.34
          },
          {
            "from": "186",
            "to": "185",
            "label": "Lote 8",
            "length_m": 20.02
          }
        ],
        "access": {
          "longitude": -54.56169048,
          "latitude": -16.46820499,
          "label": "Rua Projetada 7",
          "frontage_m": 10.34,
          "confidence": "memorial"
        },
        "memorial_path": "memoriais/Q05/L09.pdf",
        "status_default": "nao_informado",
        "technical_review": []
      },
      "geometry": {
        "type": "Polygon",
        "coordinates": [
          [
            [
              -54.56151025444146,
              -16.468136982115706
            ],
            [
              -54.561498547566096,
              -16.468229416926068
            ],
            [
              -54.561684623170365,
              -16.46825133981534
            ],
            [
              -54.56169634271151,
              -16.468158634138653
            ],
            [
              -54.56151025444146,
              -16.468136982115706
            ]
          ]
        ]
      }
    },
    {
      "type": "Feature",
      "id": "Q05-L10",
      "properties": {
        "quadra": 5,
        "lote": 10,
        "area_m2": 231.02,
        "center": [
          -54.56158227,
          -16.46829109
        ],
        "source_polygon": "PLINHA-388",
        "geometry_source": "memorial_descritivo",
        "match_distance_m": 0.001,
        "perimeter_m": 61.75,
        "frontage_m": 30.23,
        "dimensions": [
          {
            "from": "188",
            "to": "192",
            "label": "Lote 20",
            "length_m": 11.71
          },
          {
            "from": "192",
            "to": "193",
            "label": "Rua Projetada 16",
            "length_m": 16.0
          },
          {
            "from": "193",
            "to": "194",
            "label": "Rua Projetada 16",
            "length_m": 5.67
          },
          {
            "from": "194",
            "to": "189",
            "label": "Rua Projetada 7",
            "length_m": 8.56
          },
          {
            "from": "189",
            "to": "188",
            "label": "Lote 9",
            "length_m": 20.03
          }
        ],
        "access": {
          "longitude": -54.56161164,
          "latitude": -16.46832563,
          "label": "Rua Projetada 16 / Rua Projetada 7",
          "frontage_m": 30.23,
          "confidence": "memorial"
        },
        "memorial_path": "memoriais/Q05/L10.pdf",
        "status_default": "nao_informado",
        "technical_review": []
      },
      "geometry": {
        "type": "Polygon",
        "coordinates": [
          [
            [
              -54.561498547566096,
              -16.468229416926068
            ],
            [
              -54.56148526108802,
              -16.468334371271784
            ],
            [
              -54.56163394551381,
              -16.468351920210612
            ],
            [
              -54.56167588544487,
              -16.46832045867001
            ],
            [
              -54.561684623170365,
              -16.46825133981534
            ],
            [
              -54.561498547566096,
              -16.468229416926068
            ]
          ]
        ]
      }
    },
    {
      "type": "Feature",
      "id": "Q05-L11",
      "properties": {
        "quadra": 5,
        "lote": 11,
        "area_m2": 210.15,
        "center": [
          -54.56150551,
          -16.46742907
        ],
        "source_polygon": "PLINHA-384",
        "geometry_source": "memorial_descritivo",
        "match_distance_m": 0.001,
        "perimeter_m": 61.02,
        "frontage_m": 30.51,
        "dimensions": [
          {
            "from": "160",
            "to": "163",
            "label": "Rua Projetada 8",
            "length_m": 10.5
          },
          {
            "from": "163",
            "to": "164",
            "label": "Lote 12",
            "length_m": 20.01
          },
          {
            "from": "164",
            "to": "161",
            "label": "Lote 1",
            "length_m": 10.5
          },
          {
            "from": "161",
            "to": "160",
            "label": "O Alameda Projetada 2",
            "length_m": 20.01
          }
        ],
        "access": {
          "longitude": -54.56147742,
          "latitude": -16.46739447,
          "label": "Rua Projetada 8 / O Alameda Projetada 2",
          "frontage_m": 30.51,
          "confidence": "memorial"
        },
        "memorial_path": "memoriais/Q05/L11.pdf",
        "status_default": "nao_informado",
        "technical_review": []
      },
      "geometry": {
        "type": "Polygon",
        "coordinates": [
          [
            [
              -54.56141847897874,
              -16.46737117100492
            ],
            [
              -54.56140655424029,
              -16.467465310533495
            ],
            [
              -54.561592548253394,
              -16.46748696147222
            ],
            [
              -54.56160447290627,
              -16.46739282192135
            ],
            [
              -54.56141847897874,
              -16.46737117100492
            ]
          ]
        ]
      }
    },
    {
      "type": "Feature",
      "id": "Q05-L12",
      "properties": {
        "quadra": 5,
        "lote": 12,
        "area_m2": 200.14,
        "center": [
          -54.56149388,
          -16.46752096
        ],
        "source_polygon": "PLINHA-381",
        "geometry_source": "memorial_descritivo",
        "match_distance_m": 0.001,
        "perimeter_m": 61.03,
        "frontage_m": 10.0,
        "dimensions": [
          {
            "from": "163",
            "to": "166",
            "label": "Rua Projetada 8",
            "length_m": 10.0
          },
          {
            "from": "166",
            "to": "167",
            "label": "Lote 13",
            "length_m": 20.01
          },
          {
            "from": "167",
            "to": "164",
            "label": "Lote 2",
            "length_m": 10.0
          },
          {
            "from": "164",
            "to": "163",
            "label": "Lote 11",
            "length_m": 20.01
          }
        ],
        "access": {
          "longitude": -54.56140088,
          "latitude": -16.46751014,
          "label": "Rua Projetada 8",
          "frontage_m": 10.0,
          "confidence": "memorial"
        },
        "memorial_path": "memoriais/Q05/L12.pdf",
        "status_default": "nao_informado",
        "technical_review": []
      },
      "geometry": {
        "type": "Polygon",
        "coordinates": [
          [
            [
              -54.56140655424029,
              -16.467465310533495
            ],
            [
              -54.56139520044986,
              -16.467554967260934
            ],
            [
              -54.561581203904545,
              -16.4675766183299
            ],
            [
              -54.561592548253394,
              -16.46748696147222
            ],
            [
              -54.56140655424029,
              -16.467465310533495
            ]
          ]
        ]
      }
    },
    {
      "type": "Feature",
      "id": "Q05-L13",
      "properties": {
        "quadra": 5,
        "lote": 13,
        "area_m2": 200.14,
        "center": [
          -54.56148253,
          -16.46761062
        ],
        "source_polygon": "PLINHA-380",
        "geometry_source": "memorial_descritivo",
        "match_distance_m": 0.0,
        "perimeter_m": 60.03,
        "frontage_m": 10.0,
        "dimensions": [
          {
            "from": "166",
            "to": "169",
            "label": "Rua Projetada 8",
            "length_m": 10.0
          },
          {
            "from": "169",
            "to": "170",
            "label": "Lote 14",
            "length_m": 20.01
          },
          {
            "from": "170",
            "to": "167",
            "label": "Lote 3",
            "length_m": 10.0
          },
          {
            "from": "167",
            "to": "166",
            "label": "Lote 12",
            "length_m": 20.01
          }
        ],
        "access": {
          "longitude": -54.56138952,
          "latitude": -16.4675998,
          "label": "Rua Projetada 8",
          "frontage_m": 10.0,
          "confidence": "memorial"
        },
        "memorial_path": "memoriais/Q05/L13.pdf",
        "status_default": "nao_informado",
        "technical_review": [
          "área memorial 200.14, KML [210.14]"
        ]
      },
      "geometry": {
        "type": "Polygon",
        "coordinates": [
          [
            [
              -54.56139520044986,
              -16.467554967260934
            ],
            [
              -54.56138384664311,
              -16.467644623985667
            ],
            [
              -54.56156985017931,
              -16.467666275075864
            ],
            [
              -54.561581203904545,
              -16.4675766183299
            ],
            [
              -54.56139520044986,
              -16.467554967260934
            ]
          ]
        ]
      }
    },
    {
      "type": "Feature",
      "id": "Q05-L14",
      "properties": {
        "quadra": 5,
        "lote": 14,
        "area_m2": 210.15,
        "center": [
          -54.56147089,
          -16.46770252
        ],
        "source_polygon": "PLINHA-377",
        "geometry_source": "memorial_descritivo",
        "match_distance_m": 0.0,
        "perimeter_m": 61.02,
        "frontage_m": 10.5,
        "dimensions": [
          {
            "from": "169",
            "to": "172",
            "label": "Rua Projetada 8",
            "length_m": 10.5
          },
          {
            "from": "172",
            "to": "173",
            "label": "Lote 15",
            "length_m": 20.01
          },
          {
            "from": "173",
            "to": "170",
            "label": "Lote 4",
            "length_m": 10.5
          },
          {
            "from": "170",
            "to": "169",
            "label": "Lote 13",
            "length_m": 20.01
          }
        ],
        "access": {
          "longitude": -54.56137788,
          "latitude": -16.46769169,
          "label": "Rua Projetada 8",
          "frontage_m": 10.5,
          "confidence": "memorial"
        },
        "memorial_path": "memoriais/Q05/L14.pdf",
        "status_default": "nao_informado",
        "technical_review": []
      },
      "geometry": {
        "type": "Polygon",
        "coordinates": [
          [
            [
              -54.56138384664311,
              -16.467644623985667
            ],
            [
              -54.56137192185245,
              -16.467738763505547
            ],
            [
              -54.56155792547422,
              -16.46776041461804
            ],
            [
              -54.56156985017931,
              -16.467666275075864
            ],
            [
              -54.56138384664311,
              -16.467644623985667
            ]
          ]
        ]
      }
    },
    {
      "type": "Feature",
      "id": "Q05-L15",
      "properties": {
        "quadra": 5,
        "lote": 15,
        "area_m2": 210.16,
        "center": [
          -54.56145896,
          -16.46779666
        ],
        "source_polygon": "PLINHA-376",
        "geometry_source": "memorial_descritivo",
        "match_distance_m": 0.001,
        "perimeter_m": 61.02,
        "frontage_m": 10.5,
        "dimensions": [
          {
            "from": "172",
            "to": "175",
            "label": "Rua Projetada 8",
            "length_m": 10.5
          },
          {
            "from": "175",
            "to": "176",
            "label": "Lote 16",
            "length_m": 20.01
          },
          {
            "from": "176",
            "to": "173",
            "label": "Lote 5",
            "length_m": 10.5
          },
          {
            "from": "173",
            "to": "172",
            "label": "Lote 14",
            "length_m": 20.01
          }
        ],
        "access": {
          "longitude": -54.56136596,
          "latitude": -16.46778584,
          "label": "Rua Projetada 8",
          "frontage_m": 10.5,
          "confidence": "memorial"
        },
        "memorial_path": "memoriais/Q05/L15.pdf",
        "status_default": "nao_informado",
        "technical_review": []
      },
      "geometry": {
        "type": "Polygon",
        "coordinates": [
          [
            [
              -54.56137192185245,
              -16.467738763505547
            ],
            [
              -54.561359996930804,
              -16.467832912054217
            ],
            [
              -54.561546010111265,
              -16.467854554266253
            ],
            [
              -54.56155792547422,
              -16.46776041461804
            ],
            [
              -54.56137192185245,
              -16.467738763505547
            ]
          ]
        ]
      }
    },
    {
      "type": "Feature",
      "id": "Q05-L16",
      "properties": {
        "quadra": 5,
        "lote": 16,
        "area_m2": 210.16,
        "center": [
          -54.56144704,
          -16.4678908
        ],
        "source_polygon": "PLINHA-385",
        "geometry_source": "memorial_descritivo",
        "match_distance_m": 0.001,
        "perimeter_m": 61.02,
        "frontage_m": 10.5,
        "dimensions": [
          {
            "from": "175",
            "to": "178",
            "label": "Rua Projetada 8",
            "length_m": 10.5
          },
          {
            "from": "178",
            "to": "179",
            "label": "Lote 17",
            "length_m": 20.02
          },
          {
            "from": "179",
            "to": "176",
            "label": "Lote 6",
            "length_m": 10.5
          },
          {
            "from": "176",
            "to": "175",
            "label": "Lote 15",
            "length_m": 20.01
          }
        ],
        "access": {
          "longitude": -54.56135404,
          "latitude": -16.46787998,
          "label": "Rua Projetada 8",
          "frontage_m": 10.5,
          "confidence": "memorial"
        },
        "memorial_path": "memoriais/Q05/L16.pdf",
        "status_default": "nao_informado",
        "technical_review": []
      },
      "geometry": {
        "type": "Polygon",
        "coordinates": [
          [
            [
              -54.561359996930804,
              -16.467832912054217
            ],
            [
              -54.56134808146429,
              -16.46792705167715
            ],
            [
              -54.561534085370226,
              -16.467948693802448
            ],
            [
              -54.561546010111265,
              -16.467854554266253
            ],
            [
              -54.561359996930804,
              -16.467832912054217
            ]
          ]
        ]
      }
    },
    {
      "type": "Feature",
      "id": "Q05-L17",
      "properties": {
        "quadra": 5,
        "lote": 17,
        "area_m2": 210.16,
        "center": [
          -54.56143512,
          -16.46798494
        ],
        "source_polygon": "PLINHA-394",
        "geometry_source": "memorial_descritivo",
        "match_distance_m": 0.001,
        "perimeter_m": 61.02,
        "frontage_m": 10.5,
        "dimensions": [
          {
            "from": "178",
            "to": "181",
            "label": "Rua Projetada 8",
            "length_m": 10.5
          },
          {
            "from": "181",
            "to": "182",
            "label": "Lote 18",
            "length_m": 20.02
          },
          {
            "from": "182",
            "to": "179",
            "label": "Lote 7",
            "length_m": 10.5
          },
          {
            "from": "179",
            "to": "178",
            "label": "Lote 16",
            "length_m": 20.02
          }
        ],
        "access": {
          "longitude": -54.56134212,
          "latitude": -16.46797412,
          "label": "Rua Projetada 8",
          "frontage_m": 10.5,
          "confidence": "memorial"
        },
        "memorial_path": "memoriais/Q05/L17.pdf",
        "status_default": "nao_informado",
        "technical_review": []
      },
      "geometry": {
        "type": "Polygon",
        "coordinates": [
          [
            [
              -54.56134808146429,
              -16.46792705167715
            ],
            [
              -54.56133615661968,
              -16.46802119118806
            ],
            [
              -54.561522169971326,
              -16.46804283344468
            ],
            [
              -54.561534085370226,
              -16.467948693802448
            ],
            [
              -54.56134808146429,
              -16.46792705167715
            ]
          ]
        ]
      }
    },
    {
      "type": "Feature",
      "id": "Q05-L18",
      "properties": {
        "quadra": 5,
        "lote": 18,
        "area_m2": 210.16,
        "center": [
          -54.5614232,
          -16.46807908
        ],
        "source_polygon": "PLINHA-393",
        "geometry_source": "memorial_descritivo",
        "match_distance_m": 0.001,
        "perimeter_m": 61.04,
        "frontage_m": 10.5,
        "dimensions": [
          {
            "from": "181",
            "to": "184",
            "label": "Rua Projetada 8",
            "length_m": 10.5
          },
          {
            "from": "184",
            "to": "185",
            "label": "Lote 19",
            "length_m": 20.02
          },
          {
            "from": "185",
            "to": "182",
            "label": "Lote 8",
            "length_m": 10.5
          },
          {
            "from": "182",
            "to": "181",
            "label": "Lote 17",
            "length_m": 20.02
          }
        ],
        "access": {
          "longitude": -54.56133019,
          "latitude": -16.46806826,
          "label": "Rua Projetada 8",
          "frontage_m": 10.5,
          "confidence": "memorial"
        },
        "memorial_path": "memoriais/Q05/L18.pdf",
        "status_default": "nao_informado",
        "technical_review": []
      },
      "geometry": {
        "type": "Polygon",
        "coordinates": [
          [
            [
              -54.56133615661968,
              -16.46802119118806
            ],
            [
              -54.561324231757105,
              -16.468115330695973
            ],
            [
              -54.56151025444146,
              -16.468136982115706
            ],
            [
              -54.561522169971326,
              -16.46804283344468
            ],
            [
              -54.56133615661968,
              -16.46802119118806
            ]
          ]
        ]
      }
    },
    {
      "type": "Feature",
      "id": "Q05-L19",
      "properties": {
        "quadra": 5,
        "lote": 19,
        "area_m2": 206.07,
        "center": [
          -54.56141144,
          -16.46817231
        ],
        "source_polygon": "PLINHA-390",
        "geometry_source": "memorial_descritivo",
        "match_distance_m": 0.001,
        "perimeter_m": 60.62,
        "frontage_m": 10.28,
        "dimensions": [
          {
            "from": "184",
            "to": "187",
            "label": "Rua Projetada 8",
            "length_m": 10.28
          },
          {
            "from": "187",
            "to": "188",
            "label": "Lote 20",
            "length_m": 20.02
          },
          {
            "from": "188",
            "to": "185",
            "label": "Lote",
            "length_m": 10.31
          },
          {
            "from": "185",
            "to": "184",
            "label": "Lote 18",
            "length_m": 20.02
          }
        ],
        "access": {
          "longitude": -54.5613184,
          "latitude": -16.46816142,
          "label": "Rua Projetada 8",
          "frontage_m": 10.28,
          "confidence": "memorial"
        },
        "memorial_path": "memoriais/Q05/L19.pdf",
        "status_default": "nao_informado",
        "technical_review": []
      },
      "geometry": {
        "type": "Polygon",
        "coordinates": [
          [
            [
              -54.561324231757105,
              -16.468115330695973
            ],
            [
              -54.56131256551544,
              -16.46820750399899
            ],
            [
              -54.561498547566096,
              -16.468229416926068
            ],
            [
              -54.56151025444146,
              -16.468136982115706
            ],
            [
              -54.561324231757105,
              -16.468115330695973
            ]
          ]
        ]
      }
    },
    {
      "type": "Feature",
      "id": "Q05-L20",
      "properties": {
        "quadra": 5,
        "lote": 20,
        "area_m2": 230.84,
        "center": [
          -54.56140195,
          -16.46826983
        ],
        "source_polygon": "PLINHA-389",
        "geometry_source": "memorial_descritivo",
        "match_distance_m": 0.001,
        "perimeter_m": 61.72,
        "frontage_m": 29.49,
        "dimensions": [
          {
            "from": "187",
            "to": "190",
            "label": "Rua Projetada 8",
            "length_m": 7.7
          },
          {
            "from": "190",
            "to": "191",
            "label": "Rua Projetada 8",
            "length_m": 4.0
          },
          {
            "from": "191",
            "to": "192",
            "label": "Rua Projetada 16",
            "length_m": 17.79
          },
          {
            "from": "192",
            "to": "188",
            "label": "Lote 10",
            "length_m": 11.71
          },
          {
            "from": "188",
            "to": "187",
            "label": "Lote 19",
            "length_m": 20.02
          }
        ],
        "access": {
          "longitude": -54.56137174,
          "latitude": -16.46829985,
          "label": "Rua Projetada 8 / Rua Projetada 16",
          "frontage_m": 29.49,
          "confidence": "memorial"
        },
        "memorial_path": "memoriais/Q05/L20.pdf",
        "status_default": "nao_informado",
        "technical_review": []
      },
      "geometry": {
        "type": "Polygon",
        "coordinates": [
          [
            [
              -54.56131256551544,
              -16.46820750399899
            ],
            [
              -54.561303819095244,
              -16.468276559489453
            ],
            [
              -54.561336436415054,
              -16.468316811563362
            ],
            [
              -54.56148526108802,
              -16.468334371271784
            ],
            [
              -54.561498547566096,
              -16.468229416926068
            ],
            [
              -54.56131256551544,
              -16.46820750399899
            ]
          ]
        ]
      }
    },
    {
      "type": "Feature",
      "id": "Q06-L01",
      "properties": {
        "quadra": 6,
        "lote": 1,
        "area_m2": 220.0,
        "center": [
          -54.56131023,
          -16.4665126
        ],
        "source_polygon": "PLINHA-315",
        "geometry_source": "memorial_descritivo",
        "match_distance_m": 0.001,
        "perimeter_m": 62.0,
        "frontage_m": 11.0,
        "dimensions": [
          {
            "from": "199",
            "to": "198",
            "label": "RMI - 09 - Área Verde",
            "length_m": 11.0
          },
          {
            "from": "198",
            "to": "202",
            "label": "Lote 2",
            "length_m": 20.0
          },
          {
            "from": "202",
            "to": "200",
            "label": "Rua Projetada 8",
            "length_m": 11.0
          },
          {
            "from": "200",
            "to": "199",
            "label": "Propriedade RMI - 09 - Área Verde",
            "length_m": 20.0
          }
        ],
        "access": {
          "longitude": -54.56140314,
          "latitude": -16.46652357,
          "label": "Rua Projetada 8",
          "frontage_m": 11.0,
          "confidence": "memorial"
        },
        "memorial_path": "memoriais/Q06/L01.pdf",
        "status_default": "nao_informado",
        "technical_review": []
      },
      "geometry": {
        "type": "Polygon",
        "coordinates": [
          [
            [
              -54.56122355540834,
              -16.466452320996208
            ],
            [
              -54.56121106909363,
              -16.46655094342297
            ],
            [
              -54.5613968994646,
              -16.46657288158091
            ],
            [
              -54.56140938568979,
              -16.46647425913083
            ],
            [
              -54.56122355540834,
              -16.466452320996208
            ]
          ]
        ]
      }
    },
    {
      "type": "Feature",
      "id": "Q06-L02",
      "properties": {
        "quadra": 6,
        "lote": 2,
        "area_m2": 200.0,
        "center": [
          -54.56129831,
          -16.46660674
        ],
        "source_polygon": "PLINHA-318",
        "geometry_source": "memorial_descritivo",
        "match_distance_m": 0.001,
        "perimeter_m": 60.0,
        "frontage_m": 10.0,
        "dimensions": [
          {
            "from": "198",
            "to": "204",
            "label": "Lote 11",
            "length_m": 10.0
          },
          {
            "from": "204",
            "to": "205",
            "label": "Lote 3",
            "length_m": 20.0
          },
          {
            "from": "205",
            "to": "202",
            "label": "Rua Projetada 8",
            "length_m": 10.0
          },
          {
            "from": "202",
            "to": "198",
            "label": "Lote 1",
            "length_m": 20.0
          }
        ],
        "access": {
          "longitude": -54.56139123,
          "latitude": -16.46661771,
          "label": "Rua Projetada 8",
          "frontage_m": 10.0,
          "confidence": "memorial"
        },
        "memorial_path": "memoriais/Q06/L02.pdf",
        "status_default": "nao_informado",
        "technical_review": []
      },
      "geometry": {
        "type": "Polygon",
        "coordinates": [
          [
            [
              -54.56121106909363,
              -16.46655094342297
            ],
            [
              -54.56119972468862,
              -16.466640600251015
            ],
            [
              -54.56138555514097,
              -16.46666253843016
            ],
            [
              -54.5613968994646,
              -16.46657288158091
            ],
            [
              -54.56121106909363,
              -16.46655094342297
            ]
          ]
        ]
      }
    },
    {
      "type": "Feature",
      "id": "Q06-L03",
      "properties": {
        "quadra": 6,
        "lote": 3,
        "area_m2": 210.0,
        "center": [
          -54.56128668,
          -16.46669864
        ],
        "source_polygon": "PLINHA-320",
        "geometry_source": "memorial_descritivo",
        "match_distance_m": 0.001,
        "perimeter_m": 61.0,
        "frontage_m": 10.5,
        "dimensions": [
          {
            "from": "204",
            "to": "207",
            "label": "Lote 12",
            "length_m": 10.5
          },
          {
            "from": "207",
            "to": "208",
            "label": "Lote 4",
            "length_m": 20.0
          },
          {
            "from": "208",
            "to": "205",
            "label": "Rua Projetada 8",
            "length_m": 10.5
          },
          {
            "from": "205",
            "to": "204",
            "label": "Lote 2",
            "length_m": 20.0
          }
        ],
        "access": {
          "longitude": -54.56137959,
          "latitude": -16.46670961,
          "label": "Rua Projetada 8",
          "frontage_m": 10.5,
          "confidence": "memorial"
        },
        "memorial_path": "memoriais/Q06/L03.pdf",
        "status_default": "nao_informado",
        "technical_review": []
      },
      "geometry": {
        "type": "Polygon",
        "coordinates": [
          [
            [
              -54.56119972468862,
              -16.466640600251015
            ],
            [
              -54.561187799828744,
              -16.466734748796682
            ],
            [
              -54.56137363047956,
              -16.466756677966316
            ],
            [
              -54.56138555514097,
              -16.46666253843016
            ],
            [
              -54.56119972468862,
              -16.466640600251015
            ]
          ]
        ]
      }
    },
    {
      "type": "Feature",
      "id": "Q06-L04",
      "properties": {
        "quadra": 6,
        "lote": 4,
        "area_m2": 210.0,
        "center": [
          -54.56127476,
          -16.46679278
        ],
        "source_polygon": "PLINHA-322",
        "geometry_source": "memorial_descritivo",
        "match_distance_m": 0.001,
        "perimeter_m": 61.0,
        "frontage_m": 10.5,
        "dimensions": [
          {
            "from": "207",
            "to": "210",
            "label": "Lote 13",
            "length_m": 10.5
          },
          {
            "from": "210",
            "to": "211",
            "label": "Lote 5",
            "length_m": 20.0
          },
          {
            "from": "211",
            "to": "208",
            "label": "Rua Projetada 8",
            "length_m": 10.5
          },
          {
            "from": "208",
            "to": "207",
            "label": "Lote 3",
            "length_m": 20.0
          }
        ],
        "access": {
          "longitude": -54.56136767,
          "latitude": -16.46680375,
          "label": "Rua Projetada 8",
          "frontage_m": 10.5,
          "confidence": "memorial"
        },
        "memorial_path": "memoriais/Q06/L04.pdf",
        "status_default": "nao_informado",
        "technical_review": []
      },
      "geometry": {
        "type": "Polygon",
        "coordinates": [
          [
            [
              -54.561187799828744,
              -16.466734748796682
            ],
            [
              -54.56117588442395,
              -16.46682888841661
            ],
            [
              -54.561361715160224,
              -16.466850817608513
            ],
            [
              -54.56137363047956,
              -16.466756677966316
            ],
            [
              -54.561187799828744,
              -16.466734748796682
            ]
          ]
        ]
      }
    },
    {
      "type": "Feature",
      "id": "Q06-L05",
      "properties": {
        "quadra": 6,
        "lote": 5,
        "area_m2": 210.0,
        "center": [
          -54.56126284,
          -16.46688692
        ],
        "source_polygon": "PLINHA-324",
        "geometry_source": "memorial_descritivo",
        "match_distance_m": 0.0,
        "perimeter_m": 61.0,
        "frontage_m": 10.5,
        "dimensions": [
          {
            "from": "210",
            "to": "213",
            "label": "Lote 14",
            "length_m": 10.5
          },
          {
            "from": "213",
            "to": "214",
            "label": "Lote 6",
            "length_m": 20.0
          },
          {
            "from": "214",
            "to": "211",
            "label": "Rua Projetada 8",
            "length_m": 10.5
          },
          {
            "from": "211",
            "to": "210",
            "label": "Lote 4",
            "length_m": 20.0
          }
        ],
        "access": {
          "longitude": -54.56135575,
          "latitude": -16.46689789,
          "label": "Rua Projetada 8",
          "frontage_m": 10.5,
          "confidence": "memorial"
        },
        "memorial_path": "memoriais/Q06/L05.pdf",
        "status_default": "nao_informado",
        "technical_review": []
      },
      "geometry": {
        "type": "Polygon",
        "coordinates": [
          [
            [
              -54.56117588442395,
              -16.46682888841661
            ],
            [
              -54.56116395964113,
              -16.466923027924512
            ],
            [
              -54.561349790462856,
              -16.46694495713868
            ],
            [
              -54.561361715160224,
              -16.466850817608513
            ],
            [
              -54.56117588442395,
              -16.46682888841661
            ]
          ]
        ]
      }
    },
    {
      "type": "Feature",
      "id": "Q06-L06",
      "properties": {
        "quadra": 6,
        "lote": 6,
        "area_m2": 209.93,
        "center": [
          -54.56125094,
          -16.46698106
        ],
        "source_polygon": "PLINHA-325",
        "geometry_source": "memorial_descritivo",
        "match_distance_m": 0.001,
        "perimeter_m": 61.0,
        "frontage_m": 10.5,
        "dimensions": [
          {
            "from": "213",
            "to": "216",
            "label": "O Lote 15",
            "length_m": 10.5
          },
          {
            "from": "216",
            "to": "217",
            "label": "Lote 7",
            "length_m": 19.99
          },
          {
            "from": "217",
            "to": "214",
            "label": "Rua Projetada 8",
            "length_m": 10.5
          },
          {
            "from": "214",
            "to": "213",
            "label": "Lote 5",
            "length_m": 20.0
          }
        ],
        "access": {
          "longitude": -54.56134383,
          "latitude": -16.46699203,
          "label": "Rua Projetada 8",
          "frontage_m": 10.5,
          "confidence": "memorial"
        },
        "memorial_path": "memoriais/Q06/L06.pdf",
        "status_default": "nao_informado",
        "technical_review": []
      },
      "geometry": {
        "type": "Polygon",
        "coordinates": [
          [
            [
              -54.56116395964113,
              -16.466923027924512
            ],
            [
              -54.561152109946875,
              -16.467017150238213
            ],
            [
              -54.56133787510757,
              -16.46703909677489
            ],
            [
              -54.561349790462856,
              -16.46694495713868
            ],
            [
              -54.56116395964113,
              -16.466923027924512
            ]
          ]
        ]
      }
    },
    {
      "type": "Feature",
      "id": "Q06-L07",
      "properties": {
        "quadra": 6,
        "lote": 7,
        "area_m2": 209.9,
        "center": [
          -54.56123904,
          -16.46707521
        ],
        "source_polygon": "PLINHA-328",
        "geometry_source": "memorial_descritivo",
        "match_distance_m": 0.0,
        "perimeter_m": 60.98,
        "frontage_m": 10.5,
        "dimensions": [
          {
            "from": "216",
            "to": "219",
            "label": "Lote 16",
            "length_m": 10.5
          },
          {
            "from": "219",
            "to": "220",
            "label": "Lote 8",
            "length_m": 19.99
          },
          {
            "from": "220",
            "to": "217",
            "label": "Rua Projetada 8",
            "length_m": 10.5
          },
          {
            "from": "217",
            "to": "216",
            "label": "Lote 6",
            "length_m": 19.99
          }
        ],
        "access": {
          "longitude": -54.56133191,
          "latitude": -16.46708617,
          "label": "Rua Projetada 8",
          "frontage_m": 10.5,
          "confidence": "memorial"
        },
        "memorial_path": "memoriais/Q06/L07.pdf",
        "status_default": "nao_informado",
        "technical_review": []
      },
      "geometry": {
        "type": "Polygon",
        "coordinates": [
          [
            [
              -54.56115210960785,
              -16.46701717733355
            ],
            [
              -54.561140231589455,
              -16.46711131738069
            ],
            [
              -54.56132595037424,
              -16.467133236299077
            ],
            [
              -54.56133787510757,
              -16.46703909677489
            ],
            [
              -54.56115210960785,
              -16.46701717733355
            ]
          ]
        ]
      }
    },
    {
      "type": "Feature",
      "id": "Q06-L08",
      "properties": {
        "quadra": 6,
        "lote": 8,
        "area_m2": 210.0,
        "center": [
          -54.56122708,
          -16.46716934
        ],
        "source_polygon": "PLINHA-330",
        "geometry_source": "memorial_descritivo",
        "match_distance_m": 0.0,
        "perimeter_m": 61.0,
        "frontage_m": 10.5,
        "dimensions": [
          {
            "from": "219",
            "to": "222",
            "label": "Lote 17",
            "length_m": 10.5
          },
          {
            "from": "222",
            "to": "223",
            "label": "Lote 9",
            "length_m": 20.0
          },
          {
            "from": "223",
            "to": "220",
            "label": "Rua Projetada 8",
            "length_m": 10.5
          },
          {
            "from": "220",
            "to": "219",
            "label": "Lote 7",
            "length_m": 20.0
          }
        ],
        "access": {
          "longitude": -54.56131999,
          "latitude": -16.46718031,
          "label": "Rua Projetada 8",
          "frontage_m": 10.5,
          "confidence": "memorial"
        },
        "memorial_path": "memoriais/Q06/L08.pdf",
        "status_default": "nao_informado",
        "technical_review": []
      },
      "geometry": {
        "type": "Polygon",
        "coordinates": [
          [
            [
              -54.561140119381605,
              -16.46711130704038
            ],
            [
              -54.56112820390492,
              -16.46720544664835
            ],
            [
              -54.56131403498302,
              -16.467227375929312
            ],
            [
              -54.56132595037424,
              -16.467133236299077
            ],
            [
              -54.561140119381605,
              -16.46711130704038
            ]
          ]
        ]
      }
    },
    {
      "type": "Feature",
      "id": "Q06-L09",
      "properties": {
        "quadra": 6,
        "lote": 9,
        "area_m2": 210.0,
        "center": [
          -54.56121516,
          -16.46726348
        ],
        "source_polygon": "PLINHA-333",
        "geometry_source": "memorial_descritivo",
        "match_distance_m": 0.001,
        "perimeter_m": 61.0,
        "frontage_m": 10.5,
        "dimensions": [
          {
            "from": "222",
            "to": "225",
            "label": "Lote 18",
            "length_m": 10.5
          },
          {
            "from": "225",
            "to": "226",
            "label": "Lote 10",
            "length_m": 20.0
          },
          {
            "from": "226",
            "to": "223",
            "label": "Rua Projetada 8",
            "length_m": 10.5
          },
          {
            "from": "223",
            "to": "222",
            "label": "Lote 8",
            "length_m": 20.0
          }
        ],
        "access": {
          "longitude": -54.56130807,
          "latitude": -16.46727445,
          "label": "Rua Projetada 8",
          "frontage_m": 10.5,
          "confidence": "memorial"
        },
        "memorial_path": "memoriais/Q06/L09.pdf",
        "status_default": "nao_informado",
        "technical_review": []
      },
      "geometry": {
        "type": "Polygon",
        "coordinates": [
          [
            [
              -54.56112820390492,
              -16.46720544664835
            ],
            [
              -54.56111628841026,
              -16.46729958625334
            ],
            [
              -54.56130211010074,
              -16.467321524479296
            ],
            [
              -54.56131403498302,
              -16.467227375929312
            ],
            [
              -54.56112820390492,
              -16.46720544664835
            ]
          ]
        ]
      }
    },
    {
      "type": "Feature",
      "id": "Q06-L10",
      "properties": {
        "quadra": 6,
        "lote": 10,
        "area_m2": 210.0,
        "center": [
          -54.56120324,
          -16.46735763
        ],
        "source_polygon": "PLINHA-332",
        "geometry_source": "memorial_descritivo",
        "match_distance_m": 0.001,
        "perimeter_m": 61.0,
        "frontage_m": 30.5,
        "dimensions": [
          {
            "from": "225",
            "to": "228",
            "label": "Lote 19",
            "length_m": 10.5
          },
          {
            "from": "228",
            "to": "229",
            "label": "Alameda Projetada 3",
            "length_m": 20.0
          },
          {
            "from": "229",
            "to": "226",
            "label": "Rua Projetada 8",
            "length_m": 10.5
          },
          {
            "from": "226",
            "to": "225",
            "label": "Lote 9",
            "length_m": 20.0
          }
        ],
        "access": {
          "longitude": -54.56123132,
          "latitude": -16.46739227,
          "label": "Alameda Projetada 3 / Rua Projetada 8",
          "frontage_m": 30.5,
          "confidence": "memorial"
        },
        "memorial_path": "memoriais/Q06/L10.pdf",
        "status_default": "nao_informado",
        "technical_review": []
      },
      "geometry": {
        "type": "Polygon",
        "coordinates": [
          [
            [
              -54.56111628841026,
              -16.46729958625334
            ],
            [
              -54.56110436353755,
              -16.467393725746284
            ],
            [
              -54.56129019467357,
              -16.467415664103545
            ],
            [
              -54.56130211010074,
              -16.467321524479296
            ],
            [
              -54.56111628841026,
              -16.46729958625334
            ]
          ]
        ]
      }
    },
    {
      "type": "Feature",
      "id": "Q06-L11",
      "properties": {
        "quadra": 6,
        "lote": 11,
        "area_m2": 200.21,
        "center": [
          -54.56111238,
          -16.4665848
        ],
        "source_polygon": "PLINHA-317",
        "geometry_source": "memorial_descritivo",
        "match_distance_m": 0.001,
        "perimeter_m": 60.04,
        "frontage_m": 10.0,
        "dimensions": [
          {
            "from": "197",
            "to": "203",
            "label": "Rua Projetada 9",
            "length_m": 10.0
          },
          {
            "from": "203",
            "to": "204",
            "label": "Lote 12",
            "length_m": 20.02
          },
          {
            "from": "204",
            "to": "198",
            "label": "Lote 2",
            "length_m": 10.0
          },
          {
            "from": "198",
            "to": "197",
            "label": "RMI-09 Área Verde",
            "length_m": 20.02
          }
        ],
        "access": {
          "longitude": -54.56101937,
          "latitude": -16.46657382,
          "label": "Rua Projetada 9",
          "frontage_m": 10.0,
          "confidence": "memorial"
        },
        "memorial_path": "memoriais/Q06/L11.pdf",
        "status_default": "nao_informado",
        "technical_review": []
      },
      "geometry": {
        "type": "Polygon",
        "coordinates": [
          [
            [
              -54.56102505170008,
              -16.46652899389275
            ],
            [
              -54.56101368849351,
              -16.466618650481497
            ],
            [
              -54.56119972468862,
              -16.466640600251015
            ],
            [
              -54.56121106909363,
              -16.46655094342297
            ],
            [
              -54.56102505170008,
              -16.46652899389275
            ]
          ]
        ]
      }
    },
    {
      "type": "Feature",
      "id": "Q06-L12",
      "properties": {
        "quadra": 6,
        "lote": 12,
        "area_m2": 210.23,
        "center": [
          -54.56110075,
          -16.4666767
        ],
        "source_polygon": "PLINHA-319",
        "geometry_source": "memorial_descritivo",
        "match_distance_m": 0.001,
        "perimeter_m": 61.04,
        "frontage_m": 10.5,
        "dimensions": [
          {
            "from": "203",
            "to": "206",
            "label": "Rua Projetada 9",
            "length_m": 10.5
          },
          {
            "from": "206",
            "to": "207",
            "label": "Lote 13",
            "length_m": 20.02
          },
          {
            "from": "207",
            "to": "204",
            "label": "Lote 3",
            "length_m": 10.5
          },
          {
            "from": "204",
            "to": "203",
            "label": "Lote 11",
            "length_m": 20.02
          }
        ],
        "access": {
          "longitude": -54.56100773,
          "latitude": -16.46666572,
          "label": "Rua Projetada 9",
          "frontage_m": 10.5,
          "confidence": "memorial"
        },
        "memorial_path": "memoriais/Q06/L12.pdf",
        "status_default": "nao_informado",
        "technical_review": []
      },
      "geometry": {
        "type": "Polygon",
        "coordinates": [
          [
            [
              -54.56101368849351,
              -16.466618650481497
            ],
            [
              -54.56100176366109,
              -16.466712789973084
            ],
            [
              -54.561187799828744,
              -16.466734748796682
            ],
            [
              -54.56119972468862,
              -16.466640600251015
            ],
            [
              -54.56101368849351,
              -16.466618650481497
            ]
          ]
        ]
      }
    },
    {
      "type": "Feature",
      "id": "Q06-L13",
      "properties": {
        "quadra": 6,
        "lote": 13,
        "area_m2": 210.24,
        "center": [
          -54.56108882,
          -16.46677084
        ],
        "source_polygon": "PLINHA-321",
        "geometry_source": "memorial_descritivo",
        "match_distance_m": 0.001,
        "perimeter_m": 61.04,
        "frontage_m": 10.5,
        "dimensions": [
          {
            "from": "206",
            "to": "209",
            "label": "Rua Projetada 9",
            "length_m": 10.5
          },
          {
            "from": "209",
            "to": "210",
            "label": "Lote 14",
            "length_m": 20.02
          },
          {
            "from": "210",
            "to": "207",
            "label": "Lote 4",
            "length_m": 10.5
          },
          {
            "from": "207",
            "to": "206",
            "label": "Lote 12",
            "length_m": 20.02
          }
        ],
        "access": {
          "longitude": -54.5609958,
          "latitude": -16.46675986,
          "label": "Rua Projetada 9",
          "frontage_m": 10.5,
          "confidence": "memorial"
        },
        "memorial_path": "memoriais/Q06/L13.pdf",
        "status_default": "nao_informado",
        "technical_review": []
      },
      "geometry": {
        "type": "Polygon",
        "coordinates": [
          [
            [
              -54.56100176366109,
              -16.466712789973084
            ],
            [
              -54.56098983881069,
              -16.466806929461683
            ],
            [
              -54.56117588442395,
              -16.46682888841661
            ],
            [
              -54.561187799828744,
              -16.466734748796682
            ],
            [
              -54.56100176366109,
              -16.466712789973084
            ]
          ]
        ]
      }
    },
    {
      "type": "Feature",
      "id": "Q06-L14",
      "properties": {
        "quadra": 6,
        "lote": 14,
        "area_m2": 210.25,
        "center": [
          -54.5610769,
          -16.46686498
        ],
        "source_polygon": "PLINHA-323",
        "geometry_source": "memorial_descritivo",
        "match_distance_m": 0.0,
        "perimeter_m": 61.04,
        "frontage_m": 10.5,
        "dimensions": [
          {
            "from": "209",
            "to": "212",
            "label": "Rua Projetada 9",
            "length_m": 10.5
          },
          {
            "from": "212",
            "to": "213",
            "label": "Lote 15",
            "length_m": 20.02
          },
          {
            "from": "213",
            "to": "210",
            "label": "Lote 5",
            "length_m": 10.5
          },
          {
            "from": "210",
            "to": "209",
            "label": "Lote 13",
            "length_m": 20.02
          }
        ],
        "access": {
          "longitude": -54.56098388,
          "latitude": -16.466854,
          "label": "Rua Projetada 9",
          "frontage_m": 10.5,
          "confidence": "memorial"
        },
        "memorial_path": "memoriais/Q06/L14.pdf",
        "status_default": "nao_informado",
        "technical_review": []
      },
      "geometry": {
        "type": "Polygon",
        "coordinates": [
          [
            [
              -54.56098983881069,
              -16.466806929461683
            ],
            [
              -54.56097791394231,
              -16.466901068947283
            ],
            [
              -54.56116395964113,
              -16.466923027924512
            ],
            [
              -54.56117588442395,
              -16.46682888841661
            ],
            [
              -54.56098983881069,
              -16.466806929461683
            ]
          ]
        ]
      }
    },
    {
      "type": "Feature",
      "id": "Q06-L15",
      "properties": {
        "quadra": 6,
        "lote": 15,
        "area_m2": 210.29,
        "center": [
          -54.56106499,
          -16.46695912
        ],
        "source_polygon": "PLINHA-326",
        "geometry_source": "memorial_descritivo",
        "match_distance_m": 0.0,
        "perimeter_m": 61.05,
        "frontage_m": 10.5,
        "dimensions": [
          {
            "from": "212",
            "to": "215",
            "label": "Rua Projetada 9",
            "length_m": 10.5
          },
          {
            "from": "215",
            "to": "216",
            "label": "Lote 16",
            "length_m": 20.03
          },
          {
            "from": "216",
            "to": "213",
            "label": "Lote 6",
            "length_m": 10.5
          },
          {
            "from": "213",
            "to": "212",
            "label": "Lote 14",
            "length_m": 20.02
          }
        ],
        "access": {
          "longitude": -54.56097195,
          "latitude": -16.46694814,
          "label": "Rua Projetada 9",
          "frontage_m": 10.5,
          "confidence": "memorial"
        },
        "memorial_path": "memoriais/Q06/L15.pdf",
        "status_default": "nao_informado",
        "technical_review": []
      },
      "geometry": {
        "type": "Polygon",
        "coordinates": [
          [
            [
              -54.56097791394231,
              -16.466901068947283
            ],
            [
              -54.56096598905595,
              -16.466995208429896
            ],
            [
              -54.56115210960785,
              -16.46701717733355
            ],
            [
              -54.56116395964113,
              -16.466923027924512
            ],
            [
              -54.56097791394231,
              -16.466901068947283
            ]
          ]
        ]
      }
    },
    {
      "type": "Feature",
      "id": "Q06-L16",
      "properties": {
        "quadra": 6,
        "lote": 16,
        "area_m2": 210.36,
        "center": [
          -54.5610531,
          -16.46705326
        ],
        "source_polygon": "PLINHA-327",
        "geometry_source": "memorial_descritivo",
        "match_distance_m": 0.0,
        "perimeter_m": 61.07,
        "frontage_m": 10.5,
        "dimensions": [
          {
            "from": "215",
            "to": "218",
            "label": "Rua Projetada 9",
            "length_m": 10.5
          },
          {
            "from": "218",
            "to": "219",
            "label": "Lote 17",
            "length_m": 20.04
          },
          {
            "from": "219",
            "to": "216",
            "label": "Lote 7",
            "length_m": 10.5
          },
          {
            "from": "216",
            "to": "215",
            "label": "Lote15",
            "length_m": 20.03
          }
        ],
        "access": {
          "longitude": -54.56096003,
          "latitude": -16.46704228,
          "label": "Rua Projetada 9",
          "frontage_m": 10.5,
          "confidence": "memorial"
        },
        "memorial_path": "memoriais/Q06/L16.pdf",
        "status_default": "nao_informado",
        "technical_review": []
      },
      "geometry": {
        "type": "Polygon",
        "coordinates": [
          [
            [
              -54.56096598905595,
              -16.466995208429896
            ],
            [
              -54.560954064151616,
              -16.467089347909514
            ],
            [
              -54.561140231589455,
              -16.46711131738069
            ],
            [
              -54.56115210960785,
              -16.46701717733355
            ],
            [
              -54.56096598905595,
              -16.466995208429896
            ]
          ]
        ]
      }
    },
    {
      "type": "Feature",
      "id": "Q06-L17",
      "properties": {
        "quadra": 6,
        "lote": 17,
        "area_m2": 210.27,
        "center": [
          -54.56104113,
          -16.4671474
        ],
        "source_polygon": "PLINHA-329",
        "geometry_source": "memorial_descritivo",
        "match_distance_m": 0.0,
        "perimeter_m": 61.05,
        "frontage_m": 10.5,
        "dimensions": [
          {
            "from": "218",
            "to": "221",
            "label": "Rua Projetada 9",
            "length_m": 10.5
          },
          {
            "from": "221",
            "to": "222",
            "label": "Lote 18",
            "length_m": 20.03
          },
          {
            "from": "222",
            "to": "219",
            "label": "Lote 8",
            "length_m": 10.5
          },
          {
            "from": "219",
            "to": "218",
            "label": "Lote 16",
            "length_m": 20.03
          }
        ],
        "access": {
          "longitude": -54.5609481,
          "latitude": -16.46713642,
          "label": "Rua Projetada 9",
          "frontage_m": 10.5,
          "confidence": "memorial"
        },
        "memorial_path": "memoriais/Q06/L17.pdf",
        "status_default": "nao_informado",
        "technical_review": []
      },
      "geometry": {
        "type": "Polygon",
        "coordinates": [
          [
            [
              -54.560954064151616,
              -16.467089347909514
            ],
            [
              -54.560942129869225,
              -16.467183487277087
            ],
            [
              -54.56112820390492,
              -16.46720544664835
            ],
            [
              -54.561140119381605,
              -16.46711130704038
            ],
            [
              -54.560954064151616,
              -16.467089347909514
            ]
          ]
        ]
      }
    },
    {
      "type": "Feature",
      "id": "Q06-L18",
      "properties": {
        "quadra": 6,
        "lote": 18,
        "area_m2": 210.27,
        "center": [
          -54.56102921,
          -16.46724154
        ],
        "source_polygon": "PLINHA-334",
        "geometry_source": "memorial_descritivo",
        "match_distance_m": 0.001,
        "perimeter_m": 61.05,
        "frontage_m": 10.5,
        "dimensions": [
          {
            "from": "221",
            "to": "224",
            "label": "Rua Projetada 9",
            "length_m": 10.5
          },
          {
            "from": "224",
            "to": "225",
            "label": "Lote 19",
            "length_m": 20.03
          },
          {
            "from": "225",
            "to": "222",
            "label": "Lote 9",
            "length_m": 10.5
          },
          {
            "from": "222",
            "to": "221",
            "label": "Lote 17",
            "length_m": 20.03
          }
        ],
        "access": {
          "longitude": -54.56093617,
          "latitude": -16.46723056,
          "label": "Rua Projetada 9",
          "frontage_m": 10.5,
          "confidence": "memorial"
        },
        "memorial_path": "memoriais/Q06/L18.pdf",
        "status_default": "nao_informado",
        "technical_review": []
      },
      "geometry": {
        "type": "Polygon",
        "coordinates": [
          [
            [
              -54.560942129869225,
              -16.467183487277087
            ],
            [
              -54.560930204928916,
              -16.467277626750715
            ],
            [
              -54.56111628841026,
              -16.46729958625334
            ],
            [
              -54.56112820390492,
              -16.46720544664835
            ],
            [
              -54.560942129869225,
              -16.467183487277087
            ]
          ]
        ]
      }
    },
    {
      "type": "Feature",
      "id": "Q06-L19",
      "properties": {
        "quadra": 6,
        "lote": 19,
        "area_m2": 210.28,
        "center": [
          -54.56101728,
          -16.46733568
        ],
        "source_polygon": "PLINHA-331",
        "geometry_source": "memorial_descritivo",
        "match_distance_m": 0.001,
        "perimeter_m": 61.05,
        "frontage_m": 30.53,
        "dimensions": [
          {
            "from": "224",
            "to": "227",
            "label": "Rua Projetada 9",
            "length_m": 10.5
          },
          {
            "from": "227",
            "to": "228",
            "label": "Alameda Projetada 3",
            "length_m": 20.03
          },
          {
            "from": "228",
            "to": "225",
            "label": "Lote 10",
            "length_m": 10.5
          },
          {
            "from": "225",
            "to": "224",
            "label": "Lote 18",
            "length_m": 20.03
          }
        ],
        "access": {
          "longitude": -54.56098137,
          "latitude": -16.46736278,
          "label": "Rua Projetada 9 / Alameda Projetada 3",
          "frontage_m": 30.53,
          "confidence": "memorial"
        },
        "memorial_path": "memoriais/Q06/L19.pdf",
        "status_default": "nao_informado",
        "technical_review": []
      },
      "geometry": {
        "type": "Polygon",
        "coordinates": [
          [
            [
              -54.560930204928916,
              -16.467277626750715
            ],
            [
              -54.56091827997063,
              -16.467371766221365
            ],
            [
              -54.56110436353755,
              -16.467393725746284
            ],
            [
              -54.56111628841026,
              -16.46729958625334
            ],
            [
              -54.560930204928916,
              -16.467277626750715
            ]
          ]
        ]
      }
    },
    {
      "type": "Feature",
      "id": "Q07-L01",
      "properties": {
        "quadra": 7,
        "lote": 1,
        "area_m2": 210.0,
        "center": [
          -54.56118791,
          -16.46747866
        ],
        "source_polygon": "PLINHA-340",
        "geometry_source": "memorial_descritivo",
        "match_distance_m": 0.001,
        "perimeter_m": 61.0,
        "frontage_m": 30.5,
        "dimensions": [
          {
            "from": "231",
            "to": "236",
            "label": "Lote 10",
            "length_m": 10.5
          },
          {
            "from": "236",
            "to": "237",
            "label": "Lote 2",
            "length_m": 20.0
          },
          {
            "from": "237",
            "to": "234",
            "label": "Rua Projetada 8",
            "length_m": 10.5
          },
          {
            "from": "234",
            "to": "231",
            "label": "Alameda Projetada 3",
            "length_m": 20.0
          }
        ],
        "access": {
          "longitude": -54.56122381,
          "latitude": -16.46745157,
          "label": "Rua Projetada 8 / Alameda Projetada 3",
          "frontage_m": 30.5,
          "confidence": "memorial"
        },
        "memorial_path": "memoriais/Q07/L01.pdf",
        "status_default": "nao_informado",
        "technical_review": []
      },
      "geometry": {
        "type": "Polygon",
        "coordinates": [
          [
            [
              -54.56110095642776,
              -16.467420622743717
            ],
            [
              -54.56108904077901,
              -16.46751477137364
            ],
            [
              -54.56127487213791,
              -16.467536700727763
            ],
            [
              -54.561286787588195,
              -16.46744256110735
            ],
            [
              -54.56110095642776,
              -16.467420622743717
            ]
          ]
        ]
      }
    },
    {
      "type": "Feature",
      "id": "Q07-L02",
      "properties": {
        "quadra": 7,
        "lote": 2,
        "area_m2": 210.0,
        "center": [
          -54.56117599,
          -16.46757281
        ],
        "source_polygon": "PLINHA-337",
        "geometry_source": "memorial_descritivo",
        "match_distance_m": 0.001,
        "perimeter_m": 61.0,
        "frontage_m": 10.5,
        "dimensions": [
          {
            "from": "236",
            "to": "239",
            "label": "Lote 11",
            "length_m": 10.5
          },
          {
            "from": "239",
            "to": "240",
            "label": "Lote 3",
            "length_m": 20.0
          },
          {
            "from": "240",
            "to": "237",
            "label": "Rua Projetada 8",
            "length_m": 10.5
          },
          {
            "from": "237",
            "to": "236",
            "label": "Lote 1",
            "length_m": 20.0
          }
        ],
        "access": {
          "longitude": -54.56126891,
          "latitude": -16.46758377,
          "label": "Rua Projetada 8",
          "frontage_m": 10.5,
          "confidence": "memorial"
        },
        "memorial_path": "memoriais/Q07/L02.pdf",
        "status_default": "nao_informado",
        "technical_review": []
      },
      "geometry": {
        "type": "Polygon",
        "coordinates": [
          [
            [
              -54.56108904077901,
              -16.46751477137364
            ],
            [
              -54.5610771158652,
              -16.467608910859745
            ],
            [
              -54.56126294730956,
              -16.46763084023614
            ],
            [
              -54.56127487213791,
              -16.467536700727763
            ],
            [
              -54.56108904077901,
              -16.46751477137364
            ]
          ]
        ]
      }
    },
    {
      "type": "Feature",
      "id": "Q07-L03",
      "properties": {
        "quadra": 7,
        "lote": 3,
        "area_m2": 210.0,
        "center": [
          -54.56116407,
          -16.46766695
        ],
        "source_polygon": "PLINHA-336",
        "geometry_source": "memorial_descritivo",
        "match_distance_m": 0.001,
        "perimeter_m": 61.0,
        "frontage_m": 10.5,
        "dimensions": [
          {
            "from": "239",
            "to": "242",
            "label": "Lote 12",
            "length_m": 10.5
          },
          {
            "from": "242",
            "to": "243",
            "label": "Lote 4",
            "length_m": 20.0
          },
          {
            "from": "243",
            "to": "240",
            "label": "Rua Projetada 8",
            "length_m": 10.5
          },
          {
            "from": "240",
            "to": "239",
            "label": "Lote 2",
            "length_m": 20.0
          }
        ],
        "access": {
          "longitude": -54.56125699,
          "latitude": -16.46767791,
          "label": "Rua Projetada 8",
          "frontage_m": 10.5,
          "confidence": "memorial"
        },
        "memorial_path": "memoriais/Q07/L03.pdf",
        "status_default": "nao_informado",
        "technical_review": []
      },
      "geometry": {
        "type": "Polygon",
        "coordinates": [
          [
            [
              -54.5610771158652,
              -16.467608910859745
            ],
            [
              -54.56106520029351,
              -16.46770305045191
            ],
            [
              -54.56125103182334,
              -16.467724979850562
            ],
            [
              -54.56126294730956,
              -16.46763084023614
            ],
            [
              -54.5610771158652,
              -16.467608910859745
            ]
          ]
        ]
      }
    },
    {
      "type": "Feature",
      "id": "Q07-L04",
      "properties": {
        "quadra": 7,
        "lote": 4,
        "area_m2": 210.0,
        "center": [
          -54.56115215,
          -16.46776108
        ],
        "source_polygon": "PLINHA-352",
        "geometry_source": "memorial_descritivo",
        "match_distance_m": 0.001,
        "perimeter_m": 61.0,
        "frontage_m": 10.5,
        "dimensions": [
          {
            "from": "242",
            "to": "245",
            "label": "Lote 13",
            "length_m": 10.5
          },
          {
            "from": "245",
            "to": "246",
            "label": "Lote 5",
            "length_m": 20.0
          },
          {
            "from": "246",
            "to": "243",
            "label": "Rua Projetada 8",
            "length_m": 10.5
          },
          {
            "from": "243",
            "to": "242",
            "label": "Lote 3",
            "length_m": 20.0
          }
        ],
        "access": {
          "longitude": -54.56124507,
          "latitude": -16.46777205,
          "label": "Rua Projetada 8",
          "frontage_m": 10.5,
          "confidence": "memorial"
        },
        "memorial_path": "memoriais/Q07/L04.pdf",
        "status_default": "nao_informado",
        "technical_review": []
      },
      "geometry": {
        "type": "Polygon",
        "coordinates": [
          [
            [
              -54.56106520029351,
              -16.46770305045191
            ],
            [
              -54.56105327534375,
              -16.467797189932043
            ],
            [
              -54.561239106959036,
              -16.467819119352956
            ],
            [
              -54.56125103182334,
              -16.467724979850562
            ],
            [
              -54.56106520029351,
              -16.46770305045191
            ]
          ]
        ]
      }
    },
    {
      "type": "Feature",
      "id": "Q07-L05",
      "properties": {
        "quadra": 7,
        "lote": 5,
        "area_m2": 210.0,
        "center": [
          -54.56114023,
          -16.46785522
        ],
        "source_polygon": "PLINHA-349",
        "geometry_source": "memorial_descritivo",
        "match_distance_m": 0.001,
        "perimeter_m": 61.0,
        "frontage_m": 10.5,
        "dimensions": [
          {
            "from": "245",
            "to": "248",
            "label": "Lote 14",
            "length_m": 10.5
          },
          {
            "from": "248",
            "to": "249",
            "label": "Lote 6",
            "length_m": 20.0
          },
          {
            "from": "249",
            "to": "246",
            "label": "Rua Projetada 8",
            "length_m": 10.5
          },
          {
            "from": "246",
            "to": "245",
            "label": "Lote 4",
            "length_m": 20.0
          }
        ],
        "access": {
          "longitude": -54.56123315,
          "latitude": -16.46786619,
          "label": "Rua Projetada 8",
          "frontage_m": 10.5,
          "confidence": "memorial"
        },
        "memorial_path": "memoriais/Q07/L05.pdf",
        "status_default": "nao_informado",
        "technical_review": []
      },
      "geometry": {
        "type": "Polygon",
        "coordinates": [
          [
            [
              -54.56105327534375,
              -16.467797189932043
            ],
            [
              -54.561041359736116,
              -16.467891329518217
            ],
            [
              -54.56122719143686,
              -16.467913258961406
            ],
            [
              -54.561239106959036,
              -16.467819119352956
            ],
            [
              -54.56105327534375,
              -16.467797189932043
            ]
          ]
        ]
      }
    },
    {
      "type": "Feature",
      "id": "Q07-L06",
      "properties": {
        "quadra": 7,
        "lote": 6,
        "area_m2": 210.0,
        "center": [
          -54.56112832,
          -16.46794936
        ],
        "source_polygon": "PLINHA-348",
        "geometry_source": "memorial_descritivo",
        "match_distance_m": 0.001,
        "perimeter_m": 61.0,
        "frontage_m": 10.5,
        "dimensions": [
          {
            "from": "248",
            "to": "251",
            "label": "Lote 15",
            "length_m": 10.5
          },
          {
            "from": "251",
            "to": "252",
            "label": "Lote7",
            "length_m": 20.0
          },
          {
            "from": "252",
            "to": "249",
            "label": "Rua Projetada 8",
            "length_m": 10.5
          },
          {
            "from": "249",
            "to": "248",
            "label": "Lote 5",
            "length_m": 20.0
          }
        ],
        "access": {
          "longitude": -54.56122123,
          "latitude": -16.46796033,
          "label": "Rua Projetada 8",
          "frontage_m": 10.5,
          "confidence": "memorial"
        },
        "memorial_path": "memoriais/Q07/L06.pdf",
        "status_default": "nao_informado",
        "technical_review": []
      },
      "geometry": {
        "type": "Polygon",
        "coordinates": [
          [
            [
              -54.561041359736116,
              -16.467891329518217
            ],
            [
              -54.56102944411051,
              -16.467985469101418
            ],
            [
              -54.5612152665366,
              -16.46800739845781
            ],
            [
              -54.56122719143686,
              -16.467913258961406
            ],
            [
              -54.561041359736116,
              -16.467891329518217
            ]
          ]
        ]
      }
    },
    {
      "type": "Feature",
      "id": "Q07-L07",
      "properties": {
        "quadra": 7,
        "lote": 7,
        "area_m2": 210.0,
        "center": [
          -54.5611164,
          -16.46804351
        ],
        "source_polygon": "PLINHA-346",
        "geometry_source": "memorial_descritivo",
        "match_distance_m": 0.001,
        "perimeter_m": 61.0,
        "frontage_m": 10.5,
        "dimensions": [
          {
            "from": "251",
            "to": "254",
            "label": "Lote 16",
            "length_m": 10.5
          },
          {
            "from": "254",
            "to": "255",
            "label": "Lote 8",
            "length_m": 20.0
          },
          {
            "from": "255",
            "to": "252",
            "label": "Rua Projetada 8",
            "length_m": 10.5
          },
          {
            "from": "252",
            "to": "251",
            "label": "Lote 6",
            "length_m": 20.0
          }
        ],
        "access": {
          "longitude": -54.56120931,
          "latitude": -16.46805447,
          "label": "Rua Projetada 8",
          "frontage_m": 10.5,
          "confidence": "memorial"
        },
        "memorial_path": "memoriais/Q07/L07.pdf",
        "status_default": "nao_informado",
        "technical_review": []
      },
      "geometry": {
        "type": "Polygon",
        "coordinates": [
          [
            [
              -54.56102944411051,
              -16.467985469101418
            ],
            [
              -54.56101751910681,
              -16.468079608572562
            ],
            [
              -54.561203350865476,
              -16.46810154709206
            ],
            [
              -54.5612152665366,
              -16.46800739845781
            ],
            [
              -54.56102944411051,
              -16.467985469101418
            ]
          ]
        ]
      }
    },
    {
      "type": "Feature",
      "id": "Q07-L08",
      "properties": {
        "quadra": 7,
        "lote": 8,
        "area_m2": 210.0,
        "center": [
          -54.56110448,
          -16.46813765
        ],
        "source_polygon": "PLINHA-343",
        "geometry_source": "memorial_descritivo",
        "match_distance_m": 0.0,
        "perimeter_m": 61.0,
        "frontage_m": 10.5,
        "dimensions": [
          {
            "from": "254",
            "to": "257",
            "label": "Lote 17",
            "length_m": 10.5
          },
          {
            "from": "257",
            "to": "258",
            "label": "Lote 9",
            "length_m": 20.0
          },
          {
            "from": "258",
            "to": "255",
            "label": "Rua Projetada 8",
            "length_m": 10.5
          },
          {
            "from": "255",
            "to": "254",
            "label": "Lote 7",
            "length_m": 20.0
          }
        ],
        "access": {
          "longitude": -54.56119739,
          "latitude": -16.46814862,
          "label": "Rua Projetada 8",
          "frontage_m": 10.5,
          "confidence": "memorial"
        },
        "memorial_path": "memoriais/Q07/L08.pdf",
        "status_default": "nao_informado",
        "technical_review": []
      },
      "geometry": {
        "type": "Polygon",
        "coordinates": [
          [
            [
              -54.56101751910681,
              -16.468079608572562
            ],
            [
              -54.56100560344525,
              -16.46817374814978
            ],
            [
              -54.56119143528937,
              -16.46819568669154
            ],
            [
              -54.561203350865476,
              -16.46810154709206
            ],
            [
              -54.56101751910681,
              -16.468079608572562
            ]
          ]
        ]
      }
    },
    {
      "type": "Feature",
      "id": "Q07-L09",
      "properties": {
        "quadra": 7,
        "lote": 9,
        "area_m2": 226.57,
        "center": [
          -54.56108927,
          -16.4682345
        ],
        "source_polygon": "PLINHA-342",
        "geometry_source": "memorial_descritivo",
        "match_distance_m": 0.0,
        "perimeter_m": 61.28,
        "frontage_m": 29.99,
        "dimensions": [
          {
            "from": "257",
            "to": "261",
            "label": "Lote 18",
            "length_m": 11.5
          },
          {
            "from": "261",
            "to": "262",
            "label": "Rua Projetada 16",
            "length_m": 16.0
          },
          {
            "from": "262",
            "to": "263",
            "label": "Rua Projetada 16",
            "length_m": 5.66
          },
          {
            "from": "263",
            "to": "258",
            "label": "Rua Projetada 8",
            "length_m": 8.33
          },
          {
            "from": "258",
            "to": "257",
            "label": "Lote 8",
            "length_m": 20.0
          }
        ],
        "access": {
          "longitude": -54.56111825,
          "latitude": -16.46826867,
          "label": "Rua Projetada 16 / Rua Projetada 8",
          "frontage_m": 29.99,
          "confidence": "memorial"
        },
        "memorial_path": "memoriais/Q07/L09.pdf",
        "status_default": "nao_informado",
        "technical_review": []
      },
      "geometry": {
        "type": "Polygon",
        "coordinates": [
          [
            [
              -54.56100560344525,
              -16.46817374814978
            ],
            [
              -54.56099254580664,
              -16.468276853314496
            ],
            [
              -54.56114120201407,
              -16.468294402264767
            ],
            [
              -54.561182917579806,
              -16.468262920151087
            ],
            [
              -54.56119143528937,
              -16.46819568669154
            ],
            [
              -54.56100560344525,
              -16.46817374814978
            ]
          ]
        ]
      }
    },
    {
      "type": "Feature",
      "id": "Q07-L10",
      "properties": {
        "quadra": 7,
        "lote": 10,
        "area_m2": 210.29,
        "center": [
          -54.56100196,
          -16.46745672
        ],
        "source_polygon": "PLINHA-339",
        "geometry_source": "memorial_descritivo",
        "match_distance_m": 0.001,
        "perimeter_m": 61.05,
        "frontage_m": 30.53,
        "dimensions": [
          {
            "from": "230",
            "to": "235",
            "label": "Rua Projetada 9",
            "length_m": 10.5
          },
          {
            "from": "235",
            "to": "236",
            "label": "Lote 11",
            "length_m": 20.03
          },
          {
            "from": "236",
            "to": "231",
            "label": "Lote 1",
            "length_m": 10.5
          },
          {
            "from": "231",
            "to": "230",
            "label": "Alameda Projetada 3",
            "length_m": 20.03
          }
        ],
        "access": {
          "longitude": -54.56097386,
          "latitude": -16.46742206,
          "label": "Rua Projetada 9 / Alameda Projetada 3",
          "frontage_m": 30.53,
          "confidence": "memorial"
        },
        "memorial_path": "memoriais/Q07/L10.pdf",
        "status_default": "nao_informado",
        "technical_review": []
      },
      "geometry": {
        "type": "Polygon",
        "coordinates": [
          [
            [
              -54.560914872836385,
              -16.467398663212425
            ],
            [
              -54.560902947854984,
              -16.467492802679228
            ],
            [
              -54.56108904077901,
              -16.46751477137364
            ],
            [
              -54.56110095642776,
              -16.467420622743717
            ],
            [
              -54.560914872836385,
              -16.467398663212425
            ]
          ]
        ]
      }
    },
    {
      "type": "Feature",
      "id": "Q07-L11",
      "properties": {
        "quadra": 7,
        "lote": 11,
        "area_m2": 210.3,
        "center": [
          -54.56099003,
          -16.46755086
        ],
        "source_polygon": "PLINHA-338",
        "geometry_source": "memorial_descritivo",
        "match_distance_m": 0.001,
        "perimeter_m": 61.06,
        "frontage_m": 10.5,
        "dimensions": [
          {
            "from": "235",
            "to": "238",
            "label": "Rua projetada 9",
            "length_m": 10.5
          },
          {
            "from": "238",
            "to": "239",
            "label": "Lote 12",
            "length_m": 20.03
          },
          {
            "from": "239",
            "to": "236",
            "label": "Lote 2",
            "length_m": 10.5
          },
          {
            "from": "236",
            "to": "235",
            "label": "Lote 10",
            "length_m": 20.03
          }
        ],
        "access": {
          "longitude": -54.56089699,
          "latitude": -16.46753987,
          "label": "Rua projetada 9",
          "frontage_m": 10.5,
          "confidence": "memorial"
        },
        "memorial_path": "memoriais/Q07/L11.pdf",
        "status_default": "nao_informado",
        "technical_review": []
      },
      "geometry": {
        "type": "Polygon",
        "coordinates": [
          [
            [
              -54.560902947854984,
              -16.467492802679228
            ],
            [
              -54.5608910228556,
              -16.467586942143033
            ],
            [
              -54.5610771158652,
              -16.467608910859745
            ],
            [
              -54.56108904077901,
              -16.46751477137364
            ],
            [
              -54.560902947854984,
              -16.467492802679228
            ]
          ]
        ]
      }
    },
    {
      "type": "Feature",
      "id": "Q07-L12",
      "properties": {
        "quadra": 7,
        "lote": 12,
        "area_m2": 210.31,
        "center": [
          -54.56097811,
          -16.467645
        ],
        "source_polygon": "PLINHA-335",
        "geometry_source": "memorial_descritivo",
        "match_distance_m": 0.001,
        "perimeter_m": 61.06,
        "frontage_m": 10.5,
        "dimensions": [
          {
            "from": "238",
            "to": "241",
            "label": "Rua Projetada 9",
            "length_m": 10.5
          },
          {
            "from": "241",
            "to": "242",
            "label": "Lote13",
            "length_m": 20.03
          },
          {
            "from": "242",
            "to": "239",
            "label": "Lote 3",
            "length_m": 10.5
          },
          {
            "from": "239",
            "to": "238",
            "label": "Lote 11",
            "length_m": 20.03
          }
        ],
        "access": {
          "longitude": -54.56088506,
          "latitude": -16.46763401,
          "label": "Rua Projetada 9",
          "frontage_m": 10.5,
          "confidence": "memorial"
        },
        "memorial_path": "memoriais/Q07/L12.pdf",
        "status_default": "nao_informado",
        "technical_review": []
      },
      "geometry": {
        "type": "Polygon",
        "coordinates": [
          [
            [
              -54.5608910228556,
              -16.467586942143033
            ],
            [
              -54.56087909783824,
              -16.467681081603846
            ],
            [
              -54.56106520029351,
              -16.46770305045191
            ],
            [
              -54.5610771158652,
              -16.467608910859745
            ],
            [
              -54.5608910228556,
              -16.467586942143033
            ]
          ]
        ]
      }
    },
    {
      "type": "Feature",
      "id": "Q07-L13",
      "properties": {
        "quadra": 7,
        "lote": 13,
        "area_m2": 210.31,
        "center": [
          -54.56096619,
          -16.46773914
        ],
        "source_polygon": "PLINHA-351",
        "geometry_source": "memorial_descritivo",
        "match_distance_m": 0.001,
        "perimeter_m": 61.06,
        "frontage_m": 10.5,
        "dimensions": [
          {
            "from": "241",
            "to": "244",
            "label": "Rua Projetada 9",
            "length_m": 10.5
          },
          {
            "from": "244",
            "to": "245",
            "label": "Lote 14",
            "length_m": 20.03
          },
          {
            "from": "245",
            "to": "242",
            "label": "Lote 4",
            "length_m": 10.5
          },
          {
            "from": "242",
            "to": "241",
            "label": "Lote 12",
            "length_m": 20.03
          }
        ],
        "access": {
          "longitude": -54.56087314,
          "latitude": -16.46772815,
          "label": "Rua Projetada 9",
          "frontage_m": 10.5,
          "confidence": "memorial"
        },
        "memorial_path": "memoriais/Q07/L13.pdf",
        "status_default": "nao_informado",
        "technical_review": []
      },
      "geometry": {
        "type": "Polygon",
        "coordinates": [
          [
            [
              -54.56087909783824,
              -16.467681081603846
            ],
            [
              -54.560867172802894,
              -16.467775221061657
            ],
            [
              -54.56105327534375,
              -16.467797189932043
            ],
            [
              -54.56106520029351,
              -16.46770305045191
            ],
            [
              -54.56087909783824,
              -16.467681081603846
            ]
          ]
        ]
      }
    },
    {
      "type": "Feature",
      "id": "Q07-L14",
      "properties": {
        "quadra": 7,
        "lote": 14,
        "area_m2": 210.32,
        "center": [
          -54.56095426,
          -16.46783328
        ],
        "source_polygon": "PLINHA-350",
        "geometry_source": "memorial_descritivo",
        "match_distance_m": 0.001,
        "perimeter_m": 61.06,
        "frontage_m": 10.5,
        "dimensions": [
          {
            "from": "244",
            "to": "247",
            "label": "Rua Projetada 9",
            "length_m": 10.5
          },
          {
            "from": "247",
            "to": "248",
            "label": "Lote 15",
            "length_m": 20.03
          },
          {
            "from": "248",
            "to": "245",
            "label": "Lote 5",
            "length_m": 10.5
          },
          {
            "from": "245",
            "to": "244",
            "label": "Lote 13",
            "length_m": 20.03
          }
        ],
        "access": {
          "longitude": -54.56086121,
          "latitude": -16.46782229,
          "label": "Rua Projetada 9",
          "frontage_m": 10.5,
          "confidence": "memorial"
        },
        "memorial_path": "memoriais/Q07/L14.pdf",
        "status_default": "nao_informado",
        "technical_review": []
      },
      "geometry": {
        "type": "Polygon",
        "coordinates": [
          [
            [
              -54.560867172802894,
              -16.467775221061657
            ],
            [
              -54.56085524774956,
              -16.467869360516488
            ],
            [
              -54.561041359736116,
              -16.467891329518217
            ],
            [
              -54.56105327534375,
              -16.467797189932043
            ],
            [
              -54.560867172802894,
              -16.467775221061657
            ]
          ]
        ]
      }
    },
    {
      "type": "Feature",
      "id": "Q07-L15",
      "properties": {
        "quadra": 7,
        "lote": 15,
        "area_m2": 210.33,
        "center": [
          -54.56094234,
          -16.46792742
        ],
        "source_polygon": "PLINHA-347",
        "geometry_source": "memorial_descritivo",
        "match_distance_m": 0.001,
        "perimeter_m": 61.06,
        "frontage_m": 10.5,
        "dimensions": [
          {
            "from": "247",
            "to": "250",
            "label": "Rua Projetada 8",
            "length_m": 10.5
          },
          {
            "from": "250",
            "to": "251",
            "label": "Lote 16",
            "length_m": 20.03
          },
          {
            "from": "251",
            "to": "248",
            "label": "Lote 6",
            "length_m": 10.5
          },
          {
            "from": "248",
            "to": "247",
            "label": "Lote 14",
            "length_m": 20.03
          }
        ],
        "access": {
          "longitude": -54.56084928,
          "latitude": -16.46791643,
          "label": "Rua Projetada 8",
          "frontage_m": 10.5,
          "confidence": "memorial"
        },
        "memorial_path": "memoriais/Q07/L15.pdf",
        "status_default": "nao_informado",
        "technical_review": []
      },
      "geometry": {
        "type": "Polygon",
        "coordinates": [
          [
            [
              -54.56085524774956,
              -16.467869360516488
            ],
            [
              -54.560843313318145,
              -16.467963499859255
            ],
            [
              -54.56102944411051,
              -16.467985469101418
            ],
            [
              -54.561041359736116,
              -16.467891329518217
            ],
            [
              -54.56085524774956,
              -16.467869360516488
            ]
          ]
        ]
      }
    },
    {
      "type": "Feature",
      "id": "Q07-L16",
      "properties": {
        "quadra": 7,
        "lote": 16,
        "area_m2": 210.33,
        "center": [
          -54.56093042,
          -16.46802155
        ],
        "source_polygon": "PLINHA-345",
        "geometry_source": "memorial_descritivo",
        "match_distance_m": 0.0,
        "perimeter_m": 61.06,
        "frontage_m": 10.5,
        "dimensions": [
          {
            "from": "250",
            "to": "253",
            "label": "Rua Projetada 9",
            "length_m": 10.5
          },
          {
            "from": "253",
            "to": "254",
            "label": "Lote 17",
            "length_m": 20.03
          },
          {
            "from": "254",
            "to": "251",
            "label": "Lote 7",
            "length_m": 10.5
          },
          {
            "from": "251",
            "to": "250",
            "label": "Lote 15",
            "length_m": 20.03
          }
        ],
        "access": {
          "longitude": -54.56083735,
          "latitude": -16.46801057,
          "label": "Rua Projetada 9",
          "frontage_m": 10.5,
          "confidence": "memorial"
        },
        "memorial_path": "memoriais/Q07/L16.pdf",
        "status_default": "nao_informado",
        "technical_review": []
      },
      "geometry": {
        "type": "Polygon",
        "coordinates": [
          [
            [
              -54.560843313318145,
              -16.467963499859255
            ],
            [
              -54.56083138822885,
              -16.4680576393081
            ],
            [
              -54.56101751910681,
              -16.468079608572562
            ],
            [
              -54.56102944411051,
              -16.467985469101418
            ],
            [
              -54.560843313318145,
              -16.467963499859255
            ]
          ]
        ]
      }
    },
    {
      "type": "Feature",
      "id": "Q07-L17",
      "properties": {
        "quadra": 7,
        "lote": 17,
        "area_m2": 210.34,
        "center": [
          -54.56091849,
          -16.46811569
        ],
        "source_polygon": "PLINHA-344",
        "geometry_source": "memorial_descritivo",
        "match_distance_m": 0.0,
        "perimeter_m": 61.06,
        "frontage_m": 10.5,
        "dimensions": [
          {
            "from": "253",
            "to": "256",
            "label": "Rua Projetada 9",
            "length_m": 10.5
          },
          {
            "from": "256",
            "to": "257",
            "label": "Lote 18",
            "length_m": 20.03
          },
          {
            "from": "257",
            "to": "254",
            "label": "Lote 8",
            "length_m": 10.5
          },
          {
            "from": "254",
            "to": "253",
            "label": "Lote 16",
            "length_m": 20.03
          }
        ],
        "access": {
          "longitude": -54.56082543,
          "latitude": -16.46810471,
          "label": "Rua Projetada 9",
          "frontage_m": 10.5,
          "confidence": "memorial"
        },
        "memorial_path": "memoriais/Q07/L17.pdf",
        "status_default": "nao_informado",
        "technical_review": []
      },
      "geometry": {
        "type": "Polygon",
        "coordinates": [
          [
            [
              -54.56083138822885,
              -16.4680576393081
            ],
            [
              -54.56081946312157,
              -16.468151778753956
            ],
            [
              -54.56100560344525,
              -16.46817374814978
            ],
            [
              -54.56101751910681,
              -16.468079608572562
            ],
            [
              -54.56083138822885,
              -16.4680576393081
            ]
          ]
        ]
      }
    },
    {
      "type": "Feature",
      "id": "Q07-L18",
      "properties": {
        "quadra": 7,
        "lote": 18,
        "area_m2": 226.95,
        "center": [
          -54.56090909,
          -16.46821324
        ],
        "source_polygon": "PLINHA-341",
        "geometry_source": "memorial_descritivo",
        "match_distance_m": 0.0,
        "perimeter_m": 61.35,
        "frontage_m": 30.97,
        "dimensions": [
          {
            "from": "256",
            "to": "259",
            "label": "Rua Projetada 9",
            "length_m": 7.5
          },
          {
            "from": "259",
            "to": "260",
            "label": "Rua Projetada 9",
            "length_m": 5.66
          },
          {
            "from": "260",
            "to": "261",
            "label": "Rua Projetada 16",
            "length_m": 17.81
          },
          {
            "from": "261",
            "to": "257",
            "label": "Lote 9",
            "length_m": 11.5
          },
          {
            "from": "257",
            "to": "256",
            "label": "O Lote 17",
            "length_m": 20.03
          }
        ],
        "access": {
          "longitude": -54.56087655,
          "latitude": -16.46824276,
          "label": "Rua Projetada 9 / Rua Projetada 16",
          "frontage_m": 30.97,
          "confidence": "memorial"
        },
        "memorial_path": "memoriais/Q07/L18.pdf",
        "status_default": "nao_informado",
        "technical_review": []
      },
      "geometry": {
        "type": "Polygon",
        "coordinates": [
          [
            [
              -54.56081946312157,
              -16.468151778753956
            ],
            [
              -54.56081094506376,
              -16.46821903024522
            ],
            [
              -54.560843562375716,
              -16.46825927334949
            ],
            [
              -54.56099254580664,
              -16.468276853314496
            ],
            [
              -54.56100560344525,
              -16.46817374814978
            ],
            [
              -54.56081946312157,
              -16.468151778753956
            ]
          ]
        ]
      }
    },
    {
      "type": "Feature",
      "id": "Q08-L01",
      "properties": {
        "quadra": 8,
        "lote": 1,
        "area_m2": 314.71,
        "center": [
          -54.56080137,
          -16.46661836
        ],
        "source_polygon": "PLINHA-53",
        "geometry_source": "memorial_descritivo",
        "match_distance_m": 0.001,
        "perimeter_m": 69.86,
        "frontage_m": 30.15,
        "dimensions": [
          {
            "from": "264",
            "to": "268",
            "label": "Rua Projetada 4",
            "length_m": 15.72
          },
          {
            "from": "268",
            "to": "267",
            "label": "RMI-10",
            "length_m": 11.29
          },
          {
            "from": "267",
            "to": "269",
            "label": "Lote 10",
            "length_m": 0.5
          },
          {
            "from": "269",
            "to": "270",
            "label": "Lote 2",
            "length_m": 20.0
          },
          {
            "from": "270",
            "to": "272",
            "label": "Rua Projetada 9",
            "length_m": 14.43
          },
          {
            "from": "272",
            "to": "264",
            "label": "Propriedade de",
            "length_m": 7.94
          }
        ],
        "access": {
          "longitude": -54.56083154,
          "latitude": -16.46659013,
          "label": "Rua Projetada 4 / Rua Projetada 9",
          "frontage_m": 30.15,
          "confidence": "memorial"
        },
        "memorial_path": "memoriais/Q08/L01.pdf",
        "status_default": "nao_informado",
        "technical_review": []
      },
      "geometry": {
        "type": "Polygon",
        "coordinates": [
          [
            [
              -54.56084915940258,
              -16.466529808138294
            ],
            [
              -54.560708280682604,
              -16.466570866149763
            ],
            [
              -54.56069570481833,
              -16.46667213416506
            ],
            [
              -54.56069514320208,
              -16.46667661706888
            ],
            [
              -54.56088101552777,
              -16.466698194858417
            ],
            [
              -54.56089715451787,
              -16.466568776044035
            ],
            [
              -54.56084915940258,
              -16.466529808138294
            ]
          ]
        ]
      }
    },
    {
      "type": "Feature",
      "id": "Q08-L02",
      "properties": {
        "quadra": 8,
        "lote": 2,
        "area_m2": 210.0,
        "center": [
          -54.56078212,
          -16.46673448
        ],
        "source_polygon": "PLINHA-312",
        "geometry_source": "memorial_descritivo",
        "match_distance_m": 0.0,
        "perimeter_m": 61.0,
        "frontage_m": 10.5,
        "dimensions": [
          {
            "from": "269",
            "to": "274",
            "label": "Lote 10",
            "length_m": 10.5
          },
          {
            "from": "274",
            "to": "275",
            "label": "Lote 3",
            "length_m": 20.0
          },
          {
            "from": "275",
            "to": "270",
            "label": "Rua Projetada 9",
            "length_m": 10.5
          },
          {
            "from": "270",
            "to": "269",
            "label": "Lote 1",
            "length_m": 20.0
          }
        ],
        "access": {
          "longitude": -54.56087506,
          "latitude": -16.46674527,
          "label": "Rua Projetada 9",
          "frontage_m": 10.5,
          "confidence": "memorial"
        },
        "memorial_path": "memoriais/Q08/L02.pdf",
        "status_default": "nao_informado",
        "technical_review": []
      },
      "geometry": {
        "type": "Polygon",
        "coordinates": [
          [
            [
              -54.56069514320208,
              -16.46667661706888
            ],
            [
              -54.56068322757073,
              -16.466770756629796
            ],
            [
              -54.56086909998194,
              -16.466792334441603
            ],
            [
              -54.56088101552777,
              -16.466698194858417
            ],
            [
              -54.56069514320208,
              -16.46667661706888
            ]
          ]
        ]
      }
    },
    {
      "type": "Feature",
      "id": "Q08-L03",
      "properties": {
        "quadra": 8,
        "lote": 3,
        "area_m2": 210.0,
        "center": [
          -54.56077021,
          -16.46682862
        ],
        "source_polygon": "PLINHA-313",
        "geometry_source": "memorial_descritivo",
        "match_distance_m": 0.0,
        "perimeter_m": 61.0,
        "frontage_m": 10.5,
        "dimensions": [
          {
            "from": "274",
            "to": "277",
            "label": "Lote 11",
            "length_m": 10.5
          },
          {
            "from": "277",
            "to": "278",
            "label": "Lote 4",
            "length_m": 20.0
          },
          {
            "from": "278",
            "to": "275",
            "label": "Rua Projetada 9",
            "length_m": 10.5
          },
          {
            "from": "275",
            "to": "274",
            "label": "Lote 2",
            "length_m": 20.0
          }
        ],
        "access": {
          "longitude": -54.56086314,
          "latitude": -16.46683941,
          "label": "Rua Projetada 9",
          "frontage_m": 10.5,
          "confidence": "memorial"
        },
        "memorial_path": "memoriais/Q08/L03.pdf",
        "status_default": "nao_informado",
        "technical_review": []
      },
      "geometry": {
        "type": "Polygon",
        "coordinates": [
          [
            [
              -54.56068322757073,
              -16.466770756629796
            ],
            [
              -54.56067131192142,
              -16.46686489618771
            ],
            [
              -54.56085718430512,
              -16.466886483053575
            ],
            [
              -54.56086909998194,
              -16.466792334441603
            ],
            [
              -54.56068322757073,
              -16.466770756629796
            ]
          ]
        ]
      }
    },
    {
      "type": "Feature",
      "id": "Q08-L04",
      "properties": {
        "quadra": 8,
        "lote": 4,
        "area_m2": 210.0,
        "center": [
          -54.56075829,
          -16.46692276
        ],
        "source_polygon": "PLINHA-314",
        "geometry_source": "memorial_descritivo",
        "match_distance_m": 0.0,
        "perimeter_m": 61.0,
        "frontage_m": 10.5,
        "dimensions": [
          {
            "from": "277",
            "to": "280",
            "label": "Lote 12",
            "length_m": 10.5
          },
          {
            "from": "280",
            "to": "281",
            "label": "Lote 5",
            "length_m": 20.0
          },
          {
            "from": "281",
            "to": "278",
            "label": "Rua Projetada 9",
            "length_m": 10.5
          },
          {
            "from": "278",
            "to": "277",
            "label": "Lote 3",
            "length_m": 20.0
          }
        ],
        "access": {
          "longitude": -54.56085123,
          "latitude": -16.46693355,
          "label": "Rua Projetada 9",
          "frontage_m": 10.5,
          "confidence": "memorial"
        },
        "memorial_path": "memoriais/Q08/L04.pdf",
        "status_default": "nao_informado",
        "technical_review": []
      },
      "geometry": {
        "type": "Polygon",
        "coordinates": [
          [
            [
              -54.56067131192142,
              -16.46686489618771
            ],
            [
              -54.560659396254124,
              -16.46695903574264
            ],
            [
              -54.560845268723355,
              -16.466980622630782
            ],
            [
              -54.56085718430512,
              -16.466886483053575
            ],
            [
              -54.56067131192142,
              -16.46686489618771
            ]
          ]
        ]
      }
    },
    {
      "type": "Feature",
      "id": "Q08-L05",
      "properties": {
        "quadra": 8,
        "lote": 5,
        "area_m2": 210.0,
        "center": [
          -54.56074637,
          -16.4670169
        ],
        "source_polygon": "PLINHA-299",
        "geometry_source": "memorial_descritivo",
        "match_distance_m": 0.0,
        "perimeter_m": 61.0,
        "frontage_m": 10.5,
        "dimensions": [
          {
            "from": "280",
            "to": "283",
            "label": "Lote 13",
            "length_m": 10.5
          },
          {
            "from": "283",
            "to": "284",
            "label": "Lote 6",
            "length_m": 20.0
          },
          {
            "from": "284",
            "to": "281",
            "label": "Rua Projetada 9",
            "length_m": 10.5
          },
          {
            "from": "281",
            "to": "280",
            "label": "Lote 4",
            "length_m": 20.0
          }
        ],
        "access": {
          "longitude": -54.56083931,
          "latitude": -16.46702769,
          "label": "Rua Projetada 9",
          "frontage_m": 10.5,
          "confidence": "memorial"
        },
        "memorial_path": "memoriais/Q08/L05.pdf",
        "status_default": "nao_informado",
        "technical_review": []
      },
      "geometry": {
        "type": "Polygon",
        "coordinates": [
          [
            [
              -54.560659396254124,
              -16.46695903574264
            ],
            [
              -54.56064748056886,
              -16.46705317529458
            ],
            [
              -54.56083335312362,
              -16.46707476220499
            ],
            [
              -54.560845268723355,
              -16.466980622630782
            ],
            [
              -54.560659396254124,
              -16.46695903574264
            ]
          ]
        ]
      }
    },
    {
      "type": "Feature",
      "id": "Q08-L06",
      "properties": {
        "quadra": 8,
        "lote": 6,
        "area_m2": 210.0,
        "center": [
          -54.56073446,
          -16.46711104
        ],
        "source_polygon": "PLINHA-301",
        "geometry_source": "memorial_descritivo",
        "match_distance_m": 0.001,
        "perimeter_m": 61.0,
        "frontage_m": 10.5,
        "dimensions": [
          {
            "from": "283",
            "to": "286",
            "label": "Lote 14",
            "length_m": 10.5
          },
          {
            "from": "286",
            "to": "287",
            "label": "Lote 7",
            "length_m": 20.0
          },
          {
            "from": "287",
            "to": "284",
            "label": "Rua Projetada 9",
            "length_m": 10.5
          },
          {
            "from": "284",
            "to": "283",
            "label": "Lote 5",
            "length_m": 20.0
          }
        ],
        "access": {
          "longitude": -54.5608274,
          "latitude": -16.46712183,
          "label": "Rua Projetada 9",
          "frontage_m": 10.5,
          "confidence": "memorial"
        },
        "memorial_path": "memoriais/Q08/L06.pdf",
        "status_default": "nao_informado",
        "technical_review": []
      },
      "geometry": {
        "type": "Polygon",
        "coordinates": [
          [
            [
              -54.56064748056886,
              -16.46705317529458
            ],
            [
              -54.56063556486562,
              -16.46714731484353
            ],
            [
              -54.5608214375059,
              -16.467168901776216
            ],
            [
              -54.56083335312362,
              -16.46707476220499
            ],
            [
              -54.56064748056886,
              -16.46705317529458
            ]
          ]
        ]
      }
    },
    {
      "type": "Feature",
      "id": "Q08-L07",
      "properties": {
        "quadra": 8,
        "lote": 7,
        "area_m2": 210.0,
        "center": [
          -54.56072254,
          -16.46720518
        ],
        "source_polygon": "PLINHA-304",
        "geometry_source": "memorial_descritivo",
        "match_distance_m": 0.001,
        "perimeter_m": 61.0,
        "frontage_m": 10.5,
        "dimensions": [
          {
            "from": "286",
            "to": "289",
            "label": "Lote 15",
            "length_m": 10.5
          },
          {
            "from": "289",
            "to": "290",
            "label": "Lote 8",
            "length_m": 20.0
          },
          {
            "from": "290",
            "to": "287",
            "label": "Rua Projetada 9",
            "length_m": 10.5
          },
          {
            "from": "287",
            "to": "286",
            "label": "Lote 6",
            "length_m": 20.0
          }
        ],
        "access": {
          "longitude": -54.56081548,
          "latitude": -16.46721597,
          "label": "Rua Projetada 9",
          "frontage_m": 10.5,
          "confidence": "memorial"
        },
        "memorial_path": "memoriais/Q08/L07.pdf",
        "status_default": "nao_informado",
        "technical_review": []
      },
      "geometry": {
        "type": "Polygon",
        "coordinates": [
          [
            [
              -54.56063556486562,
              -16.46714731484353
            ],
            [
              -54.56062363967131,
              -16.4672414633122
            ],
            [
              -54.56080952187022,
              -16.467263041344452
            ],
            [
              -54.5608214375059,
              -16.467168901776216
            ],
            [
              -54.56063556486562,
              -16.46714731484353
            ]
          ]
        ]
      }
    },
    {
      "type": "Feature",
      "id": "Q08-L08",
      "properties": {
        "quadra": 8,
        "lote": 8,
        "area_m2": 210.0,
        "center": [
          -54.56071062,
          -16.46729932
        ],
        "source_polygon": "PLINHA-306",
        "geometry_source": "memorial_descritivo",
        "match_distance_m": 0.001,
        "perimeter_m": 61.0,
        "frontage_m": 10.5,
        "dimensions": [
          {
            "from": "289",
            "to": "292",
            "label": "Lote 16",
            "length_m": 10.5
          },
          {
            "from": "292",
            "to": "293",
            "label": "Lote 9",
            "length_m": 20.0
          },
          {
            "from": "293",
            "to": "290",
            "label": "Rua Projetada 9",
            "length_m": 10.5
          },
          {
            "from": "290",
            "to": "289",
            "label": "Lote 7",
            "length_m": 20.0
          }
        ],
        "access": {
          "longitude": -54.56080356,
          "latitude": -16.46731011,
          "label": "Rua Projetada 9",
          "frontage_m": 10.5,
          "confidence": "memorial"
        },
        "memorial_path": "memoriais/Q08/L08.pdf",
        "status_default": "nao_informado",
        "technical_review": []
      },
      "geometry": {
        "type": "Polygon",
        "coordinates": [
          [
            [
              -54.56062363967131,
              -16.4672414633122
            ],
            [
              -54.56061172393212,
              -16.46733560285517
            ],
            [
              -54.56079760621656,
              -16.4673571809097
            ],
            [
              -54.56080952187022,
              -16.467263041344452
            ],
            [
              -54.56062363967131,
              -16.4672414633122
            ]
          ]
        ]
      }
    },
    {
      "type": "Feature",
      "id": "Q08-L09",
      "properties": {
        "quadra": 8,
        "lote": 9,
        "area_m2": 210.0,
        "center": [
          -54.56069871,
          -16.46739346
        ],
        "source_polygon": "PLINHA-307",
        "geometry_source": "memorial_descritivo",
        "match_distance_m": 0.001,
        "perimeter_m": 61.0,
        "frontage_m": 30.5,
        "dimensions": [
          {
            "from": "292",
            "to": "295",
            "label": "Lote 17",
            "length_m": 10.5
          },
          {
            "from": "295",
            "to": "296",
            "label": "Alameda Projetada 4",
            "length_m": 20.0
          },
          {
            "from": "296",
            "to": "293",
            "label": "Rua Projetada 9",
            "length_m": 10.5
          },
          {
            "from": "293",
            "to": "292",
            "label": "Lote 8",
            "length_m": 20.0
          }
        ],
        "access": {
          "longitude": -54.5607268,
          "latitude": -16.46742805,
          "label": "Alameda Projetada 4 / Rua Projetada 9",
          "frontage_m": 30.5,
          "confidence": "memorial"
        },
        "memorial_path": "memoriais/Q08/L09.pdf",
        "status_default": "nao_informado",
        "technical_review": []
      },
      "geometry": {
        "type": "Polygon",
        "coordinates": [
          [
            [
              -54.56061172393212,
              -16.46733560285517
            ],
            [
              -54.56059980817496,
              -16.467429742395147
            ],
            [
              -54.5607856904319,
              -16.46745132950373
            ],
            [
              -54.56079760621656,
              -16.4673571809097
            ],
            [
              -54.56061172393212,
              -16.46733560285517
            ]
          ]
        ]
      }
    },
    {
      "type": "Feature",
      "id": "Q08-L10",
      "properties": {
        "quadra": 8,
        "lote": 10,
        "area_m2": 220.01,
        "center": [
          -54.56059649,
          -16.46671063
        ],
        "source_polygon": "PLINHA-309",
        "geometry_source": "memorial_descritivo",
        "match_distance_m": 0.001,
        "perimeter_m": 62.0,
        "frontage_m": 10.99,
        "dimensions": [
          {
            "from": "266",
            "to": "273",
            "label": "Rua Projetada 10",
            "length_m": 10.99
          },
          {
            "from": "273",
            "to": "274",
            "label": "Lote 11",
            "length_m": 20.02
          },
          {
            "from": "274",
            "to": "269",
            "label": "O Lote 2",
            "length_m": 10.5
          },
          {
            "from": "269",
            "to": "267",
            "label": "Lote 1",
            "length_m": 0.5
          },
          {
            "from": "267",
            "to": "266",
            "label": "RMI-10",
            "length_m": 20.0
          }
        ],
        "access": {
          "longitude": -54.56050348,
          "latitude": -16.46669979,
          "label": "Rua Projetada 10",
          "frontage_m": 10.99,
          "confidence": "memorial"
        },
        "memorial_path": "memoriais/Q08/L10.pdf",
        "status_default": "nao_informado",
        "technical_review": []
      },
      "geometry": {
        "type": "Polygon",
        "coordinates": [
          [
            [
              -54.560509823314334,
              -16.46665054707601
            ],
            [
              -54.56049714175157,
              -16.46674903164121
            ],
            [
              -54.56068322757073,
              -16.466770756629796
            ],
            [
              -54.56069514320208,
              -16.46667661706888
            ],
            [
              -54.56069570481833,
              -16.46667213416506
            ],
            [
              -54.560509823314334,
              -16.46665054707601
            ]
          ]
        ]
      }
    },
    {
      "type": "Feature",
      "id": "Q08-L11",
      "properties": {
        "quadra": 8,
        "lote": 11,
        "area_m2": 210.03,
        "center": [
          -54.56058432,
          -16.46680703
        ],
        "source_polygon": "PLINHA-310",
        "geometry_source": "memorial_descritivo",
        "match_distance_m": 0.025,
        "perimeter_m": 61.0,
        "frontage_m": 10.5,
        "dimensions": [
          {
            "from": "273",
            "to": "276",
            "label": "Rua Projetada 10",
            "length_m": 10.5
          },
          {
            "from": "276",
            "to": "277",
            "label": "Lote 12",
            "length_m": 20.0
          },
          {
            "from": "277",
            "to": "274",
            "label": "Lote 3",
            "length_m": 10.5
          },
          {
            "from": "274",
            "to": "273",
            "label": "Lote 10",
            "length_m": 20.0
          }
        ],
        "access": {
          "longitude": -54.56049136,
          "latitude": -16.46679624,
          "label": "Rua Projetada 10",
          "frontage_m": 10.5,
          "confidence": "memorial"
        },
        "memorial_path": "memoriais/Q08/L11.pdf",
        "status_default": "nao_informado",
        "technical_review": []
      },
      "geometry": {
        "type": "Polygon",
        "coordinates": [
          [
            [
              -54.56049732725703,
              -16.466749169299263
            ],
            [
              -54.56048540216213,
              -16.46684330872583
            ],
            [
              -54.56067131192142,
              -16.46686489618771
            ],
            [
              -54.56068322757073,
              -16.466770756629796
            ],
            [
              -54.56049732725703,
              -16.466749169299263
            ]
          ]
        ]
      }
    },
    {
      "type": "Feature",
      "id": "Q08-L12",
      "properties": {
        "quadra": 8,
        "lote": 12,
        "area_m2": 210.04,
        "center": [
          -54.5605724,
          -16.46690117
        ],
        "source_polygon": "PLINHA-300",
        "geometry_source": "memorial_descritivo",
        "match_distance_m": 0.0,
        "perimeter_m": 61.0,
        "frontage_m": 10.5,
        "dimensions": [
          {
            "from": "276",
            "to": "279",
            "label": "Rua Projetada 10",
            "length_m": 10.5
          },
          {
            "from": "279",
            "to": "280",
            "label": "Lote 13",
            "length_m": 20.0
          },
          {
            "from": "280",
            "to": "277",
            "label": "Lote 4",
            "length_m": 10.5
          },
          {
            "from": "277",
            "to": "276",
            "label": "Lote 11",
            "length_m": 20.0
          }
        ],
        "access": {
          "longitude": -54.56047944,
          "latitude": -16.46689038,
          "label": "Rua Projetada 10",
          "frontage_m": 10.5,
          "confidence": "memorial"
        },
        "memorial_path": "memoriais/Q08/L12.pdf",
        "status_default": "nao_informado",
        "technical_review": []
      },
      "geometry": {
        "type": "Polygon",
        "coordinates": [
          [
            [
              -54.56048540216213,
              -16.46684330872583
            ],
            [
              -54.56047348640929,
              -16.46693744825849
            ],
            [
              -54.560659396254124,
              -16.46695903574264
            ],
            [
              -54.56067131192142,
              -16.46686489618771
            ],
            [
              -54.56048540216213,
              -16.46684330872583
            ]
          ]
        ]
      }
    },
    {
      "type": "Feature",
      "id": "Q08-L13",
      "properties": {
        "quadra": 8,
        "lote": 13,
        "area_m2": 210.04,
        "center": [
          -54.56056048,
          -16.46699531
        ],
        "source_polygon": "PLINHA-298",
        "geometry_source": "memorial_descritivo",
        "match_distance_m": 0.0,
        "perimeter_m": 61.0,
        "frontage_m": 10.5,
        "dimensions": [
          {
            "from": "279",
            "to": "282",
            "label": "Rua Projetada 10",
            "length_m": 10.5
          },
          {
            "from": "282",
            "to": "283",
            "label": "Lote 13",
            "length_m": 20.0
          },
          {
            "from": "283",
            "to": "280",
            "label": "Lote 5",
            "length_m": 10.5
          },
          {
            "from": "280",
            "to": "279",
            "label": "Lote 12",
            "length_m": 20.0
          }
        ],
        "access": {
          "longitude": -54.56046752,
          "latitude": -16.46698452,
          "label": "Rua Projetada 10",
          "frontage_m": 10.5,
          "confidence": "memorial"
        },
        "memorial_path": "memoriais/Q08/L13.pdf",
        "status_default": "nao_informado",
        "technical_review": []
      },
      "geometry": {
        "type": "Polygon",
        "coordinates": [
          [
            [
              -54.56047348640929,
              -16.46693744825849
            ],
            [
              -54.56046156127842,
              -16.46703158767907
            ],
            [
              -54.56064748056886,
              -16.46705317529458
            ],
            [
              -54.560659396254124,
              -16.46695903574264
            ],
            [
              -54.56047348640929,
              -16.46693744825849
            ]
          ]
        ]
      }
    },
    {
      "type": "Feature",
      "id": "Q08-L14",
      "properties": {
        "quadra": 8,
        "lote": 14,
        "area_m2": 210.05,
        "center": [
          -54.56054856,
          -16.46708945
        ],
        "source_polygon": "PLINHA-302",
        "geometry_source": "memorial_descritivo",
        "match_distance_m": 0.001,
        "perimeter_m": 61.0,
        "frontage_m": 10.5,
        "dimensions": [
          {
            "from": "282",
            "to": "285",
            "label": "Rua Projetada 10",
            "length_m": 10.5
          },
          {
            "from": "285",
            "to": "286",
            "label": "Lote 15",
            "length_m": 20.0
          },
          {
            "from": "286",
            "to": "283",
            "label": "Lote 6",
            "length_m": 10.5
          },
          {
            "from": "283",
            "to": "282",
            "label": "Lote 13",
            "length_m": 20.0
          }
        ],
        "access": {
          "longitude": -54.5604556,
          "latitude": -16.46707866,
          "label": "Rua Projetada 10",
          "frontage_m": 10.5,
          "confidence": "memorial"
        },
        "memorial_path": "memoriais/Q08/L14.pdf",
        "status_default": "nao_informado",
        "technical_review": []
      },
      "geometry": {
        "type": "Polygon",
        "coordinates": [
          [
            [
              -54.56046156127842,
              -16.46703158767907
            ],
            [
              -54.560449645489655,
              -16.467125727205747
            ],
            [
              -54.56063556486562,
              -16.46714731484353
            ],
            [
              -54.56064748056886,
              -16.46705317529458
            ],
            [
              -54.56046156127842,
              -16.46703158767907
            ]
          ]
        ]
      }
    },
    {
      "type": "Feature",
      "id": "Q08-L15",
      "properties": {
        "quadra": 8,
        "lote": 15,
        "area_m2": 210.05,
        "center": [
          -54.56053664,
          -16.46718359
        ],
        "source_polygon": "PLINHA-303",
        "geometry_source": "memorial_descritivo",
        "match_distance_m": 0.001,
        "perimeter_m": 61.0,
        "frontage_m": 10.5,
        "dimensions": [
          {
            "from": "285",
            "to": "288",
            "label": "Rua Projetada 10",
            "length_m": 10.5
          },
          {
            "from": "288",
            "to": "289",
            "label": "Lote 16",
            "length_m": 20.0
          },
          {
            "from": "289",
            "to": "286",
            "label": "Lote 7",
            "length_m": 10.5
          },
          {
            "from": "286",
            "to": "285",
            "label": "Lote 14",
            "length_m": 20.0
          }
        ],
        "access": {
          "longitude": -54.56044368,
          "latitude": -16.4671728,
          "label": "Rua Projetada 10",
          "frontage_m": 10.5,
          "confidence": "memorial"
        },
        "memorial_path": "memoriais/Q08/L15.pdf",
        "status_default": "nao_informado",
        "technical_review": []
      },
      "geometry": {
        "type": "Polygon",
        "coordinates": [
          [
            [
              -54.560449645489655,
              -16.467125727205747
            ],
            [
              -54.560437720322824,
              -16.467219866620344
            ],
            [
              -54.56062363967131,
              -16.4672414633122
            ],
            [
              -54.56063556486562,
              -16.46714731484353
            ],
            [
              -54.560449645489655,
              -16.467125727205747
            ]
          ]
        ]
      }
    },
    {
      "type": "Feature",
      "id": "Q08-L16",
      "properties": {
        "quadra": 8,
        "lote": 16,
        "area_m2": 210.05,
        "center": [
          -54.56052472,
          -16.46727774
        ],
        "source_polygon": "PLINHA-305",
        "geometry_source": "memorial_descritivo",
        "match_distance_m": 0.001,
        "perimeter_m": 61.0,
        "frontage_m": 10.5,
        "dimensions": [
          {
            "from": "288",
            "to": "291",
            "label": "Rua Projetada 10",
            "length_m": 10.5
          },
          {
            "from": "291",
            "to": "292",
            "label": "Lote 17",
            "length_m": 20.01
          },
          {
            "from": "292",
            "to": "289",
            "label": "Lote 8",
            "length_m": 10.5
          },
          {
            "from": "289",
            "to": "288",
            "label": "Lote 15",
            "length_m": 20.0
          }
        ],
        "access": {
          "longitude": -54.56043176,
          "latitude": -16.46726694,
          "label": "Rua Projetada 10",
          "frontage_m": 10.5,
          "confidence": "memorial"
        },
        "memorial_path": "memoriais/Q08/L16.pdf",
        "status_default": "nao_informado",
        "technical_review": []
      },
      "geometry": {
        "type": "Polygon",
        "coordinates": [
          [
            [
              -54.560437720322824,
              -16.467219866620344
            ],
            [
              -54.56042580438505,
              -16.467314015172807
            ],
            [
              -54.56061172393212,
              -16.46733560285517
            ],
            [
              -54.56062363967131,
              -16.4672414633122
            ],
            [
              -54.560437720322824,
              -16.467219866620344
            ]
          ]
        ]
      }
    },
    {
      "type": "Feature",
      "id": "Q08-L17",
      "properties": {
        "quadra": 8,
        "lote": 17,
        "area_m2": 210.06,
        "center": [
          -54.5605128,
          -16.46737188
        ],
        "source_polygon": "PLINHA-308",
        "geometry_source": "memorial_descritivo",
        "match_distance_m": 0.001,
        "perimeter_m": 61.0,
        "frontage_m": 30.51,
        "dimensions": [
          {
            "from": "291",
            "to": "294",
            "label": "Rua Projetada 10",
            "length_m": 10.5
          },
          {
            "from": "294",
            "to": "295",
            "label": "Alameda Projetada 4",
            "length_m": 20.01
          },
          {
            "from": "295",
            "to": "292",
            "label": "Lote 9",
            "length_m": 10.5
          },
          {
            "from": "292",
            "to": "291",
            "label": "Lote 16",
            "length_m": 20.01
          }
        ],
        "access": {
          "longitude": -54.5604769,
          "latitude": -16.46739904,
          "label": "Rua Projetada 10 / Alameda Projetada 4",
          "frontage_m": 30.51,
          "confidence": "memorial"
        },
        "memorial_path": "memoriais/Q08/L17.pdf",
        "status_default": "nao_informado",
        "technical_review": []
      },
      "geometry": {
        "type": "Polygon",
        "coordinates": [
          [
            [
              -54.56042580438505,
              -16.467314015172807
            ],
            [
              -54.56041387918226,
              -16.467408154581424
            ],
            [
              -54.56059980817496,
              -16.467429742395147
            ],
            [
              -54.56061172393212,
              -16.46733560285517
            ],
            [
              -54.56042580438505,
              -16.467314015172807
            ]
          ]
        ]
      }
    },
    {
      "type": "Feature",
      "id": "Q09-L01",
      "properties": {
        "quadra": 9,
        "lote": 1,
        "area_m2": 210.0,
        "center": [
          -54.5606832,
          -16.46751448
        ],
        "source_polygon": "PLINHA-288",
        "geometry_source": "memorial_descritivo",
        "match_distance_m": 0.0,
        "perimeter_m": 61.0,
        "frontage_m": 30.5,
        "dimensions": [
          {
            "from": "298",
            "to": "301",
            "label": "Lote 9",
            "length_m": 10.5
          },
          {
            "from": "301",
            "to": "302",
            "label": "Lote 2",
            "length_m": 20.0
          },
          {
            "from": "302",
            "to": "299",
            "label": "Rua Projetada 9",
            "length_m": 10.5
          },
          {
            "from": "299",
            "to": "298",
            "label": "Alameda Projetada 4",
            "length_m": 20.0
          }
        ],
        "access": {
          "longitude": -54.5607191,
          "latitude": -16.46748733,
          "label": "Rua Projetada 9 / Alameda Projetada 4",
          "frontage_m": 30.5,
          "confidence": "memorial"
        },
        "memorial_path": "memoriais/Q09/L01.pdf",
        "status_default": "nao_informado",
        "technical_review": []
      },
      "geometry": {
        "type": "Polygon",
        "coordinates": [
          [
            [
              -54.560596223379775,
              -16.46745661923896
            ],
            [
              -54.56058430759942,
              -16.467550758775076
            ],
            [
              -54.56077018060618,
              -16.467572345803394
            ],
            [
              -54.560782096301004,
              -16.467478206245005
            ],
            [
              -54.560596223379775,
              -16.46745661923896
            ]
          ]
        ]
      }
    },
    {
      "type": "Feature",
      "id": "Q09-L02",
      "properties": {
        "quadra": 9,
        "lote": 2,
        "area_m2": 210.0,
        "center": [
          -54.56067129,
          -16.46760862
        ],
        "source_polygon": "PLINHA-291",
        "geometry_source": "memorial_descritivo",
        "match_distance_m": 0.0,
        "perimeter_m": 61.0,
        "frontage_m": 10.5,
        "dimensions": [
          {
            "from": "301",
            "to": "304",
            "label": "Lote 10",
            "length_m": 10.5
          },
          {
            "from": "304",
            "to": "305",
            "label": "Lote 3",
            "length_m": 20.0
          },
          {
            "from": "305",
            "to": "302",
            "label": "Rua Projetada 9",
            "length_m": 10.5
          },
          {
            "from": "302",
            "to": "301",
            "label": "Lote 2",
            "length_m": 20.0
          }
        ],
        "access": {
          "longitude": -54.56076422,
          "latitude": -16.46761942,
          "label": "Rua Projetada 9",
          "frontage_m": 10.5,
          "confidence": "memorial"
        },
        "memorial_path": "memoriais/Q09/L02.pdf",
        "status_default": "nao_informado",
        "technical_review": []
      },
      "geometry": {
        "type": "Polygon",
        "coordinates": [
          [
            [
              -54.56058430759942,
              -16.467550758775076
            ],
            [
              -54.5605723918011,
              -16.467644898308198
            ],
            [
              -54.56075826489338,
              -16.46766648535879
            ],
            [
              -54.56077018060618,
              -16.467572345803394
            ],
            [
              -54.56058430759942,
              -16.467550758775076
            ]
          ]
        ]
      }
    },
    {
      "type": "Feature",
      "id": "Q09-L03",
      "properties": {
        "quadra": 9,
        "lote": 3,
        "area_m2": 210.0,
        "center": [
          -54.56065937,
          -16.46770276
        ],
        "source_polygon": "PLINHA-292",
        "geometry_source": "memorial_descritivo",
        "match_distance_m": 0.001,
        "perimeter_m": 61.0,
        "frontage_m": 10.5,
        "dimensions": [
          {
            "from": "304",
            "to": "307",
            "label": "Lote 11",
            "length_m": 10.5
          },
          {
            "from": "307",
            "to": "308",
            "label": "Lote 4",
            "length_m": 20.0
          },
          {
            "from": "308",
            "to": "305",
            "label": "Rua Projetada 9",
            "length_m": 10.5
          },
          {
            "from": "305",
            "to": "304",
            "label": "Lote 2",
            "length_m": 20.0
          }
        ],
        "access": {
          "longitude": -54.56075231,
          "latitude": -16.46771356,
          "label": "Rua Projetada 9",
          "frontage_m": 10.5,
          "confidence": "memorial"
        },
        "memorial_path": "memoriais/Q09/L03.pdf",
        "status_default": "nao_informado",
        "technical_review": []
      },
      "geometry": {
        "type": "Polygon",
        "coordinates": [
          [
            [
              -54.5605723918011,
              -16.467644898308198
            ],
            [
              -54.56056047598481,
              -16.46773903783833
            ],
            [
              -54.56074634916261,
              -16.467760624911204
            ],
            [
              -54.56075826489338,
              -16.46766648535879
            ],
            [
              -54.5605723918011,
              -16.467644898308198
            ]
          ]
        ]
      }
    },
    {
      "type": "Feature",
      "id": "Q09-L04",
      "properties": {
        "quadra": 9,
        "lote": 4,
        "area_m2": 210.0,
        "center": [
          -54.56064745,
          -16.4677969
        ],
        "source_polygon": "PLINHA-294",
        "geometry_source": "memorial_descritivo",
        "match_distance_m": 0.001,
        "perimeter_m": 61.0,
        "frontage_m": 10.5,
        "dimensions": [
          {
            "from": "307",
            "to": "310",
            "label": "Lote 12",
            "length_m": 10.5
          },
          {
            "from": "310",
            "to": "311",
            "label": "Lote 5",
            "length_m": 20.0
          },
          {
            "from": "311",
            "to": "308",
            "label": "Rua Projetada 9",
            "length_m": 10.5
          },
          {
            "from": "308",
            "to": "307",
            "label": "Lote 3",
            "length_m": 20.0
          }
        ],
        "access": {
          "longitude": -54.56074039,
          "latitude": -16.4678077,
          "label": "Rua Projetada 9",
          "frontage_m": 10.5,
          "confidence": "memorial"
        },
        "memorial_path": "memoriais/Q09/L04.pdf",
        "status_default": "nao_informado",
        "technical_review": []
      },
      "geometry": {
        "type": "Polygon",
        "coordinates": [
          [
            [
              -54.56056047598481,
              -16.46773903783833
            ],
            [
              -54.560548560037496,
              -16.46783318639725
            ],
            [
              -54.56073443341387,
              -16.467854764460615
            ],
            [
              -54.56074634916261,
              -16.467760624911204
            ],
            [
              -54.56056047598481,
              -16.46773903783833
            ]
          ]
        ]
      }
    },
    {
      "type": "Feature",
      "id": "Q09-L05",
      "properties": {
        "quadra": 9,
        "lote": 5,
        "area_m2": 210.0,
        "center": [
          -54.56063554,
          -16.46789105
        ],
        "source_polygon": "PLINHA-297",
        "geometry_source": "memorial_descritivo",
        "match_distance_m": 0.001,
        "perimeter_m": 61.0,
        "frontage_m": 10.5,
        "dimensions": [
          {
            "from": "310",
            "to": "313",
            "label": "Lote 13",
            "length_m": 10.5
          },
          {
            "from": "313",
            "to": "314",
            "label": "Lote 6",
            "length_m": 20.0
          },
          {
            "from": "314",
            "to": "311",
            "label": "Rua Projetada 9",
            "length_m": 10.5
          },
          {
            "from": "311",
            "to": "310",
            "label": "Lote 4",
            "length_m": 20.0
          }
        ],
        "access": {
          "longitude": -54.56072848,
          "latitude": -16.46790183,
          "label": "Rua Projetada 9",
          "frontage_m": 10.5,
          "confidence": "memorial"
        },
        "memorial_path": "memoriais/Q09/L05.pdf",
        "status_default": "nao_informado",
        "technical_review": []
      },
      "geometry": {
        "type": "Polygon",
        "coordinates": [
          [
            [
              -54.560548560037496,
              -16.46783318639725
            ],
            [
              -54.56053663482514,
              -16.467927325812326
            ],
            [
              -54.56072251764715,
              -16.46794890400705
            ],
            [
              -54.56073443341387,
              -16.467854764460615
            ],
            [
              -54.560548560037496,
              -16.46783318639725
            ]
          ]
        ]
      }
    },
    {
      "type": "Feature",
      "id": "Q09-L06",
      "properties": {
        "quadra": 9,
        "lote": 6,
        "area_m2": 210.0,
        "center": [
          -54.56062362,
          -16.46798519
        ],
        "source_polygon": "PLINHA-285",
        "geometry_source": "memorial_descritivo",
        "match_distance_m": 0.001,
        "perimeter_m": 61.0,
        "frontage_m": 10.5,
        "dimensions": [
          {
            "from": "313",
            "to": "316",
            "label": "Lote 14",
            "length_m": 10.5
          },
          {
            "from": "316",
            "to": "317",
            "label": "Lote 7",
            "length_m": 20.0
          },
          {
            "from": "317",
            "to": "314",
            "label": "Rua Projetada 9",
            "length_m": 10.5
          },
          {
            "from": "314",
            "to": "313",
            "label": "Lote 5",
            "length_m": 20.0
          }
        ],
        "access": {
          "longitude": -54.56071656,
          "latitude": -16.46799598,
          "label": "Rua Projetada 9",
          "frontage_m": 10.5,
          "confidence": "memorial"
        },
        "memorial_path": "memoriais/Q09/L06.pdf",
        "status_default": "nao_informado",
        "technical_review": []
      },
      "geometry": {
        "type": "Polygon",
        "coordinates": [
          [
            [
              -54.56053663482514,
              -16.467927325812326
            ],
            [
              -54.56052471895492,
              -16.468021465333482
            ],
            [
              -54.56071060174943,
              -16.468043052582267
            ],
            [
              -54.56072251764715,
              -16.46794890400705
            ],
            [
              -54.56053663482514,
              -16.467927325812326
            ]
          ]
        ]
      }
    },
    {
      "type": "Feature",
      "id": "Q09-L07",
      "properties": {
        "quadra": 9,
        "lote": 7,
        "area_m2": 210.0,
        "center": [
          -54.5606117,
          -16.46807933
        ],
        "source_polygon": "PLINHA-286",
        "geometry_source": "memorial_descritivo",
        "match_distance_m": 0.001,
        "perimeter_m": 61.0,
        "frontage_m": 10.5,
        "dimensions": [
          {
            "from": "316",
            "to": "319",
            "label": "Lote 15",
            "length_m": 10.5
          },
          {
            "from": "319",
            "to": "320",
            "label": "Lote 8",
            "length_m": 20.0
          },
          {
            "from": "320",
            "to": "317",
            "label": "Rua Projetada 9",
            "length_m": 10.5
          },
          {
            "from": "317",
            "to": "316",
            "label": "Lote 6",
            "length_m": 20.0
          }
        ],
        "access": {
          "longitude": -54.56070464,
          "latitude": -16.46809012,
          "label": "Rua Projetada 9",
          "frontage_m": 10.5,
          "confidence": "memorial"
        },
        "memorial_path": "memoriais/Q09/L07.pdf",
        "status_default": "nao_informado",
        "technical_review": []
      },
      "geometry": {
        "type": "Polygon",
        "coordinates": [
          [
            [
              -54.56052471895492,
              -16.468021465333482
            ],
            [
              -54.56051280306673,
              -16.468115604851658
            ],
            [
              -54.56069868594676,
              -16.46813719212271
            ],
            [
              -54.56071060174943,
              -16.468043052582267
            ],
            [
              -54.56052471895492,
              -16.468021465333482
            ]
          ]
        ]
      }
    },
    {
      "type": "Feature",
      "id": "Q09-L08",
      "properties": {
        "quadra": 9,
        "lote": 8,
        "area_m2": 226.58,
        "center": [
          -54.5605965,
          -16.46817619
        ],
        "source_polygon": "PLINHA-287",
        "geometry_source": "memorial_descritivo",
        "match_distance_m": 0.001,
        "perimeter_m": 61.29,
        "frontage_m": 30.0,
        "dimensions": [
          {
            "from": "319",
            "to": "323",
            "label": "Lote 16",
            "length_m": 11.5
          },
          {
            "from": "323",
            "to": "324",
            "label": "Rua Projetada 16",
            "length_m": 16.01
          },
          {
            "from": "324",
            "to": "325",
            "label": "Rua Projetada 16",
            "length_m": 5.65
          },
          {
            "from": "325",
            "to": "320",
            "label": "Rua Projetada 9",
            "length_m": 8.34
          },
          {
            "from": "320",
            "to": "319",
            "label": "Lote 7",
            "length_m": 20.0
          }
        ],
        "access": {
          "longitude": -54.56062551,
          "latitude": -16.4682103,
          "label": "Rua Projetada 16 / Rua Projetada 9",
          "frontage_m": 30.0,
          "confidence": "memorial"
        },
        "memorial_path": "memoriais/Q09/L08.pdf",
        "status_default": "nao_informado",
        "technical_review": []
      },
      "geometry": {
        "type": "Polygon",
        "coordinates": [
          [
            [
              -54.56051280306673,
              -16.468115604851658
            ],
            [
              -54.56049975454001,
              -16.468218710060764
            ],
            [
              -54.56064851696151,
              -16.468235989596124
            ],
            [
              -54.56069015781097,
              -16.468204497685228
            ],
            [
              -54.56069868594676,
              -16.46813719212271
            ],
            [
              -54.56051280306673,
              -16.468115604851658
            ]
          ]
        ]
      }
    },
    {
      "type": "Feature",
      "id": "Q09-L09",
      "properties": {
        "quadra": 9,
        "lote": 9,
        "area_m2": 209.96,
        "center": [
          -54.56049735,
          -16.4674929
        ],
        "source_polygon": "PLINHA-289",
        "geometry_source": "memorial_descritivo",
        "match_distance_m": 0.001,
        "perimeter_m": 60.99,
        "frontage_m": 30.5,
        "dimensions": [
          {
            "from": "297",
            "to": "300",
            "label": "Rua projetada 10",
            "length_m": 10.5
          },
          {
            "from": "300",
            "to": "301",
            "label": "Lote 10",
            "length_m": 20.0
          },
          {
            "from": "301",
            "to": "298",
            "label": "Lote 1",
            "length_m": 10.5
          },
          {
            "from": "298",
            "to": "297",
            "label": "Alameda Projetada 4",
            "length_m": 20.0
          }
        ],
        "access": {
          "longitude": -54.56046927,
          "latitude": -16.46745832,
          "label": "Rua projetada 10 / Alameda Projetada 4",
          "frontage_m": 30.5,
          "confidence": "memorial"
        },
        "memorial_path": "memoriais/Q09/L09.pdf",
        "status_default": "nao_informado",
        "technical_review": []
      },
      "geometry": {
        "type": "Polygon",
        "coordinates": [
          [
            [
              -54.560410387850474,
              -16.467435041541282
            ],
            [
              -54.560398462624526,
              -16.467529180946034
            ],
            [
              -54.56058430759942,
              -16.467550758775076
            ],
            [
              -54.560596223379775,
              -16.46745661923896
            ],
            [
              -54.560410387850474,
              -16.467435041541282
            ]
          ]
        ]
      }
    },
    {
      "type": "Feature",
      "id": "Q09-L10",
      "properties": {
        "quadra": 9,
        "lote": 10,
        "area_m2": 209.97,
        "center": [
          -54.56048543,
          -16.46758704
        ],
        "source_polygon": "PLINHA-290",
        "geometry_source": "memorial_descritivo",
        "match_distance_m": 0.0,
        "perimeter_m": 60.99,
        "frontage_m": 10.5,
        "dimensions": [
          {
            "from": "300",
            "to": "303",
            "label": "Rua Projetada 10",
            "length_m": 10.5
          },
          {
            "from": "303",
            "to": "304",
            "label": "Lote 11",
            "length_m": 20.0
          },
          {
            "from": "304",
            "to": "301",
            "label": "Lote 2",
            "length_m": 10.5
          },
          {
            "from": "301",
            "to": "300",
            "label": "Lote 9",
            "length_m": 20.0
          }
        ],
        "access": {
          "longitude": -54.5603925,
          "latitude": -16.46757625,
          "label": "Rua Projetada 10",
          "frontage_m": 10.5,
          "confidence": "memorial"
        },
        "memorial_path": "memoriais/Q09/L10.pdf",
        "status_default": "nao_informado",
        "technical_review": []
      },
      "geometry": {
        "type": "Polygon",
        "coordinates": [
          [
            [
              -54.560398462624526,
              -16.467529180946034
            ],
            [
              -54.560386546740695,
              -16.467623320456887
            ],
            [
              -54.5605723918011,
              -16.467644898308198
            ],
            [
              -54.56058430759942,
              -16.467550758775076
            ],
            [
              -54.560398462624526,
              -16.467529180946034
            ]
          ]
        ]
      }
    },
    {
      "type": "Feature",
      "id": "Q09-L11",
      "properties": {
        "quadra": 9,
        "lote": 11,
        "area_m2": 209.97,
        "center": [
          -54.56047351,
          -16.46768118
        ],
        "source_polygon": "PLINHA-293",
        "geometry_source": "memorial_descritivo",
        "match_distance_m": 0.001,
        "perimeter_m": 60.99,
        "frontage_m": 10.5,
        "dimensions": [
          {
            "from": "303",
            "to": "306",
            "label": "Rua Projetada 10",
            "length_m": 10.5
          },
          {
            "from": "306",
            "to": "307",
            "label": "Lote 12",
            "length_m": 20.0
          },
          {
            "from": "307",
            "to": "304",
            "label": "Lote 3",
            "length_m": 10.5
          },
          {
            "from": "304",
            "to": "303",
            "label": "Lote 10",
            "length_m": 20.0
          }
        ],
        "access": {
          "longitude": -54.56038058,
          "latitude": -16.46767039,
          "label": "Rua Projetada 10",
          "frontage_m": 10.5,
          "confidence": "memorial"
        },
        "memorial_path": "memoriais/Q09/L11.pdf",
        "status_default": "nao_informado",
        "technical_review": []
      },
      "geometry": {
        "type": "Polygon",
        "coordinates": [
          [
            [
              -54.560386546740695,
              -16.467623320456887
            ],
            [
              -54.560374621478786,
              -16.467717459855667
            ],
            [
              -54.56056047598481,
              -16.46773903783833
            ],
            [
              -54.5605723918011,
              -16.467644898308198
            ],
            [
              -54.560386546740695,
              -16.467623320456887
            ]
          ]
        ]
      }
    },
    {
      "type": "Feature",
      "id": "Q09-L12",
      "properties": {
        "quadra": 9,
        "lote": 12,
        "area_m2": 209.97,
        "center": [
          -54.56046159,
          -16.46777532
        ],
        "source_polygon": "PLINHA-295",
        "geometry_source": "memorial_descritivo",
        "match_distance_m": 0.001,
        "perimeter_m": 60.99,
        "frontage_m": 10.5,
        "dimensions": [
          {
            "from": "306",
            "to": "309",
            "label": "Rua Projetada 10",
            "length_m": 10.5
          },
          {
            "from": "309",
            "to": "310",
            "label": "Lote 13",
            "length_m": 20.0
          },
          {
            "from": "310",
            "to": "307",
            "label": "Lote 4",
            "length_m": 10.5
          },
          {
            "from": "307",
            "to": "306",
            "label": "Lote 11",
            "length_m": 20.0
          }
        ],
        "access": {
          "longitude": -54.56036866,
          "latitude": -16.46776453,
          "label": "Rua Projetada 10",
          "frontage_m": 10.5,
          "confidence": "memorial"
        },
        "memorial_path": "memoriais/Q09/L12.pdf",
        "status_default": "nao_informado",
        "technical_review": []
      },
      "geometry": {
        "type": "Polygon",
        "coordinates": [
          [
            [
              -54.560374621478786,
              -16.467717459855667
            ],
            [
              -54.560362705559,
              -16.46781159936053
            ],
            [
              -54.560548560037496,
              -16.46783318639725
            ],
            [
              -54.56056047598481,
              -16.46773903783833
            ],
            [
              -54.560374621478786,
              -16.467717459855667
            ]
          ]
        ]
      }
    },
    {
      "type": "Feature",
      "id": "Q09-L13",
      "properties": {
        "quadra": 9,
        "lote": 13,
        "area_m2": 209.98,
        "center": [
          -54.56044967,
          -16.46786946
        ],
        "source_polygon": "PLINHA-296",
        "geometry_source": "memorial_descritivo",
        "match_distance_m": 0.001,
        "perimeter_m": 61.0,
        "frontage_m": 10.5,
        "dimensions": [
          {
            "from": "309",
            "to": "312",
            "label": "Rua Projetada 10",
            "length_m": 10.5
          },
          {
            "from": "312",
            "to": "313",
            "label": "Lote 14",
            "length_m": 20.0
          },
          {
            "from": "313",
            "to": "310",
            "label": "Lote 5",
            "length_m": 10.5
          },
          {
            "from": "310",
            "to": "309",
            "label": "Lote 12",
            "length_m": 20.0
          }
        ],
        "access": {
          "longitude": -54.56035674,
          "latitude": -16.46785867,
          "label": "Rua Projetada 10",
          "frontage_m": 10.5,
          "confidence": "memorial"
        },
        "memorial_path": "memoriais/Q09/L13.pdf",
        "status_default": "nao_informado",
        "technical_review": []
      },
      "geometry": {
        "type": "Polygon",
        "coordinates": [
          [
            [
              -54.560362705559,
              -16.46781159936053
            ],
            [
              -54.56035078026113,
              -16.46790573875334
            ],
            [
              -54.56053663482514,
              -16.467927325812326
            ],
            [
              -54.560548560037496,
              -16.46783318639725
            ],
            [
              -54.560362705559,
              -16.46781159936053
            ]
          ]
        ]
      }
    },
    {
      "type": "Feature",
      "id": "Q09-L14",
      "properties": {
        "quadra": 9,
        "lote": 14,
        "area_m2": 209.98,
        "center": [
          -54.56043775,
          -16.4679636
        ],
        "source_polygon": "PLINHA-284",
        "geometry_source": "memorial_descritivo",
        "match_distance_m": 0.001,
        "perimeter_m": 61.0,
        "frontage_m": 10.5,
        "dimensions": [
          {
            "from": "312",
            "to": "315",
            "label": "Rua Projetada 10",
            "length_m": 10.5
          },
          {
            "from": "315",
            "to": "316",
            "label": "Lote 15",
            "length_m": 20.0
          },
          {
            "from": "316",
            "to": "313",
            "label": "Lote 6",
            "length_m": 10.5
          },
          {
            "from": "313",
            "to": "312",
            "label": "Lote 13",
            "length_m": 20.0
          }
        ],
        "access": {
          "longitude": -54.56034482,
          "latitude": -16.46795281,
          "label": "Rua Projetada 10",
          "frontage_m": 10.5,
          "confidence": "memorial"
        },
        "memorial_path": "memoriais/Q09/L14.pdf",
        "status_default": "nao_informado",
        "technical_review": []
      },
      "geometry": {
        "type": "Polygon",
        "coordinates": [
          [
            [
              -54.56035078026113,
              -16.46790573875334
            ],
            [
              -54.560338864305386,
              -16.467999878252222
            ],
            [
              -54.56052471895492,
              -16.468021465333482
            ],
            [
              -54.56053663482514,
              -16.467927325812326
            ],
            [
              -54.56035078026113,
              -16.46790573875334
            ]
          ]
        ]
      }
    },
    {
      "type": "Feature",
      "id": "Q09-L15",
      "properties": {
        "quadra": 9,
        "lote": 15,
        "area_m2": 209.99,
        "center": [
          -54.56042583,
          -16.46805774
        ],
        "source_polygon": "PLINHA-283",
        "geometry_source": "memorial_descritivo",
        "match_distance_m": 0.001,
        "perimeter_m": 61.0,
        "frontage_m": 10.5,
        "dimensions": [
          {
            "from": "315",
            "to": "318",
            "label": "Rua Projetada 10",
            "length_m": 10.5
          },
          {
            "from": "318",
            "to": "319",
            "label": "Lote 16",
            "length_m": 20.0
          },
          {
            "from": "319",
            "to": "316",
            "label": "Lote 7",
            "length_m": 10.5
          },
          {
            "from": "316",
            "to": "315",
            "label": "Lote 14",
            "length_m": 20.0
          }
        ],
        "access": {
          "longitude": -54.5603329,
          "latitude": -16.46804695,
          "label": "Rua Projetada 10",
          "frontage_m": 10.5,
          "confidence": "memorial"
        },
        "memorial_path": "memoriais/Q09/L15.pdf",
        "status_default": "nao_informado",
        "technical_review": []
      },
      "geometry": {
        "type": "Polygon",
        "coordinates": [
          [
            [
              -54.560338864305386,
              -16.467999878252222
            ],
            [
              -54.56032693885851,
              -16.468094026670805
            ],
            [
              -54.56051280306673,
              -16.468115604851658
            ],
            [
              -54.56052471895492,
              -16.468021465333482
            ],
            [
              -54.560338864305386,
              -16.467999878252222
            ]
          ]
        ]
      }
    },
    {
      "type": "Feature",
      "id": "Q09-L16",
      "properties": {
        "quadra": 9,
        "lote": 16,
        "area_m2": 226.52,
        "center": [
          -54.56041647,
          -16.46815526
        ],
        "source_polygon": "PLINHA-282",
        "geometry_source": "memorial_descritivo",
        "match_distance_m": 0.001,
        "perimeter_m": 61.27,
        "frontage_m": 30.91,
        "dimensions": [
          {
            "from": "318",
            "to": "321",
            "label": "Rua Projetada 10",
            "length_m": 7.46
          },
          {
            "from": "321",
            "to": "322",
            "label": "Rua Projetada 10",
            "length_m": 5.69
          },
          {
            "from": "322",
            "to": "323",
            "label": "Rua Projetada 16",
            "length_m": 17.76
          },
          {
            "from": "323",
            "to": "319",
            "label": "Lote 8",
            "length_m": 11.5
          },
          {
            "from": "319",
            "to": "318",
            "label": "Lote 15",
            "length_m": 20.0
          }
        ],
        "access": {
          "longitude": -54.56038399,
          "latitude": -16.46818482,
          "label": "Rua Projetada 10 / Rua Projetada 16",
          "frontage_m": 30.91,
          "confidence": "memorial"
        },
        "memorial_path": "memoriais/Q09/L16.pdf",
        "status_default": "nao_informado",
        "technical_review": []
      },
      "geometry": {
        "type": "Polygon",
        "coordinates": [
          [
            [
              -54.56032693885851,
              -16.468094026670805
            ],
            [
              -54.56031847230074,
              -16.468160890299085
            ],
            [
              -54.56035121646361,
              -16.46820146013649
            ],
            [
              -54.56049975454001,
              -16.468218710060764
            ],
            [
              -54.56051280306673,
              -16.468115604851658
            ],
            [
              -54.56032693885851,
              -16.468094026670805
            ]
          ]
        ]
      }
    },
    {
      "type": "Feature",
      "id": "Q10-L01",
      "properties": {
        "quadra": 10,
        "lote": 1,
        "area_m2": 279.38,
        "center": [
          -54.56028402,
          -16.46676138
        ],
        "source_polygon": "PLINHA-261",
        "geometry_source": "memorial_descritivo",
        "match_distance_m": 0.001,
        "perimeter_m": 66.33,
        "frontage_m": 38.0,
        "dimensions": [
          {
            "from": "326",
            "to": "327",
            "label": "Rua Projetada 4",
            "length_m": 18.63
          },
          {
            "from": "327",
            "to": "331",
            "label": "Lote 9",
            "length_m": 10.0
          },
          {
            "from": "331",
            "to": "332",
            "label": "Lote 2",
            "length_m": 20.0
          },
          {
            "from": "332",
            "to": "333",
            "label": "Rua Planejada 10",
            "length_m": 12.67
          },
          {
            "from": "333",
            "to": "326",
            "label": "Rua Planejada 10",
            "length_m": 6.7
          }
        ],
        "access": {
          "longitude": -54.56031355,
          "latitude": -16.46672628,
          "label": "Rua Projetada 4 / Rua Planejada 10",
          "frontage_m": 38.0,
          "confidence": "memorial"
        },
        "memorial_path": "memoriais/Q10/L01.pdf",
        "status_default": "nao_informado",
        "technical_review": []
      },
      "geometry": {
        "type": "Polygon",
        "coordinates": [
          [
            [
              -54.56033025711006,
              -16.466680865303164
            ],
            [
              -54.560189369648384,
              -16.46672185960374
            ],
            [
              -54.560178034119666,
              -16.466811516419774
            ],
            [
              -54.5603638645997,
              -16.466833446481147
            ],
            [
              -54.56037823341716,
              -16.46671983310041
            ],
            [
              -54.56033025711006,
              -16.466680865303164
            ]
          ]
        ]
      }
    },
    {
      "type": "Feature",
      "id": "Q10-L02",
      "properties": {
        "quadra": 10,
        "lote": 2,
        "area_m2": 200.0,
        "center": [
          -54.56026528,
          -16.46686731
        ],
        "source_polygon": "PLINHA-260",
        "geometry_source": "memorial_descritivo",
        "match_distance_m": 0.001,
        "perimeter_m": 60.0,
        "frontage_m": 10.0,
        "dimensions": [
          {
            "from": "331",
            "to": "335",
            "label": "Lote 9",
            "length_m": 10.0
          },
          {
            "from": "335",
            "to": "336",
            "label": "Lote 3",
            "length_m": 20.0
          },
          {
            "from": "336",
            "to": "332",
            "label": "Rua Projetada 10",
            "length_m": 10.0
          },
          {
            "from": "332",
            "to": "331",
            "label": "Lote 1",
            "length_m": 20.0
          }
        ],
        "access": {
          "longitude": -54.56035819,
          "latitude": -16.46687828,
          "label": "Rua Projetada 10",
          "frontage_m": 10.0,
          "confidence": "memorial"
        },
        "memorial_path": "memoriais/Q10/L02.pdf",
        "status_default": "nao_informado",
        "technical_review": []
      },
      "geometry": {
        "type": "Polygon",
        "coordinates": [
          [
            [
              -54.560178034119666,
              -16.466811516419774
            ],
            [
              -54.56016668921461,
              -16.46690117312402
            ],
            [
              -54.560352519662985,
              -16.466923112238366
            ],
            [
              -54.5603638645997,
              -16.466833446481147
            ],
            [
              -54.560178034119666,
              -16.466811516419774
            ]
          ]
        ]
      }
    },
    {
      "type": "Feature",
      "id": "Q10-L03",
      "properties": {
        "quadra": 10,
        "lote": 3,
        "area_m2": 209.4,
        "center": [
          -54.56025367,
          -16.46695908
        ],
        "source_polygon": "PLINHA-258",
        "geometry_source": "memorial_descritivo",
        "match_distance_m": 0.0,
        "perimeter_m": 60.94,
        "frontage_m": 10.47,
        "dimensions": [
          {
            "from": "335",
            "to": "338",
            "label": "Lote 10",
            "length_m": 10.47
          },
          {
            "from": "338",
            "to": "339",
            "label": "Lote 4",
            "length_m": 20.0
          },
          {
            "from": "339",
            "to": "336",
            "label": "Rua Projetada 10",
            "length_m": 10.47
          },
          {
            "from": "336",
            "to": "335",
            "label": "Lote 3",
            "length_m": 20.0
          }
        ],
        "access": {
          "longitude": -54.56034658,
          "latitude": -16.46697005,
          "label": "Rua Projetada 10",
          "frontage_m": 10.47,
          "confidence": "memorial"
        },
        "memorial_path": "memoriais/Q10/L03.pdf",
        "status_default": "nao_informado",
        "technical_review": []
      },
      "geometry": {
        "type": "Polygon",
        "coordinates": [
          [
            [
              -54.56016668921461,
              -16.46690117312402
            ],
            [
              -54.5601548140215,
              -16.466995051131857
            ],
            [
              -54.560340644668145,
              -16.46701698123663
            ],
            [
              -54.560352519662985,
              -16.466923112238366
            ],
            [
              -54.56016668921461,
              -16.46690117312402
            ]
          ]
        ]
      }
    },
    {
      "type": "Feature",
      "id": "Q10-L04",
      "properties": {
        "quadra": 10,
        "lote": 4,
        "area_m2": 210.0,
        "center": [
          -54.56024178,
          -16.46705309
        ],
        "source_polygon": "PLINHA-257",
        "geometry_source": "memorial_descritivo",
        "match_distance_m": 0.0,
        "perimeter_m": 61.0,
        "frontage_m": 10.5,
        "dimensions": [
          {
            "from": "338",
            "to": "341",
            "label": "Lote 11",
            "length_m": 10.5
          },
          {
            "from": "341",
            "to": "342",
            "label": "Lote 5",
            "length_m": 20.0
          },
          {
            "from": "342",
            "to": "339",
            "label": "Rua Projetada 10",
            "length_m": 10.5
          },
          {
            "from": "339",
            "to": "338",
            "label": "Lote 3",
            "length_m": 20.0
          }
        ],
        "access": {
          "longitude": -54.56033469,
          "latitude": -16.46706405,
          "label": "Rua Projetada 10",
          "frontage_m": 10.5,
          "confidence": "memorial"
        },
        "memorial_path": "memoriais/Q10/L04.pdf",
        "status_default": "nao_informado",
        "technical_review": []
      },
      "geometry": {
        "type": "Polygon",
        "coordinates": [
          [
            [
              -54.5601548140215,
              -16.466995051131857
            ],
            [
              -54.56014290745177,
              -16.467089190730857
            ],
            [
              -54.56032873818387,
              -16.467111120857894
            ],
            [
              -54.560340644668145,
              -16.46701698123663
            ],
            [
              -54.5601548140215,
              -16.466995051131857
            ]
          ]
        ]
      }
    },
    {
      "type": "Feature",
      "id": "Q10-L05",
      "properties": {
        "quadra": 10,
        "lote": 5,
        "area_m2": 210.0,
        "center": [
          -54.56022987,
          -16.46714723
        ],
        "source_polygon": "PLINHA-255",
        "geometry_source": "memorial_descritivo",
        "match_distance_m": 0.0,
        "perimeter_m": 61.0,
        "frontage_m": 10.5,
        "dimensions": [
          {
            "from": "341",
            "to": "344",
            "label": "Lote 12",
            "length_m": 10.5
          },
          {
            "from": "344",
            "to": "345",
            "label": "Lote 6",
            "length_m": 20.0
          },
          {
            "from": "345",
            "to": "342",
            "label": "Rua Projetada 10",
            "length_m": 10.5
          },
          {
            "from": "342",
            "to": "341",
            "label": "Lote 4",
            "length_m": 20.0
          }
        ],
        "access": {
          "longitude": -54.56032279,
          "latitude": -16.4671582,
          "label": "Rua Projetada 10",
          "frontage_m": 10.5,
          "confidence": "memorial"
        },
        "memorial_path": "memoriais/Q10/L05.pdf",
        "status_default": "nao_informado",
        "technical_review": []
      },
      "geometry": {
        "type": "Polygon",
        "coordinates": [
          [
            [
              -54.56014290745177,
              -16.467089190730857
            ],
            [
              -54.560131000864075,
              -16.467183330326883
            ],
            [
              -54.560316831568585,
              -16.467205269507946
            ],
            [
              -54.56032873818387,
              -16.467111120857894
            ],
            [
              -54.56014290745177,
              -16.467089190730857
            ]
          ]
        ]
      }
    },
    {
      "type": "Feature",
      "id": "Q10-L06",
      "properties": {
        "quadra": 10,
        "lote": 6,
        "area_m2": 210.0,
        "center": [
          -54.56021796,
          -16.46724137
        ],
        "source_polygon": "PLINHA-266",
        "geometry_source": "memorial_descritivo",
        "match_distance_m": 0.001,
        "perimeter_m": 61.0,
        "frontage_m": 10.5,
        "dimensions": [
          {
            "from": "344",
            "to": "347",
            "label": "Lote 13",
            "length_m": 10.5
          },
          {
            "from": "347",
            "to": "348",
            "label": "Lote 7",
            "length_m": 20.0
          },
          {
            "from": "348",
            "to": "345",
            "label": "Rua Projetada 10",
            "length_m": 10.5
          },
          {
            "from": "345",
            "to": "344",
            "label": "Lote 5",
            "length_m": 20.0
          }
        ],
        "access": {
          "longitude": -54.56031088,
          "latitude": -16.46725234,
          "label": "Rua Projetada 10",
          "frontage_m": 10.5,
          "confidence": "memorial"
        },
        "memorial_path": "memoriais/Q10/L06.pdf",
        "status_default": "nao_informado",
        "technical_review": []
      },
      "geometry": {
        "type": "Polygon",
        "coordinates": [
          [
            [
              -54.560131000864075,
              -16.467183330326883
            ],
            [
              -54.56011909414535,
              -16.467277478951686
            ],
            [
              -54.56030492504838,
              -16.467299409123243
            ],
            [
              -54.560316831568585,
              -16.467205269507946
            ],
            [
              -54.560131000864075,
              -16.467183330326883
            ]
          ]
        ]
      }
    },
    {
      "type": "Feature",
      "id": "Q10-L07",
      "properties": {
        "quadra": 10,
        "lote": 7,
        "area_m2": 210.0,
        "center": [
          -54.56020605,
          -16.46733551
        ],
        "source_polygon": "PLINHA-265",
        "geometry_source": "memorial_descritivo",
        "match_distance_m": 0.001,
        "perimeter_m": 61.0,
        "frontage_m": 10.5,
        "dimensions": [
          {
            "from": "347",
            "to": "350",
            "label": "Lote 14",
            "length_m": 10.5
          },
          {
            "from": "350",
            "to": "351",
            "label": "Lote 8",
            "length_m": 20.0
          },
          {
            "from": "351",
            "to": "348",
            "label": "Rua Projetada 10",
            "length_m": 10.5
          },
          {
            "from": "348",
            "to": "347",
            "label": "Lote 6",
            "length_m": 20.0
          }
        ],
        "access": {
          "longitude": -54.56029897,
          "latitude": -16.46734648,
          "label": "Rua Projetada 10",
          "frontage_m": 10.5,
          "confidence": "memorial"
        },
        "memorial_path": "memoriais/Q10/L07.pdf",
        "status_default": "nao_informado",
        "technical_review": []
      },
      "geometry": {
        "type": "Polygon",
        "coordinates": [
          [
            [
              -54.56011909414535,
              -16.467277478951686
            ],
            [
              -54.56010717816164,
              -16.46737161843264
            ],
            [
              -54.56029300915013,
              -16.46739354862646
            ],
            [
              -54.56030492504838,
              -16.467299409123243
            ],
            [
              -54.56011909414535,
              -16.467277478951686
            ]
          ]
        ]
      }
    },
    {
      "type": "Feature",
      "id": "Q10-L08",
      "properties": {
        "quadra": 10,
        "lote": 8,
        "area_m2": 210.0,
        "center": [
          -54.56019414,
          -16.46742965
        ],
        "source_polygon": "PLINHA-262",
        "geometry_source": "memorial_descritivo",
        "match_distance_m": 0.0,
        "perimeter_m": 61.0,
        "frontage_m": 30.5,
        "dimensions": [
          {
            "from": "350",
            "to": "353",
            "label": "Lote 15",
            "length_m": 10.5
          },
          {
            "from": "353",
            "to": "354",
            "label": "Alameda Projetada 5",
            "length_m": 20.0
          },
          {
            "from": "354",
            "to": "351",
            "label": "Rua Projetada 10",
            "length_m": 10.5
          },
          {
            "from": "351",
            "to": "350",
            "label": "Lote 7",
            "length_m": 20.0
          }
        ],
        "access": {
          "longitude": -54.56022222,
          "latitude": -16.46746429,
          "label": "Alameda Projetada 5 / Rua Projetada 10",
          "frontage_m": 30.5,
          "confidence": "memorial"
        },
        "memorial_path": "memoriais/Q10/L08.pdf",
        "status_default": "nao_informado",
        "technical_review": []
      },
      "geometry": {
        "type": "Polygon",
        "coordinates": [
          [
            [
              -54.56010717816164,
              -16.46737161843264
            ],
            [
              -54.56009527152004,
              -16.467465758019692
            ],
            [
              -54.56028110259399,
              -16.46748768823577
            ],
            [
              -54.56029300915013,
              -16.46739354862646
            ],
            [
              -54.56010717816164,
              -16.46737161843264
            ]
          ]
        ]
      }
    },
    {
      "type": "Feature",
      "id": "Q10-L09",
      "properties": {
        "quadra": 10,
        "lote": 9,
        "area_m2": 311.0,
        "center": [
          -54.56009248,
          -16.46681977
        ],
        "source_polygon": "PLINHA-56",
        "geometry_source": "memorial_descritivo",
        "match_distance_m": 0.0,
        "perimeter_m": 72.47,
        "frontage_m": 32.48,
        "dimensions": [
          {
            "from": "327",
            "to": "328",
            "label": "Rua Projetada 4",
            "length_m": 19.3
          },
          {
            "from": "328",
            "to": "329A",
            "label": "Rua Projetada 4",
            "length_m": 4.59
          },
          {
            "from": "329A",
            "to": "334",
            "label": "Rua Projetada 11",
            "length_m": 8.59
          },
          {
            "from": "334",
            "to": "335",
            "label": "Lote 10",
            "length_m": 20.0
          },
          {
            "from": "335",
            "to": "331",
            "label": "Lote 2",
            "length_m": 10.0
          },
          {
            "from": "331",
            "to": "327",
            "label": "Lote 1",
            "length_m": 10.0
          }
        ],
        "access": {
          "longitude": -54.56005785,
          "latitude": -16.46677746,
          "label": "Rua Projetada 4 / Rua Projetada 11",
          "frontage_m": 32.48,
          "confidence": "memorial"
        },
        "memorial_path": "memoriais/Q10/L09.pdf",
        "status_default": "nao_informado",
        "technical_review": [
          "área memorial 311.00, KML [310.83]"
        ]
      },
      "geometry": {
        "type": "Polygon",
        "coordinates": [
          [
            [
              -54.560189369648384,
              -16.46672185960374
            ],
            [
              -54.56001639728584,
              -16.466772091058665
            ],
            [
              -54.55999055649623,
              -16.46680226752449
            ],
            [
              -54.55998088679862,
              -16.466879243209156
            ],
            [
              -54.56016668921461,
              -16.46690117312402
            ],
            [
              -54.560178034119666,
              -16.466811516419774
            ],
            [
              -54.560189369648384,
              -16.46672185960374
            ]
          ]
        ]
      }
    },
    {
      "type": "Feature",
      "id": "Q10-L10",
      "properties": {
        "quadra": 10,
        "lote": 10,
        "area_m2": 209.38,
        "center": [
          -54.56006785,
          -16.46693715
        ],
        "source_polygon": "PLINHA-259",
        "geometry_source": "memorial_descritivo",
        "match_distance_m": 0.001,
        "perimeter_m": 60.93,
        "frontage_m": 10.47,
        "dimensions": [
          {
            "from": "334",
            "to": "337",
            "label": "Rua Projetada 11",
            "length_m": 10.47
          },
          {
            "from": "337",
            "to": "338",
            "label": "Lote 11",
            "length_m": 20.0
          },
          {
            "from": "338",
            "to": "335",
            "label": "Lote 3",
            "length_m": 10.47
          },
          {
            "from": "335",
            "to": "334",
            "label": "Lote 9",
            "length_m": 20.0
          }
        ],
        "access": {
          "longitude": -54.55997494,
          "latitude": -16.46692618,
          "label": "Rua Projetada 11",
          "frontage_m": 10.47,
          "confidence": "memorial"
        },
        "memorial_path": "memoriais/Q10/L10.pdf",
        "status_default": "nao_informado",
        "technical_review": []
      },
      "geometry": {
        "type": "Polygon",
        "coordinates": [
          [
            [
              -54.55998088679862,
              -16.466879243209156
            ],
            [
              -54.559969002160244,
              -16.466973121085704
            ],
            [
              -54.5601548140215,
              -16.466995051131857
            ],
            [
              -54.56016668921461,
              -16.46690117312402
            ],
            [
              -54.55998088679862,
              -16.466879243209156
            ]
          ]
        ]
      }
    },
    {
      "type": "Feature",
      "id": "Q10-L11",
      "properties": {
        "quadra": 10,
        "lote": 11,
        "area_m2": 209.98,
        "center": [
          -54.56005595,
          -16.46703116
        ],
        "source_polygon": "PLINHA-256",
        "geometry_source": "memorial_descritivo",
        "match_distance_m": 0.001,
        "perimeter_m": 61.0,
        "frontage_m": 10.5,
        "dimensions": [
          {
            "from": "337",
            "to": "340",
            "label": "Rua Projetada 11",
            "length_m": 10.5
          },
          {
            "from": "340",
            "to": "341",
            "label": "Lote 12",
            "length_m": 20.0
          },
          {
            "from": "341",
            "to": "338",
            "label": "Lote 4",
            "length_m": 10.5
          },
          {
            "from": "338",
            "to": "337",
            "label": "Lote 10",
            "length_m": 20.0
          }
        ],
        "access": {
          "longitude": -54.55996305,
          "latitude": -16.46702019,
          "label": "Rua Projetada 11",
          "frontage_m": 10.5,
          "confidence": "memorial"
        },
        "memorial_path": "memoriais/Q10/L11.pdf",
        "status_default": "nao_informado",
        "technical_review": []
      },
      "geometry": {
        "type": "Polygon",
        "coordinates": [
          [
            [
              -54.559969002160244,
              -16.466973121085704
            ],
            [
              -54.559957095505055,
              -16.467067260662454
            ],
            [
              -54.56014290745177,
              -16.467089190730857
            ],
            [
              -54.5601548140215,
              -16.466995051131857
            ],
            [
              -54.559969002160244,
              -16.466973121085704
            ]
          ]
        ]
      }
    },
    {
      "type": "Feature",
      "id": "Q10-L12",
      "properties": {
        "quadra": 10,
        "lote": 12,
        "area_m2": 209.98,
        "center": [
          -54.56004405,
          -16.4671253
        ],
        "source_polygon": "PLINHA-254",
        "geometry_source": "memorial_descritivo",
        "match_distance_m": 0.0,
        "perimeter_m": 61.0,
        "frontage_m": 10.5,
        "dimensions": [
          {
            "from": "340",
            "to": "343",
            "label": "Rua Projetada 11",
            "length_m": 10.5
          },
          {
            "from": "343",
            "to": "344",
            "label": "Lote 13",
            "length_m": 20.0
          },
          {
            "from": "344",
            "to": "341",
            "label": "Lote 5",
            "length_m": 10.5
          },
          {
            "from": "341",
            "to": "340",
            "label": "Lote 11",
            "length_m": 20.0
          }
        ],
        "access": {
          "longitude": -54.55995114,
          "latitude": -16.46711433,
          "label": "Rua Projetada 11",
          "frontage_m": 10.5,
          "confidence": "memorial"
        },
        "memorial_path": "memoriais/Q10/L12.pdf",
        "status_default": "nao_informado",
        "technical_review": []
      },
      "geometry": {
        "type": "Polygon",
        "coordinates": [
          [
            [
              -54.559957095505055,
              -16.467067260662454
            ],
            [
              -54.559945179471846,
              -16.467161400127114
            ],
            [
              -54.560131000864075,
              -16.467183330326883
            ],
            [
              -54.56014290745177,
              -16.467089190730857
            ],
            [
              -54.559957095505055,
              -16.467067260662454
            ]
          ]
        ]
      }
    },
    {
      "type": "Feature",
      "id": "Q10-L13",
      "properties": {
        "quadra": 10,
        "lote": 13,
        "area_m2": 209.99,
        "center": [
          -54.56003214,
          -16.46721944
        ],
        "source_polygon": "PLINHA-267",
        "geometry_source": "memorial_descritivo",
        "match_distance_m": 0.001,
        "perimeter_m": 60.99,
        "frontage_m": 10.5,
        "dimensions": [
          {
            "from": "343",
            "to": "346",
            "label": "Rua Projetada 11",
            "length_m": 10.5
          },
          {
            "from": "346",
            "to": "347",
            "label": "Lote 14",
            "length_m": 20.0
          },
          {
            "from": "347",
            "to": "344",
            "label": "Lote 6",
            "length_m": 10.5
          },
          {
            "from": "344",
            "to": "343",
            "label": "Lote 12",
            "length_m": 20.0
          }
        ],
        "access": {
          "longitude": -54.55993922,
          "latitude": -16.46720847,
          "label": "Rua Projetada 11",
          "frontage_m": 10.5,
          "confidence": "memorial"
        },
        "memorial_path": "memoriais/Q10/L13.pdf",
        "status_default": "nao_informado",
        "technical_review": []
      },
      "geometry": {
        "type": "Polygon",
        "coordinates": [
          [
            [
              -54.559945179471846,
              -16.467161400127114
            ],
            [
              -54.55993326342065,
              -16.46725553958879
            ],
            [
              -54.56011909414535,
              -16.467277478951686
            ],
            [
              -54.560131000864075,
              -16.467183330326883
            ],
            [
              -54.559945179471846,
              -16.467161400127114
            ]
          ]
        ]
      }
    },
    {
      "type": "Feature",
      "id": "Q10-L14",
      "properties": {
        "quadra": 10,
        "lote": 14,
        "area_m2": 209.99,
        "center": [
          -54.56002022,
          -16.46731358
        ],
        "source_polygon": "PLINHA-264",
        "geometry_source": "memorial_descritivo",
        "match_distance_m": 0.001,
        "perimeter_m": 60.99,
        "frontage_m": 10.5,
        "dimensions": [
          {
            "from": "346",
            "to": "349",
            "label": "Rua Projetada 11",
            "length_m": 10.5
          },
          {
            "from": "349",
            "to": "350",
            "label": "Lote 15",
            "length_m": 20.0
          },
          {
            "from": "350",
            "to": "347",
            "label": "Lote 7",
            "length_m": 10.5
          },
          {
            "from": "347",
            "to": "346",
            "label": "13",
            "length_m": 20.0
          }
        ],
        "access": {
          "longitude": -54.55992731,
          "latitude": -16.46730261,
          "label": "Rua Projetada 11",
          "frontage_m": 10.5,
          "confidence": "memorial"
        },
        "memorial_path": "memoriais/Q10/L14.pdf",
        "status_default": "nao_informado",
        "technical_review": []
      },
      "geometry": {
        "type": "Polygon",
        "coordinates": [
          [
            [
              -54.55993326342065,
              -16.46725553958879
            ],
            [
              -54.55992135671156,
              -16.467349679156573
            ],
            [
              -54.56010717816164,
              -16.46737161843264
            ],
            [
              -54.56011909414535,
              -16.467277478951686
            ],
            [
              -54.55993326342065,
              -16.46725553958879
            ]
          ]
        ]
      }
    },
    {
      "type": "Feature",
      "id": "Q10-L15",
      "properties": {
        "quadra": 10,
        "lote": 15,
        "area_m2": 210.0,
        "center": [
          -54.56000831,
          -16.46740772
        ],
        "source_polygon": "PLINHA-263",
        "geometry_source": "memorial_descritivo",
        "match_distance_m": 0.0,
        "perimeter_m": 61.0,
        "frontage_m": 30.5,
        "dimensions": [
          {
            "from": "349",
            "to": "352",
            "label": "Rua Projetada 11",
            "length_m": 10.5
          },
          {
            "from": "352",
            "to": "353",
            "label": "Alameda Projetada 5",
            "length_m": 20.0
          },
          {
            "from": "353",
            "to": "350",
            "label": "Lote 8",
            "length_m": 10.5
          },
          {
            "from": "350",
            "to": "349",
            "label": "Lote 14",
            "length_m": 20.0
          }
        ],
        "access": {
          "longitude": -54.55997242,
          "latitude": -16.46743481,
          "label": "Rua Projetada 11 / Alameda Projetada 5",
          "frontage_m": 30.5,
          "confidence": "memorial"
        },
        "memorial_path": "memoriais/Q10/L15.pdf",
        "status_default": "nao_informado",
        "technical_review": []
      },
      "geometry": {
        "type": "Polygon",
        "coordinates": [
          [
            [
              -54.55992135671156,
              -16.467349679156573
            ],
            [
              -54.55990944051136,
              -16.46744382764404
            ],
            [
              -54.56009527152004,
              -16.467465758019692
            ],
            [
              -54.56010717816164,
              -16.46737161843264
            ],
            [
              -54.55992135671156,
              -16.467349679156573
            ]
          ]
        ]
      }
    },
    {
      "type": "Feature",
      "id": "Q11-L01",
      "properties": {
        "quadra": 11,
        "lote": 1,
        "area_m2": 210.0,
        "center": [
          -54.56017883,
          -16.46755069
        ],
        "source_polygon": "PLINHA-272",
        "geometry_source": "memorial_descritivo",
        "match_distance_m": 0.001,
        "perimeter_m": 61.0,
        "frontage_m": 30.5,
        "dimensions": [
          {
            "from": "356",
            "to": "359",
            "label": "Lote 8",
            "length_m": 10.5
          },
          {
            "from": "359",
            "to": "360",
            "label": "Lote 2",
            "length_m": 20.0
          },
          {
            "from": "360",
            "to": "357",
            "label": "Rua Projetada 10",
            "length_m": 10.5
          },
          {
            "from": "357",
            "to": "356",
            "label": "Alameda Projetada 5",
            "length_m": 20.0
          }
        ],
        "access": {
          "longitude": -54.56021473,
          "latitude": -16.4675236,
          "label": "Rua Projetada 10 / Alameda Projetada 5",
          "frontage_m": 30.5,
          "confidence": "memorial"
        },
        "memorial_path": "memoriais/Q11/L01.pdf",
        "status_default": "nao_informado",
        "technical_review": []
      },
      "geometry": {
        "type": "Polygon",
        "coordinates": [
          [
            [
              -54.560091873630604,
              -16.46749265509077
            ],
            [
              -54.560079957605815,
              -16.467586794564887
            ],
            [
              -54.560265788676595,
              -16.467608733841363
            ],
            [
              -54.560277704728975,
              -16.467514585313204
            ],
            [
              -54.560091873630604,
              -16.46749265509077
            ]
          ]
        ]
      }
    },
    {
      "type": "Feature",
      "id": "Q11-L02",
      "properties": {
        "quadra": 11,
        "lote": 2,
        "area_m2": 210.0,
        "center": [
          -54.56016692,
          -16.46764484
        ],
        "source_polygon": "PLINHA-271",
        "geometry_source": "memorial_descritivo",
        "match_distance_m": 0.001,
        "perimeter_m": 61.0,
        "frontage_m": 10.5,
        "dimensions": [
          {
            "from": "359",
            "to": "362",
            "label": "Lote 9",
            "length_m": 10.5
          },
          {
            "from": "362",
            "to": "363",
            "label": "Lote 3",
            "length_m": 20.0
          },
          {
            "from": "363",
            "to": "360",
            "label": "Rua Projetada 10",
            "length_m": 10.5
          },
          {
            "from": "360",
            "to": "359",
            "label": "Lote 1",
            "length_m": 20.0
          }
        ],
        "access": {
          "longitude": -54.56025984,
          "latitude": -16.4676558,
          "label": "Rua Projetada 10",
          "frontage_m": 10.5,
          "confidence": "memorial"
        },
        "memorial_path": "memoriais/Q11/L02.pdf",
        "status_default": "nao_informado",
        "technical_review": []
      },
      "geometry": {
        "type": "Polygon",
        "coordinates": [
          [
            [
              -54.560079957605815,
              -16.467586794564887
            ],
            [
              -54.56006805081009,
              -16.467680943176887
            ],
            [
              -54.56025388207939,
              -16.467702873443848
            ],
            [
              -54.560265788676595,
              -16.467608733841363
            ],
            [
              -54.560079957605815,
              -16.467586794564887
            ]
          ]
        ]
      }
    },
    {
      "type": "Feature",
      "id": "Q11-L03",
      "properties": {
        "quadra": 11,
        "lote": 3,
        "area_m2": 210.0,
        "center": [
          -54.56015501,
          -16.46773898
        ],
        "source_polygon": "PLINHA-270",
        "geometry_source": "memorial_descritivo",
        "match_distance_m": 0.001,
        "perimeter_m": 61.0,
        "frontage_m": 10.5,
        "dimensions": [
          {
            "from": "362",
            "to": "365",
            "label": "Lote 10",
            "length_m": 10.5
          },
          {
            "from": "365",
            "to": "366",
            "label": "Lote 4",
            "length_m": 20.0
          },
          {
            "from": "366",
            "to": "363",
            "label": "Rua Projetada 10",
            "length_m": 10.5
          },
          {
            "from": "363",
            "to": "362",
            "label": "Lote 2",
            "length_m": 20.0
          }
        ],
        "access": {
          "longitude": -54.56024793,
          "latitude": -16.46774994,
          "label": "Rua Projetada 10",
          "frontage_m": 10.5,
          "confidence": "memorial"
        },
        "memorial_path": "memoriais/Q11/L03.pdf",
        "status_default": "nao_informado",
        "technical_review": []
      },
      "geometry": {
        "type": "Polygon",
        "coordinates": [
          [
            [
              -54.56006805081009,
              -16.467680943176887
            ],
            [
              -54.56005614410945,
              -16.46777508275412
            ],
            [
              -54.560241975464216,
              -16.46779701304335
            ],
            [
              -54.56025388207939,
              -16.467702873443848
            ],
            [
              -54.56006805081009,
              -16.467680943176887
            ]
          ]
        ]
      }
    },
    {
      "type": "Feature",
      "id": "Q11-L04",
      "properties": {
        "quadra": 11,
        "lote": 4,
        "area_m2": 210.0,
        "center": [
          -54.56014311,
          -16.46783312
        ],
        "source_polygon": "PLINHA-280",
        "geometry_source": "memorial_descritivo",
        "match_distance_m": 0.001,
        "perimeter_m": 61.0,
        "frontage_m": 10.5,
        "dimensions": [
          {
            "from": "365",
            "to": "368",
            "label": "Lote 11",
            "length_m": 10.5
          },
          {
            "from": "368",
            "to": "369",
            "label": "Lote 5",
            "length_m": 20.0
          },
          {
            "from": "369",
            "to": "366",
            "label": "Rua Projetada 10",
            "length_m": 10.5
          },
          {
            "from": "366",
            "to": "365",
            "label": "Lote 3",
            "length_m": 20.0
          }
        ],
        "access": {
          "longitude": -54.56023602,
          "latitude": -16.46784408,
          "label": "Rua Projetada 10",
          "frontage_m": 10.5,
          "confidence": "memorial"
        },
        "memorial_path": "memoriais/Q11/L04.pdf",
        "status_default": "nao_informado",
        "technical_review": []
      },
      "geometry": {
        "type": "Polygon",
        "coordinates": [
          [
            [
              -54.56005614410945,
              -16.46777508275412
            ],
            [
              -54.56004423739085,
              -16.46786922232837
            ],
            [
              -54.560230068831075,
              -16.46789115263985
            ],
            [
              -54.560241975464216,
              -16.46779701304335
            ],
            [
              -54.56005614410945,
              -16.46777508275412
            ]
          ]
        ]
      }
    },
    {
      "type": "Feature",
      "id": "Q11-L05",
      "properties": {
        "quadra": 11,
        "lote": 5,
        "area_m2": 210.0,
        "center": [
          -54.5601312,
          -16.46792726
        ],
        "source_polygon": "PLINHA-279",
        "geometry_source": "memorial_descritivo",
        "match_distance_m": 0.001,
        "perimeter_m": 61.0,
        "frontage_m": 10.5,
        "dimensions": [
          {
            "from": "368",
            "to": "371",
            "label": "Lote 12",
            "length_m": 10.5
          },
          {
            "from": "371",
            "to": "372",
            "label": "Lote 6",
            "length_m": 20.0
          },
          {
            "from": "372",
            "to": "369",
            "label": "Rua Projetada 10",
            "length_m": 10.5
          },
          {
            "from": "369",
            "to": "368",
            "label": "Lote 4",
            "length_m": 20.0
          }
        ],
        "access": {
          "longitude": -54.56022412,
          "latitude": -16.46793823,
          "label": "Rua Projetada 10",
          "frontage_m": 10.5,
          "confidence": "memorial"
        },
        "memorial_path": "memoriais/Q11/L05.pdf",
        "status_default": "nao_informado",
        "technical_review": []
      },
      "geometry": {
        "type": "Polygon",
        "coordinates": [
          [
            [
              -54.56004423739085,
              -16.46786922232837
            ],
            [
              -54.56003233065428,
              -16.46796336189964
            ],
            [
              -54.56021816206691,
              -16.467985301265145
            ],
            [
              -54.560230068831075,
              -16.46789115263985
            ],
            [
              -54.56004423739085,
              -16.46786922232837
            ]
          ]
        ]
      }
    },
    {
      "type": "Feature",
      "id": "Q11-L06",
      "properties": {
        "quadra": 11,
        "lote": 6,
        "area_m2": 210.0,
        "center": [
          -54.56011929,
          -16.4680214
        ],
        "source_polygon": "PLINHA-276",
        "geometry_source": "memorial_descritivo",
        "match_distance_m": 0.001,
        "perimeter_m": 61.0,
        "frontage_m": 10.5,
        "dimensions": [
          {
            "from": "371",
            "to": "374",
            "label": "Lote 13",
            "length_m": 10.5
          },
          {
            "from": "374",
            "to": "375",
            "label": "Lote 7",
            "length_m": 20.0
          },
          {
            "from": "375",
            "to": "372",
            "label": "Rua Projetada 10",
            "length_m": 10.5
          },
          {
            "from": "372",
            "to": "371",
            "label": "Lote 5",
            "length_m": 20.0
          }
        ],
        "access": {
          "longitude": -54.5602122,
          "latitude": -16.46803237,
          "label": "Rua Projetada 10",
          "frontage_m": 10.5,
          "confidence": "memorial"
        },
        "memorial_path": "memoriais/Q11/L06.pdf",
        "status_default": "nao_informado",
        "technical_review": []
      },
      "geometry": {
        "type": "Polygon",
        "coordinates": [
          [
            [
              -54.56003233065428,
              -16.46796336189964
            ],
            [
              -54.560020414426575,
              -16.468057510390572
            ],
            [
              -54.56020624603773,
              -16.468079440746585
            ],
            [
              -54.56021816206691,
              -16.467985301265145
            ],
            [
              -54.56003233065428,
              -16.46796336189964
            ]
          ]
        ]
      }
    },
    {
      "type": "Feature",
      "id": "Q11-L07",
      "properties": {
        "quadra": 11,
        "lote": 7,
        "area_m2": 226.56,
        "center": [
          -54.56010409,
          -16.46811826
        ],
        "source_polygon": "PLINHA-277",
        "geometry_source": "memorial_descritivo",
        "match_distance_m": 0.001,
        "perimeter_m": 61.28,
        "frontage_m": 29.99,
        "dimensions": [
          {
            "from": "374",
            "to": "378",
            "label": "Lote 14",
            "length_m": 11.5
          },
          {
            "from": "378",
            "to": "379",
            "label": "Rua Projetada 16",
            "length_m": 16.0
          },
          {
            "from": "379",
            "to": "380",
            "label": "Rua Projetada 16",
            "length_m": 5.66
          },
          {
            "from": "380",
            "to": "375",
            "label": "Rua Projetada 10",
            "length_m": 8.33
          },
          {
            "from": "375",
            "to": "374",
            "label": "Lote 6",
            "length_m": 20.0
          }
        ],
        "access": {
          "longitude": -54.56013308,
          "latitude": -16.46815243,
          "label": "Rua Projetada 16 / Rua Projetada 10",
          "frontage_m": 29.99,
          "confidence": "memorial"
        },
        "memorial_path": "memoriais/Q11/L07.pdf",
        "status_default": "nao_informado",
        "technical_review": []
      },
      "geometry": {
        "type": "Polygon",
        "coordinates": [
          [
            [
              -54.560020414426575,
              -16.468057510390572
            ],
            [
              -54.560007375011956,
              -16.46816061564418
            ],
            [
              -54.560156031055655,
              -16.468178156239453
            ],
            [
              -54.56019774672481,
              -16.468146674339984
            ],
            [
              -54.56020624603773,
              -16.468079440746585
            ],
            [
              -54.560020414426575,
              -16.468057510390572
            ]
          ]
        ]
      }
    },
    {
      "type": "Feature",
      "id": "Q11-L08",
      "properties": {
        "quadra": 11,
        "lote": 8,
        "area_m2": 210.0,
        "center": [
          -54.559993,
          -16.46752876
        ],
        "source_polygon": "PLINHA-273",
        "geometry_source": "memorial_descritivo",
        "match_distance_m": 0.001,
        "perimeter_m": 61.0,
        "frontage_m": 30.5,
        "dimensions": [
          {
            "from": "355",
            "to": "358",
            "label": "Rua Projetada 11",
            "length_m": 10.5
          },
          {
            "from": "358",
            "to": "359",
            "label": "Lote 9",
            "length_m": 20.0
          },
          {
            "from": "359",
            "to": "356",
            "label": "Lote 1",
            "length_m": 10.5
          },
          {
            "from": "356",
            "to": "355",
            "label": "Alameda Projetada 5",
            "length_m": 20.0
          }
        ],
        "access": {
          "longitude": -54.55996492,
          "latitude": -16.46749412,
          "label": "Rua Projetada 11 / Alameda Projetada 5",
          "frontage_m": 30.5,
          "confidence": "memorial"
        },
        "memorial_path": "memoriais/Q11/L08.pdf",
        "status_default": "nao_informado",
        "technical_review": []
      },
      "geometry": {
        "type": "Polygon",
        "coordinates": [
          [
            [
              -54.559906042597504,
              -16.467470724708765
            ],
            [
              -54.55989412648726,
              -16.46756486416061
            ],
            [
              -54.560079957605815,
              -16.467586794564887
            ],
            [
              -54.560091873630604,
              -16.46749265509077
            ],
            [
              -54.559906042597504,
              -16.467470724708765
            ]
          ]
        ]
      }
    },
    {
      "type": "Feature",
      "id": "Q11-L09",
      "properties": {
        "quadra": 11,
        "lote": 9,
        "area_m2": 210.01,
        "center": [
          -54.55998109,
          -16.4676229
        ],
        "source_polygon": "PLINHA-268",
        "geometry_source": "memorial_descritivo",
        "match_distance_m": 0.001,
        "perimeter_m": 61.0,
        "frontage_m": 10.5,
        "dimensions": [
          {
            "from": "358",
            "to": "361",
            "label": "Rua Projetada 11",
            "length_m": 10.5
          },
          {
            "from": "361",
            "to": "362",
            "label": "Lote 10",
            "length_m": 20.0
          },
          {
            "from": "362",
            "to": "359",
            "label": "Lote 2",
            "length_m": 10.5
          },
          {
            "from": "359",
            "to": "358",
            "label": "Lote 8",
            "length_m": 20.0
          }
        ],
        "access": {
          "longitude": -54.55988817,
          "latitude": -16.46761193,
          "label": "Rua Projetada 11",
          "frontage_m": 10.5,
          "confidence": "memorial"
        },
        "memorial_path": "memoriais/Q11/L09.pdf",
        "status_default": "nao_informado",
        "technical_review": []
      },
      "geometry": {
        "type": "Polygon",
        "coordinates": [
          [
            [
              -54.55989412648726,
              -16.46756486416061
            ],
            [
              -54.55988221035904,
              -16.46765900360948
            ],
            [
              -54.56006805081009,
              -16.467680943176887
            ],
            [
              -54.560079957605815,
              -16.467586794564887
            ],
            [
              -54.55989412648726,
              -16.46756486416061
            ]
          ]
        ]
      }
    },
    {
      "type": "Feature",
      "id": "Q11-L10",
      "properties": {
        "quadra": 11,
        "lote": 10,
        "area_m2": 210.01,
        "center": [
          -54.55996918,
          -16.46771704
        ],
        "source_polygon": "PLINHA-269",
        "geometry_source": "memorial_descritivo",
        "match_distance_m": 0.001,
        "perimeter_m": 61.0,
        "frontage_m": 10.5,
        "dimensions": [
          {
            "from": "361",
            "to": "364",
            "label": "Rua Projetada 11",
            "length_m": 10.5
          },
          {
            "from": "364",
            "to": "365",
            "label": "Lote 11",
            "length_m": 20.0
          },
          {
            "from": "365",
            "to": "362",
            "label": "Lote 3",
            "length_m": 10.5
          },
          {
            "from": "362",
            "to": "361",
            "label": "Lote 9",
            "length_m": 20.0
          }
        ],
        "access": {
          "longitude": -54.55987626,
          "latitude": -16.46770607,
          "label": "Rua Projetada 11",
          "frontage_m": 10.5,
          "confidence": "memorial"
        },
        "memorial_path": "memoriais/Q11/L10.pdf",
        "status_default": "nao_informado",
        "technical_review": []
      },
      "geometry": {
        "type": "Polygon",
        "coordinates": [
          [
            [
              -54.55988221035904,
              -16.46765900360948
            ],
            [
              -54.559870303572936,
              -16.467753143164455
            ],
            [
              -54.56005614410945,
              -16.46777508275412
            ],
            [
              -54.56006805081009,
              -16.467680943176887
            ],
            [
              -54.55988221035904,
              -16.46765900360948
            ]
          ]
        ]
      }
    },
    {
      "type": "Feature",
      "id": "Q11-L11",
      "properties": {
        "quadra": 11,
        "lote": 11,
        "area_m2": 210.02,
        "center": [
          -54.55995727,
          -16.46781119
        ],
        "source_polygon": "PLINHA-281",
        "geometry_source": "memorial_descritivo",
        "match_distance_m": 0.0,
        "perimeter_m": 61.0,
        "frontage_m": 10.5,
        "dimensions": [
          {
            "from": "364",
            "to": "367",
            "label": "Rua Projetada 11",
            "length_m": 10.5
          },
          {
            "from": "367",
            "to": "368",
            "label": "Lote 12",
            "length_m": 20.0
          },
          {
            "from": "368",
            "to": "365",
            "label": "Lote 4",
            "length_m": 10.5
          },
          {
            "from": "365",
            "to": "364",
            "label": "Lote 10",
            "length_m": 20.0
          }
        ],
        "access": {
          "longitude": -54.55986435,
          "latitude": -16.46780022,
          "label": "Rua Projetada 11",
          "frontage_m": 10.5,
          "confidence": "memorial"
        },
        "memorial_path": "memoriais/Q11/L11.pdf",
        "status_default": "nao_informado",
        "technical_review": []
      },
      "geometry": {
        "type": "Polygon",
        "coordinates": [
          [
            [
              -54.559870303572936,
              -16.467753143164455
            ],
            [
              -54.5598583872957,
              -16.467847291639107
            ],
            [
              -54.56004423739085,
              -16.46786922232837
            ],
            [
              -54.56005614410945,
              -16.46777508275412
            ],
            [
              -54.559870303572936,
              -16.467753143164455
            ]
          ]
        ]
      }
    },
    {
      "type": "Feature",
      "id": "Q11-L12",
      "properties": {
        "quadra": 11,
        "lote": 12,
        "area_m2": 210.02,
        "center": [
          -54.55994536,
          -16.46790533
        ],
        "source_polygon": "PLINHA-278",
        "geometry_source": "memorial_descritivo",
        "match_distance_m": 0.0,
        "perimeter_m": 61.0,
        "frontage_m": 10.5,
        "dimensions": [
          {
            "from": "367",
            "to": "370",
            "label": "Rua Projetada 11",
            "length_m": 10.5
          },
          {
            "from": "370",
            "to": "371",
            "label": "Lote 13",
            "length_m": 20.0
          },
          {
            "from": "371",
            "to": "368",
            "label": "Lote 5",
            "length_m": 10.5
          },
          {
            "from": "368",
            "to": "367",
            "label": "Lote 11",
            "length_m": 20.0
          }
        ],
        "access": {
          "longitude": -54.55985243,
          "latitude": -16.46789436,
          "label": "Rua Projetada 11",
          "frontage_m": 10.5,
          "confidence": "memorial"
        },
        "memorial_path": "memoriais/Q11/L12.pdf",
        "status_default": "nao_informado",
        "technical_review": []
      },
      "geometry": {
        "type": "Polygon",
        "coordinates": [
          [
            [
              -54.5598583872957,
              -16.467847291639107
            ],
            [
              -54.55984647111356,
              -16.46794143107899
            ],
            [
              -54.56003233065428,
              -16.46796336189964
            ],
            [
              -54.56004423739085,
              -16.46786922232837
            ],
            [
              -54.5598583872957,
              -16.467847291639107
            ]
          ]
        ]
      }
    },
    {
      "type": "Feature",
      "id": "Q11-L13",
      "properties": {
        "quadra": 11,
        "lote": 13,
        "area_m2": 210.03,
        "center": [
          -54.55993345,
          -16.46799947
        ],
        "source_polygon": "PLINHA-275",
        "geometry_source": "memorial_descritivo",
        "match_distance_m": 0.001,
        "perimeter_m": 61.0,
        "frontage_m": 10.5,
        "dimensions": [
          {
            "from": "370",
            "to": "373",
            "label": "Rua Projetada 11",
            "length_m": 10.5
          },
          {
            "from": "373",
            "to": "374",
            "label": "Lote 14",
            "length_m": 20.0
          },
          {
            "from": "374",
            "to": "371",
            "label": "Lote 6",
            "length_m": 10.5
          },
          {
            "from": "371",
            "to": "370",
            "label": "Lote 12",
            "length_m": 20.0
          }
        ],
        "access": {
          "longitude": -54.55984052,
          "latitude": -16.4679885,
          "label": "Rua Projetada 11",
          "frontage_m": 10.5,
          "confidence": "memorial"
        },
        "memorial_path": "memoriais/Q11/L13.pdf",
        "status_default": "nao_informado",
        "technical_review": []
      },
      "geometry": {
        "type": "Polygon",
        "coordinates": [
          [
            [
              -54.55984647111356,
              -16.46794143107899
            ],
            [
              -54.55983456427355,
              -16.468035570625005
            ],
            [
              -54.560020414426575,
              -16.468057510390572
            ],
            [
              -54.56003233065428,
              -16.46796336189964
            ],
            [
              -54.55984647111356,
              -16.46794143107899
            ]
          ]
        ]
      }
    },
    {
      "type": "Feature",
      "id": "Q11-L14",
      "properties": {
        "quadra": 11,
        "lote": 14,
        "area_m2": 226.71,
        "center": [
          -54.55992365,
          -16.46809711
        ],
        "source_polygon": "PLINHA-274",
        "geometry_source": "memorial_descritivo",
        "match_distance_m": 0.001,
        "perimeter_m": 61.32,
        "frontage_m": 30.82,
        "dimensions": [
          {
            "from": "373",
            "to": "376",
            "label": "Rua Projetada 11",
            "length_m": 7.99
          },
          {
            "from": "376",
            "to": "377",
            "label": "Rua Projetada 11",
            "length_m": 5.3
          },
          {
            "from": "377",
            "to": "378",
            "label": "Rua Projetada 16",
            "length_m": 17.53
          },
          {
            "from": "378",
            "to": "374",
            "label": "Lote 7",
            "length_m": 11.5
          },
          {
            "from": "374",
            "to": "373",
            "label": "Lote 13",
            "length_m": 20.0
          }
        ],
        "access": {
          "longitude": -54.55989058,
          "latitude": -16.46812638,
          "label": "Rua Projetada 11 / Rua Projetada 16",
          "frontage_m": 30.82,
          "confidence": "memorial"
        },
        "memorial_path": "memoriais/Q11/L14.pdf",
        "status_default": "nao_informado",
        "technical_review": []
      },
      "geometry": {
        "type": "Polygon",
        "coordinates": [
          [
            [
              -54.55983456427355,
              -16.468035570625005
            ],
            [
              -54.5598254948513,
              -16.46810720568927
            ],
            [
              -54.559858391971474,
              -16.468143025969134
            ],
            [
              -54.560007375011956,
              -16.46816061564418
            ],
            [
              -54.560020414426575,
              -16.468057510390572
            ],
            [
              -54.55983456427355,
              -16.468035570625005
            ]
          ]
        ]
      }
    },
    {
      "type": "Feature",
      "id": "Q12-L01",
      "properties": {
        "quadra": 12,
        "lote": 1,
        "area_m2": 282.74,
        "center": [
          -54.55976523,
          -16.46691318
        ],
        "source_polygon": "PLINHA-241",
        "geometry_source": "memorial_descritivo",
        "match_distance_m": 0.001,
        "perimeter_m": 66.67,
        "frontage_m": 36.5,
        "dimensions": [
          {
            "from": "381",
            "to": "382",
            "label": "Rua Projetada 4",
            "length_m": 15.72
          },
          {
            "from": "382",
            "to": "386",
            "label": "Lote 8",
            "length_m": 10.75
          },
          {
            "from": "386",
            "to": "387",
            "label": "Lote 2",
            "length_m": 20.0
          },
          {
            "from": "387",
            "to": "388",
            "label": "Rua Projetada 11",
            "length_m": 12.84
          },
          {
            "from": "388",
            "to": "381",
            "label": "Rua Projetada 11",
            "length_m": 7.94
          }
        ],
        "access": {
          "longitude": -54.55980083,
          "latitude": -16.46687893,
          "label": "Rua Projetada 4 / Rua Projetada 11",
          "frontage_m": 36.5,
          "confidence": "memorial"
        },
        "memorial_path": "memoriais/Q12/L01.pdf",
        "status_default": "nao_informado",
        "technical_review": []
      },
      "geometry": {
        "type": "Polygon",
        "coordinates": [
          [
            [
              -54.559811644568455,
              -16.46683190638926
            ],
            [
              -54.55967075693401,
              -16.46687290031062
            ],
            [
              -54.55965919612076,
              -16.46696408103287
            ],
            [
              -54.55984502695836,
              -16.466985984471368
            ],
            [
              -54.55985962056139,
              -16.46687089235959
            ],
            [
              -54.559811644568455,
              -16.46683190638926
            ]
          ]
        ]
      }
    },
    {
      "type": "Feature",
      "id": "Q12-L02",
      "properties": {
        "quadra": 12,
        "lote": 2,
        "area_m2": 200.0,
        "center": [
          -54.55974643,
          -16.46701986
        ],
        "source_polygon": "PLINHA-239",
        "geometry_source": "memorial_descritivo",
        "match_distance_m": 0.0,
        "perimeter_m": 60.0,
        "frontage_m": 10.0,
        "dimensions": [
          {
            "from": "386",
            "to": "390",
            "label": "Lote 8",
            "length_m": 10.0
          },
          {
            "from": "390",
            "to": "391",
            "label": "Lote 3",
            "length_m": 20.0
          },
          {
            "from": "391",
            "to": "387",
            "label": "Rua Projetada 11",
            "length_m": 10.0
          },
          {
            "from": "387",
            "to": "386",
            "label": "Lote 1",
            "length_m": 20.0
          }
        ],
        "access": {
          "longitude": -54.55983935,
          "latitude": -16.46703081,
          "label": "Rua Projetada 11",
          "frontage_m": 10.0,
          "confidence": "memorial"
        },
        "memorial_path": "memoriais/Q12/L02.pdf",
        "status_default": "nao_informado",
        "technical_review": []
      },
      "geometry": {
        "type": "Polygon",
        "coordinates": [
          [
            [
              -54.55965919612076,
              -16.46696408103287
            ],
            [
              -54.55964783224174,
              -16.46705373745635
            ],
            [
              -54.55983366316071,
              -16.467075640916086
            ],
            [
              -54.55984502695836,
              -16.466985984471368
            ],
            [
              -54.55965919612076,
              -16.46696408103287
            ]
          ]
        ]
      }
    },
    {
      "type": "Feature",
      "id": "Q12-L03",
      "properties": {
        "quadra": 12,
        "lote": 3,
        "area_m2": 200.0,
        "center": [
          -54.55973506,
          -16.46710952
        ],
        "source_polygon": "PLINHA-237",
        "geometry_source": "memorial_descritivo",
        "match_distance_m": 0.0,
        "perimeter_m": 60.0,
        "frontage_m": 10.0,
        "dimensions": [
          {
            "from": "390",
            "to": "393",
            "label": "Lote 9",
            "length_m": 10.0
          },
          {
            "from": "393",
            "to": "394",
            "label": "Lote 4",
            "length_m": 20.0
          },
          {
            "from": "394",
            "to": "391",
            "label": "Rua Projetada 11",
            "length_m": 10.0
          },
          {
            "from": "391",
            "to": "390",
            "label": "Lote 2",
            "length_m": 20.0
          }
        ],
        "access": {
          "longitude": -54.55982798,
          "latitude": -16.46712047,
          "label": "Rua Projetada 11",
          "frontage_m": 10.0,
          "confidence": "memorial"
        },
        "memorial_path": "memoriais/Q12/L03.pdf",
        "status_default": "nao_informado",
        "technical_review": []
      },
      "geometry": {
        "type": "Polygon",
        "coordinates": [
          [
            [
              -54.55964783224174,
              -16.46705373745635
            ],
            [
              -54.559636458986326,
              -16.467143393768016
            ],
            [
              -54.55982229934674,
              -16.467165297358072
            ],
            [
              -54.55983366316071,
              -16.467075640916086
            ],
            [
              -54.55964783224174,
              -16.46705373745635
            ]
          ]
        ]
      }
    },
    {
      "type": "Feature",
      "id": "Q12-L04",
      "properties": {
        "quadra": 12,
        "lote": 4,
        "area_m2": 200.0,
        "center": [
          -54.5597237,
          -16.46719917
        ],
        "source_polygon": "PLINHA-236",
        "geometry_source": "memorial_descritivo",
        "match_distance_m": 0.0,
        "perimeter_m": 60.0,
        "frontage_m": 10.0,
        "dimensions": [
          {
            "from": "393",
            "to": "396",
            "label": "Lote 10",
            "length_m": 10.0
          },
          {
            "from": "396",
            "to": "397",
            "label": "Lote 5",
            "length_m": 20.0
          },
          {
            "from": "397",
            "to": "394",
            "label": "Rua Projetada 11",
            "length_m": 10.0
          },
          {
            "from": "394",
            "to": "393",
            "label": "Lote 3",
            "length_m": 20.0
          }
        ],
        "access": {
          "longitude": -54.55981661,
          "latitude": -16.46721013,
          "label": "Rua Projetada 11",
          "frontage_m": 10.0,
          "confidence": "memorial"
        },
        "memorial_path": "memoriais/Q12/L04.pdf",
        "status_default": "nao_informado",
        "technical_review": []
      },
      "geometry": {
        "type": "Polygon",
        "coordinates": [
          [
            [
              -54.559636458986326,
              -16.467143393768016
            ],
            [
              -54.55962509507465,
              -16.467233050186064
            ],
            [
              -54.5598109261564,
              -16.467254953688247
            ],
            [
              -54.55982229934674,
              -16.467165297358072
            ],
            [
              -54.559636458986326,
              -16.467143393768016
            ]
          ]
        ]
      }
    },
    {
      "type": "Feature",
      "id": "Q12-L05",
      "properties": {
        "quadra": 12,
        "lote": 5,
        "area_m2": 200.0,
        "center": [
          -54.55971233,
          -16.46728883
        ],
        "source_polygon": "PLINHA-233",
        "geometry_source": "memorial_descritivo",
        "match_distance_m": 0.0,
        "perimeter_m": 60.0,
        "frontage_m": 10.0,
        "dimensions": [
          {
            "from": "396",
            "to": "399",
            "label": "Lote 11",
            "length_m": 10.0
          },
          {
            "from": "399",
            "to": "400",
            "label": "Lote 6",
            "length_m": 20.0
          },
          {
            "from": "400",
            "to": "397",
            "label": "Rua Projetada 11",
            "length_m": 10.0
          },
          {
            "from": "397",
            "to": "396",
            "label": "Lote 4",
            "length_m": 20.0
          }
        ],
        "access": {
          "longitude": -54.55980524,
          "latitude": -16.46729978,
          "label": "Rua Projetada 11",
          "frontage_m": 10.0,
          "confidence": "memorial"
        },
        "memorial_path": "memoriais/Q12/L05.pdf",
        "status_default": "nao_informado",
        "technical_review": []
      },
      "geometry": {
        "type": "Polygon",
        "coordinates": [
          [
            [
              -54.55962509507465,
              -16.467233050186064
            ],
            [
              -54.55961373114666,
              -16.467322706601404
            ],
            [
              -54.55979956230979,
              -16.4673446101248
            ],
            [
              -54.5598109261564,
              -16.467254953688247
            ],
            [
              -54.55962509507465,
              -16.467233050186064
            ]
          ]
        ]
      }
    },
    {
      "type": "Feature",
      "id": "Q12-L06",
      "properties": {
        "quadra": 12,
        "lote": 6,
        "area_m2": 200.0,
        "center": [
          -54.55970096,
          -16.46737849
        ],
        "source_polygon": "PLINHA-232",
        "geometry_source": "memorial_descritivo",
        "match_distance_m": 0.001,
        "perimeter_m": 60.0,
        "frontage_m": 10.0,
        "dimensions": [
          {
            "from": "399",
            "to": "402",
            "label": "Lote 12",
            "length_m": 10.0
          },
          {
            "from": "402",
            "to": "403",
            "label": "Lote 7",
            "length_m": 20.0
          },
          {
            "from": "403",
            "to": "400",
            "label": "Rua Projetada 11",
            "length_m": 10.0
          },
          {
            "from": "400",
            "to": "399",
            "label": "Lote 5",
            "length_m": 20.0
          }
        ],
        "access": {
          "longitude": -54.55979388,
          "latitude": -16.46738944,
          "label": "Rua Projetada 11",
          "frontage_m": 10.0,
          "confidence": "memorial"
        },
        "memorial_path": "memoriais/Q12/L06.pdf",
        "status_default": "nao_informado",
        "technical_review": []
      },
      "geometry": {
        "type": "Polygon",
        "coordinates": [
          [
            [
              -54.55961373114666,
              -16.467322706601404
            ],
            [
              -54.55960235784228,
              -16.467412362904906
            ],
            [
              -54.55978819844688,
              -16.467434266558655
            ],
            [
              -54.55979956230979,
              -16.4673446101248
            ],
            [
              -54.55961373114666,
              -16.467322706601404
            ]
          ]
        ]
      }
    },
    {
      "type": "Feature",
      "id": "Q12-L07",
      "properties": {
        "quadra": 12,
        "lote": 7,
        "area_m2": 200.0,
        "center": [
          -54.55968959,
          -16.46746814
        ],
        "source_polygon": "PLINHA-229",
        "geometry_source": "memorial_descritivo",
        "match_distance_m": 0.001,
        "perimeter_m": 60.0,
        "frontage_m": 30.0,
        "dimensions": [
          {
            "from": "402",
            "to": "405",
            "label": "Lote 13",
            "length_m": 10.0
          },
          {
            "from": "405",
            "to": "406",
            "label": "Alameda 6",
            "length_m": 20.0
          },
          {
            "from": "406",
            "to": "403",
            "label": "Rua Projetada 11",
            "length_m": 10.0
          },
          {
            "from": "403",
            "to": "402",
            "label": "Lote 6",
            "length_m": 20.0
          }
        ],
        "access": {
          "longitude": -54.55971678,
          "latitude": -16.46750168,
          "label": "Alameda 6 / Rua Projetada 11",
          "frontage_m": 30.0,
          "confidence": "memorial"
        },
        "memorial_path": "memoriais/Q12/L07.pdf",
        "status_default": "nao_informado",
        "technical_review": []
      },
      "geometry": {
        "type": "Polygon",
        "coordinates": [
          [
            [
              -54.55960235784228,
              -16.467412362904906
            ],
            [
              -54.55959099388165,
              -16.467502019314814
            ],
            [
              -54.55977682520755,
              -16.467523922880666
            ],
            [
              -54.55978819844688,
              -16.467434266558655
            ],
            [
              -54.55960235784228,
              -16.467412362904906
            ]
          ]
        ]
      }
    },
    {
      "type": "Feature",
      "id": "Q12-L08",
      "properties": {
        "quadra": 12,
        "lote": 8,
        "area_m2": 314.72,
        "center": [
          -54.55957353,
          -16.46697161
        ],
        "source_polygon": "PLINHA-55",
        "geometry_source": "memorial_descritivo",
        "match_distance_m": 0.0,
        "perimeter_m": 72.85,
        "frontage_m": 32.66,
        "dimensions": [
          {
            "from": "382",
            "to": "384",
            "label": "Rua Projetada 4",
            "length_m": 19.27
          },
          {
            "from": "384",
            "to": "384A",
            "label": "Rua Projetada 4",
            "length_m": 4.63
          },
          {
            "from": "384A",
            "to": "389",
            "label": "Rua Projetada 12",
            "length_m": 8.76
          },
          {
            "from": "389",
            "to": "390",
            "label": "Lote 9",
            "length_m": 20.02
          },
          {
            "from": "390",
            "to": "386",
            "label": "Lote 2",
            "length_m": 10.0
          },
          {
            "from": "386",
            "to": "382",
            "label": "Lote 1",
            "length_m": 10.17
          }
        ],
        "access": {
          "longitude": -54.55953871,
          "latitude": -16.46692903,
          "label": "Rua Projetada 4 / Rua Projetada 12",
          "frontage_m": 32.66,
          "confidence": "memorial"
        },
        "memorial_path": "memoriais/Q12/L08.pdf",
        "status_default": "nao_informado",
        "technical_review": []
      },
      "geometry": {
        "type": "Polygon",
        "coordinates": [
          [
            [
              -54.55967075693401,
              -16.46687290031062
            ],
            [
              -54.55949800077162,
              -16.466923043492024
            ],
            [
              -54.55947164451919,
              -16.46695325903729
            ],
            [
              -54.55946178633287,
              -16.46703181326378
            ],
            [
              -54.55964783224174,
              -16.46705373745635
            ],
            [
              -54.55965919612076,
              -16.46696408103287
            ],
            [
              -54.55967075693401,
              -16.46687290031062
            ]
          ]
        ]
      }
    },
    {
      "type": "Feature",
      "id": "Q12-L09",
      "properties": {
        "quadra": 12,
        "lote": 9,
        "area_m2": 200.21,
        "center": [
          -54.55954913,
          -16.4670876
        ],
        "source_polygon": "PLINHA-238",
        "geometry_source": "memorial_descritivo",
        "match_distance_m": 0.0,
        "perimeter_m": 60.04,
        "frontage_m": 10.0,
        "dimensions": [
          {
            "from": "389",
            "to": "392",
            "label": "Rua Projetada 12",
            "length_m": 10.0
          },
          {
            "from": "392",
            "to": "393",
            "label": "Lote 10",
            "length_m": 20.02
          },
          {
            "from": "393",
            "to": "390",
            "label": "Lote 3",
            "length_m": 10.0
          },
          {
            "from": "390",
            "to": "389",
            "label": "Lote 8",
            "length_m": 20.02
          }
        ],
        "access": {
          "longitude": -54.55945612,
          "latitude": -16.46707665,
          "label": "Rua Projetada 12",
          "frontage_m": 10.0,
          "confidence": "memorial"
        },
        "memorial_path": "memoriais/Q12/L09.pdf",
        "status_default": "nao_informado",
        "technical_review": []
      },
      "geometry": {
        "type": "Polygon",
        "coordinates": [
          [
            [
              -54.55946178633287,
              -16.46703181326378
            ],
            [
              -54.55945045032313,
              -16.467121479022435
            ],
            [
              -54.559636458986326,
              -16.467143393768016
            ],
            [
              -54.55964783224174,
              -16.46705373745635
            ],
            [
              -54.55946178633287,
              -16.46703181326378
            ]
          ]
        ]
      }
    },
    {
      "type": "Feature",
      "id": "Q12-L10",
      "properties": {
        "quadra": 12,
        "lote": 10,
        "area_m2": 200.18,
        "center": [
          -54.55953778,
          -16.46717726
        ],
        "source_polygon": "PLINHA-235",
        "geometry_source": "memorial_descritivo",
        "match_distance_m": 0.0,
        "perimeter_m": 60.04,
        "frontage_m": 10.0,
        "dimensions": [
          {
            "from": "392",
            "to": "395",
            "label": "Rua Projetada 12",
            "length_m": 10.0
          },
          {
            "from": "395",
            "to": "396",
            "label": "Lote 11",
            "length_m": 20.02
          },
          {
            "from": "396",
            "to": "393",
            "label": "Lote 4",
            "length_m": 10.0
          },
          {
            "from": "393",
            "to": "392",
            "label": "Lote 9",
            "length_m": 20.02
          }
        ],
        "access": {
          "longitude": -54.55944478,
          "latitude": -16.46716631,
          "label": "Rua Projetada 12",
          "frontage_m": 10.0,
          "confidence": "memorial"
        },
        "memorial_path": "memoriais/Q12/L10.pdf",
        "status_default": "nao_informado",
        "technical_review": []
      },
      "geometry": {
        "type": "Polygon",
        "coordinates": [
          [
            [
              -54.55945045032313,
              -16.467121479022435
            ],
            [
              -54.55943911441019,
              -16.467211135746602
            ],
            [
              -54.55962509507465,
              -16.467233050186064
            ],
            [
              -54.559636458986326,
              -16.467143393768016
            ],
            [
              -54.55945045032313,
              -16.467121479022435
            ]
          ]
        ]
      }
    },
    {
      "type": "Feature",
      "id": "Q12-L11",
      "properties": {
        "quadra": 12,
        "lote": 11,
        "area_m2": 200.15,
        "center": [
          -54.55952643,
          -16.46726692
        ],
        "source_polygon": "PLINHA-234",
        "geometry_source": "memorial_descritivo",
        "match_distance_m": 0.0,
        "perimeter_m": 60.03,
        "frontage_m": 10.0,
        "dimensions": [
          {
            "from": "395",
            "to": "398",
            "label": "Rua Projetada 12",
            "length_m": 10.0
          },
          {
            "from": "398",
            "to": "399",
            "label": "Lote 12",
            "length_m": 20.01
          },
          {
            "from": "399",
            "to": "396",
            "label": "Lote 5",
            "length_m": 10.0
          },
          {
            "from": "396",
            "to": "395",
            "label": "Lote 10",
            "length_m": 20.02
          }
        ],
        "access": {
          "longitude": -54.55943344,
          "latitude": -16.46725596,
          "label": "Rua Projetada 12",
          "frontage_m": 10.0,
          "confidence": "memorial"
        },
        "memorial_path": "memoriais/Q12/L11.pdf",
        "status_default": "nao_informado",
        "technical_review": []
      },
      "geometry": {
        "type": "Polygon",
        "coordinates": [
          [
            [
              -54.55943911441019,
              -16.467211135746602
            ],
            [
              -54.55942776912088,
              -16.467300792358945
            ],
            [
              -54.55961373114666,
              -16.467322706601404
            ],
            [
              -54.55962509507465,
              -16.467233050186064
            ],
            [
              -54.55943911441019,
              -16.467211135746602
            ]
          ]
        ]
      }
    },
    {
      "type": "Feature",
      "id": "Q12-L12",
      "properties": {
        "quadra": 12,
        "lote": 12,
        "area_m2": 200.12,
        "center": [
          -54.55951507,
          -16.46735658
        ],
        "source_polygon": "PLINHA-231",
        "geometry_source": "memorial_descritivo",
        "match_distance_m": 0.0,
        "perimeter_m": 60.03,
        "frontage_m": 10.0,
        "dimensions": [
          {
            "from": "398",
            "to": "401",
            "label": "Rua Projetada 12",
            "length_m": 10.0
          },
          {
            "from": "401",
            "to": "402",
            "label": "Lote 13",
            "length_m": 20.01
          },
          {
            "from": "402",
            "to": "399",
            "label": "Lote 6",
            "length_m": 10.0
          },
          {
            "from": "399",
            "to": "398",
            "label": "Lote 11",
            "length_m": 20.01
          }
        ],
        "access": {
          "longitude": -54.5594221,
          "latitude": -16.46734562,
          "label": "Rua Projetada 12",
          "frontage_m": 10.0,
          "confidence": "memorial"
        },
        "memorial_path": "memoriais/Q12/L12.pdf",
        "status_default": "nao_informado",
        "technical_review": []
      },
      "geometry": {
        "type": "Polygon",
        "coordinates": [
          [
            [
              -54.55942776912088,
              -16.467300792358945
            ],
            [
              -54.55941643317534,
              -16.467390449077698
            ],
            [
              -54.55960235784228,
              -16.467412362904906
            ],
            [
              -54.55961373114666,
              -16.467322706601404
            ],
            [
              -54.55942776912088,
              -16.467300792358945
            ]
          ]
        ]
      }
    },
    {
      "type": "Feature",
      "id": "Q12-L13",
      "properties": {
        "quadra": 12,
        "lote": 13,
        "area_m2": 200.09,
        "center": [
          -54.55950372,
          -16.46744624
        ],
        "source_polygon": "PLINHA-230",
        "geometry_source": "memorial_descritivo",
        "match_distance_m": 0.001,
        "perimeter_m": 60.02,
        "frontage_m": 30.01,
        "dimensions": [
          {
            "from": "401",
            "to": "404",
            "label": "Rua Projetada 12",
            "length_m": 10.0
          },
          {
            "from": "404",
            "to": "405",
            "label": "Alameda Projetada 6",
            "length_m": 20.01
          },
          {
            "from": "405",
            "to": "402",
            "label": "Lote 7",
            "length_m": 10.0
          },
          {
            "from": "402",
            "to": "401",
            "label": "Lote 12",
            "length_m": 20.01
          }
        ],
        "access": {
          "longitude": -54.55946896,
          "latitude": -16.46747248,
          "label": "Rua Projetada 12 / Alameda Projetada 6",
          "frontage_m": 30.01,
          "confidence": "memorial"
        },
        "memorial_path": "memoriais/Q12/L13.pdf",
        "status_default": "nao_informado",
        "technical_review": []
      },
      "geometry": {
        "type": "Polygon",
        "coordinates": [
          [
            [
              -54.55941643317534,
              -16.467390449077698
            ],
            [
              -54.559405097100424,
              -16.46748011482551
            ],
            [
              -54.55959099388165,
              -16.467502019314814
            ],
            [
              -54.55960235784228,
              -16.467412362904906
            ],
            [
              -54.55941643317534,
              -16.467390449077698
            ]
          ]
        ]
      }
    },
    {
      "type": "Feature",
      "id": "Q13-L01",
      "properties": {
        "quadra": 13,
        "lote": 1,
        "area_m2": 210.0,
        "center": [
          -54.55967453,
          -16.46758694
        ],
        "source_polygon": "PLINHA-243",
        "geometry_source": "memorial_descritivo",
        "match_distance_m": 0.0,
        "perimeter_m": 61.0,
        "frontage_m": 30.5,
        "dimensions": [
          {
            "from": "408",
            "to": "411",
            "label": "Lote 7",
            "length_m": 10.5
          },
          {
            "from": "411",
            "to": "412",
            "label": "Lote 2",
            "length_m": 20.0
          },
          {
            "from": "412",
            "to": "409",
            "label": "Rua Projetada 11",
            "length_m": 10.5
          },
          {
            "from": "409",
            "to": "408",
            "label": "Alameda Projetada 6",
            "length_m": 20.0
          }
        ],
        "access": {
          "longitude": -54.55971044,
          "latitude": -16.46755984,
          "label": "Rua Projetada 11 / Alameda Projetada 6",
          "frontage_m": 30.5,
          "confidence": "memorial"
        },
        "memorial_path": "memoriais/Q13/L01.pdf",
        "status_default": "nao_informado",
        "technical_review": []
      },
      "geometry": {
        "type": "Polygon",
        "coordinates": [
          [
            [
              -54.559587586562294,
              -16.467528916259084
            ],
            [
              -54.55957565157291,
              -16.467623055452965
            ],
            [
              -54.55976148312176,
              -16.467644950015707
            ],
            [
              -54.559773417912616,
              -16.467550819831306
            ],
            [
              -54.559587586562294,
              -16.467528916259084
            ]
          ]
        ]
      }
    },
    {
      "type": "Feature",
      "id": "Q13-L02",
      "properties": {
        "quadra": 13,
        "lote": 2,
        "area_m2": 210.0,
        "center": [
          -54.5596626,
          -16.46768107
        ],
        "source_polygon": "PLINHA-244",
        "geometry_source": "memorial_descritivo",
        "match_distance_m": 0.0,
        "perimeter_m": 61.0,
        "frontage_m": 10.5,
        "dimensions": [
          {
            "from": "411",
            "to": "414",
            "label": "Lote 8",
            "length_m": 10.5
          },
          {
            "from": "414",
            "to": "415",
            "label": "Lote 3",
            "length_m": 20.0
          },
          {
            "from": "415",
            "to": "412",
            "label": "Rua Projetada 11",
            "length_m": 10.5
          },
          {
            "from": "412",
            "to": "411",
            "label": "Lote 1",
            "length_m": 20.0
          }
        ],
        "access": {
          "longitude": -54.55975552,
          "latitude": -16.46769202,
          "label": "Rua Projetada 11",
          "frontage_m": 10.5,
          "confidence": "memorial"
        },
        "memorial_path": "memoriais/Q13/L02.pdf",
        "status_default": "nao_informado",
        "technical_review": []
      },
      "geometry": {
        "type": "Polygon",
        "coordinates": [
          [
            [
              -54.55957565157291,
              -16.467623055452965
            ],
            [
              -54.55956371656552,
              -16.467717194643853
            ],
            [
              -54.55974954819984,
              -16.467739089228886
            ],
            [
              -54.55976148312176,
              -16.467644950015707
            ],
            [
              -54.55957565157291,
              -16.467623055452965
            ]
          ]
        ]
      }
    },
    {
      "type": "Feature",
      "id": "Q13-L03",
      "properties": {
        "quadra": 13,
        "lote": 3,
        "area_m2": 210.0,
        "center": [
          -54.55965066,
          -16.46777521
        ],
        "source_polygon": "PLINHA-246",
        "geometry_source": "memorial_descritivo",
        "match_distance_m": 0.001,
        "perimeter_m": 61.0,
        "frontage_m": 10.5,
        "dimensions": [
          {
            "from": "414",
            "to": "417",
            "label": "Lote 9",
            "length_m": 10.5
          },
          {
            "from": "417",
            "to": "418",
            "label": "Lote 4",
            "length_m": 20.0
          },
          {
            "from": "418",
            "to": "415",
            "label": "Rua Projetada 11",
            "length_m": 10.5
          },
          {
            "from": "415",
            "to": "414",
            "label": "Lote 2",
            "length_m": 20.0
          }
        ],
        "access": {
          "longitude": -54.55974358,
          "latitude": -16.46778616,
          "label": "Rua Projetada 11",
          "frontage_m": 10.5,
          "confidence": "memorial"
        },
        "memorial_path": "memoriais/Q13/L03.pdf",
        "status_default": "nao_informado",
        "technical_review": []
      },
      "geometry": {
        "type": "Polygon",
        "coordinates": [
          [
            [
              -54.55956371656552,
              -16.467717194643853
            ],
            [
              -54.55955177218005,
              -16.467811333722633
            ],
            [
              -54.55973761325993,
              -16.467833228439066
            ],
            [
              -54.55974954819984,
              -16.467739089228886
            ],
            [
              -54.55956371656552,
              -16.467717194643853
            ]
          ]
        ]
      }
    },
    {
      "type": "Feature",
      "id": "Q13-L04",
      "properties": {
        "quadra": 13,
        "lote": 4,
        "area_m2": 210.0,
        "center": [
          -54.55963873,
          -16.46786935
        ],
        "source_polygon": "PLINHA-249",
        "geometry_source": "memorial_descritivo",
        "match_distance_m": 0.001,
        "perimeter_m": 61.0,
        "frontage_m": 10.5,
        "dimensions": [
          {
            "from": "417",
            "to": "420",
            "label": "Lote 10",
            "length_m": 10.5
          },
          {
            "from": "420",
            "to": "421",
            "label": "Lote 15",
            "length_m": 20.0
          },
          {
            "from": "421",
            "to": "418",
            "label": "Rua Projetada 11",
            "length_m": 10.5
          },
          {
            "from": "418",
            "to": "417",
            "label": "Lote 3",
            "length_m": 20.0
          }
        ],
        "access": {
          "longitude": -54.55973165,
          "latitude": -16.4678803,
          "label": "Rua Projetada 11",
          "frontage_m": 10.5,
          "confidence": "memorial"
        },
        "memorial_path": "memoriais/Q13/L04.pdf",
        "status_default": "nao_informado",
        "technical_review": []
      },
      "geometry": {
        "type": "Polygon",
        "coordinates": [
          [
            [
              -54.55955177218005,
              -16.467811333722633
            ],
            [
              -54.559539837136676,
              -16.467905472907535
            ],
            [
              -54.55972567830201,
              -16.467927367646254
            ],
            [
              -54.55973761325993,
              -16.467833228439066
            ],
            [
              -54.55955177218005,
              -16.467811333722633
            ]
          ]
        ]
      }
    },
    {
      "type": "Feature",
      "id": "Q13-L05",
      "properties": {
        "quadra": 13,
        "lote": 5,
        "area_m2": 210.0,
        "center": [
          -54.55962679,
          -16.46796349
        ],
        "source_polygon": "PLINHA-250",
        "geometry_source": "memorial_descritivo",
        "match_distance_m": 0.001,
        "perimeter_m": 61.0,
        "frontage_m": 10.5,
        "dimensions": [
          {
            "from": "420",
            "to": "423",
            "label": "Lote 11",
            "length_m": 10.5
          },
          {
            "from": "423",
            "to": "424",
            "label": "Lote 6",
            "length_m": 20.0
          },
          {
            "from": "424",
            "to": "421",
            "label": "Rua Projetada 11",
            "length_m": 10.5
          },
          {
            "from": "421",
            "to": "420",
            "label": "Lote 4",
            "length_m": 20.0
          }
        ],
        "access": {
          "longitude": -54.55971971,
          "latitude": -16.46797444,
          "label": "Rua Projetada 11",
          "frontage_m": 10.5,
          "confidence": "memorial"
        },
        "memorial_path": "memoriais/Q13/L05.pdf",
        "status_default": "nao_informado",
        "technical_review": []
      },
      "geometry": {
        "type": "Polygon",
        "coordinates": [
          [
            [
              -54.559539837136676,
              -16.467905472907535
            ],
            [
              -54.5595279020753,
              -16.46799961208944
            ],
            [
              -54.55971374332611,
              -16.468021506850448
            ],
            [
              -54.55972567830201,
              -16.467927367646254
            ],
            [
              -54.559539837136676,
              -16.467905472907535
            ]
          ]
        ]
      }
    },
    {
      "type": "Feature",
      "id": "Q13-L06",
      "properties": {
        "quadra": 13,
        "lote": 6,
        "area_m2": 226.57,
        "center": [
          -54.55961157,
          -16.46806034
        ],
        "source_polygon": "PLINHA-253",
        "geometry_source": "memorial_descritivo",
        "match_distance_m": 0.001,
        "perimeter_m": 61.28,
        "frontage_m": 29.99,
        "dimensions": [
          {
            "from": "423",
            "to": "427",
            "label": "Lote 12",
            "length_m": 11.5
          },
          {
            "from": "427",
            "to": "428",
            "label": "Rua Projetada 16",
            "length_m": 16.0
          },
          {
            "from": "428",
            "to": "429",
            "label": "Rua Projetada 16",
            "length_m": 5.66
          },
          {
            "from": "429",
            "to": "424",
            "label": "Rua Projetada 11",
            "length_m": 8.33
          },
          {
            "from": "424",
            "to": "423",
            "label": "Lote 5",
            "length_m": 20.0
          }
        ],
        "access": {
          "longitude": -54.55964055,
          "latitude": -16.46809451,
          "label": "Rua Projetada 16 / Rua Projetada 11",
          "frontage_m": 29.99,
          "confidence": "memorial"
        },
        "memorial_path": "memoriais/Q13/L06.pdf",
        "status_default": "nao_informado",
        "technical_review": []
      },
      "geometry": {
        "type": "Polygon",
        "coordinates": [
          [
            [
              -54.5595279020753,
              -16.46799961208944
            ],
            [
              -54.55951483433225,
              -16.46810271695104
            ],
            [
              -54.559663509297195,
              -16.468120231007614
            ],
            [
              -54.5597052155449,
              -16.468088758137913
            ],
            [
              -54.55971374332611,
              -16.468021506850448
            ],
            [
              -54.5595279020753,
              -16.46799961208944
            ]
          ]
        ]
      }
    },
    {
      "type": "Feature",
      "id": "Q13-L07",
      "properties": {
        "quadra": 13,
        "lote": 7,
        "area_m2": 210.05,
        "center": [
          -54.55948868,
          -16.46756503
        ],
        "source_polygon": "PLINHA-242",
        "geometry_source": "memorial_descritivo",
        "match_distance_m": 0.0,
        "perimeter_m": 61.0,
        "frontage_m": 30.51,
        "dimensions": [
          {
            "from": "407",
            "to": "410",
            "label": "Rua Projetada 12",
            "length_m": 10.5
          },
          {
            "from": "410",
            "to": "411",
            "label": "Lote 8",
            "length_m": 20.0
          },
          {
            "from": "411",
            "to": "408",
            "label": "Lote 1",
            "length_m": 10.5
          },
          {
            "from": "408",
            "to": "407",
            "label": "Alameda Projetada 6",
            "length_m": 20.01
          }
        ],
        "access": {
          "longitude": -54.5594606,
          "latitude": -16.46753039,
          "label": "Rua Projetada 12 / Alameda Projetada 6",
          "frontage_m": 30.51,
          "confidence": "memorial"
        },
        "memorial_path": "memoriais/Q13/L07.pdf",
        "status_default": "nao_informado",
        "technical_review": []
      },
      "geometry": {
        "type": "Polygon",
        "coordinates": [
          [
            [
              -54.55940168975664,
              -16.46750701176341
            ],
            [
              -54.55938978276202,
              -16.46760115126237
            ],
            [
              -54.55957565157291,
              -16.467623055452965
            ],
            [
              -54.559587586562294,
              -16.467528916259084
            ],
            [
              -54.55940168975664,
              -16.46750701176341
            ]
          ]
        ]
      }
    },
    {
      "type": "Feature",
      "id": "Q13-L08",
      "properties": {
        "quadra": 13,
        "lote": 8,
        "area_m2": 210.02,
        "center": [
          -54.55947676,
          -16.46765917
        ],
        "source_polygon": "PLINHA-245",
        "geometry_source": "memorial_descritivo",
        "match_distance_m": 0.001,
        "perimeter_m": 61.0,
        "frontage_m": 10.5,
        "dimensions": [
          {
            "from": "410",
            "to": "413",
            "label": "Rua Projetada 12",
            "length_m": 10.5
          },
          {
            "from": "413",
            "to": "414",
            "label": "Lote 9",
            "length_m": 20.0
          },
          {
            "from": "414",
            "to": "411",
            "label": "Lote 2",
            "length_m": 10.5
          },
          {
            "from": "411",
            "to": "410",
            "label": "Lote 7",
            "length_m": 20.0
          }
        ],
        "access": {
          "longitude": -54.55938383,
          "latitude": -16.46764822,
          "label": "Rua Projetada 12",
          "frontage_m": 10.5,
          "confidence": "memorial"
        },
        "memorial_path": "memoriais/Q13/L08.pdf",
        "status_default": "nao_informado",
        "technical_review": []
      },
      "geometry": {
        "type": "Polygon",
        "coordinates": [
          [
            [
              -54.55938978276202,
              -16.46760115126237
            ],
            [
              -54.55937787574942,
              -16.467695290758353
            ],
            [
              -54.55956371656552,
              -16.467717194643853
            ],
            [
              -54.55957565157291,
              -16.467623055452965
            ],
            [
              -54.55938978276202,
              -16.46760115126237
            ]
          ]
        ]
      }
    },
    {
      "type": "Feature",
      "id": "Q13-L09",
      "properties": {
        "quadra": 13,
        "lote": 9,
        "area_m2": 209.98,
        "center": [
          -54.55946483,
          -16.46775331
        ],
        "source_polygon": "PLINHA-247",
        "geometry_source": "memorial_descritivo",
        "match_distance_m": 0.001,
        "perimeter_m": 61.0,
        "frontage_m": 10.5,
        "dimensions": [
          {
            "from": "413",
            "to": "416",
            "label": "Rua Projetada 12",
            "length_m": 10.5
          },
          {
            "from": "416",
            "to": "417",
            "label": "Lote 10",
            "length_m": 20.0
          },
          {
            "from": "417",
            "to": "414",
            "label": "Lote 3",
            "length_m": 10.5
          },
          {
            "from": "414",
            "to": "413",
            "label": "Lote 8",
            "length_m": 20.0
          }
        ],
        "access": {
          "longitude": -54.55937192,
          "latitude": -16.46774237,
          "label": "Rua Projetada 12",
          "frontage_m": 10.5,
          "confidence": "memorial"
        },
        "memorial_path": "memoriais/Q13/L09.pdf",
        "status_default": "nao_informado",
        "technical_review": []
      },
      "geometry": {
        "type": "Polygon",
        "coordinates": [
          [
            [
              -54.55937787574942,
              -16.467695290758353
            ],
            [
              -54.55936596860575,
              -16.46778943928311
            ],
            [
              -54.55955177218005,
              -16.467811333722633
            ],
            [
              -54.55956371656552,
              -16.467717194643853
            ],
            [
              -54.55937787574942,
              -16.467695290758353
            ]
          ]
        ]
      }
    },
    {
      "type": "Feature",
      "id": "Q13-L10",
      "properties": {
        "quadra": 13,
        "lote": 10,
        "area_m2": 209.95,
        "center": [
          -54.55945291,
          -16.46784745
        ],
        "source_polygon": "PLINHA-248",
        "geometry_source": "memorial_descritivo",
        "match_distance_m": 0.001,
        "perimeter_m": 60.99,
        "frontage_m": 10.5,
        "dimensions": [
          {
            "from": "416",
            "to": "419",
            "label": "Rua Projetada 12",
            "length_m": 10.5
          },
          {
            "from": "419",
            "to": "420",
            "label": "Lote 11",
            "length_m": 19.99
          },
          {
            "from": "420",
            "to": "417",
            "label": "Lote 4",
            "length_m": 10.5
          },
          {
            "from": "417",
            "to": "416",
            "label": "Lote 9",
            "length_m": 20.0
          }
        ],
        "access": {
          "longitude": -54.55936002,
          "latitude": -16.46783651,
          "label": "Rua Projetada 12",
          "frontage_m": 10.5,
          "confidence": "memorial"
        },
        "memorial_path": "memoriais/Q13/L10.pdf",
        "status_default": "nao_informado",
        "technical_review": []
      },
      "geometry": {
        "type": "Polygon",
        "coordinates": [
          [
            [
              -54.55936596860575,
              -16.46778943928311
            ],
            [
              -54.559354070917315,
              -16.467883578882244
            ],
            [
              -54.559539837136676,
              -16.467905472907535
            ],
            [
              -54.55955177218005,
              -16.467811333722633
            ],
            [
              -54.55936596860575,
              -16.46778943928311
            ]
          ]
        ]
      }
    },
    {
      "type": "Feature",
      "id": "Q13-L11",
      "properties": {
        "quadra": 13,
        "lote": 11,
        "area_m2": 209.92,
        "center": [
          -54.55944099,
          -16.46794159
        ],
        "source_polygon": "PLINHA-251",
        "geometry_source": "memorial_descritivo",
        "match_distance_m": 0.001,
        "perimeter_m": 60.98,
        "frontage_m": 10.5,
        "dimensions": [
          {
            "from": "419",
            "to": "422",
            "label": "Rua Projetada 12",
            "length_m": 10.5
          },
          {
            "from": "422",
            "to": "423",
            "label": "Lote 12",
            "length_m": 19.99
          },
          {
            "from": "423",
            "to": "420",
            "label": "Lote 5",
            "length_m": 10.5
          },
          {
            "from": "420",
            "to": "419",
            "label": "Lote 10",
            "length_m": 19.99
          }
        ],
        "access": {
          "longitude": -54.55934812,
          "latitude": -16.46793065,
          "label": "Rua Projetada 12",
          "frontage_m": 10.5,
          "confidence": "memorial"
        },
        "memorial_path": "memoriais/Q13/L11.pdf",
        "status_default": "nao_informado",
        "technical_review": []
      },
      "geometry": {
        "type": "Polygon",
        "coordinates": [
          [
            [
              -54.559354070917315,
              -16.467883578882244
            ],
            [
              -54.559342163850815,
              -16.467977718369248
            ],
            [
              -54.5595279020753,
              -16.46799961208944
            ],
            [
              -54.559539837136676,
              -16.467905472907535
            ],
            [
              -54.559354070917315,
              -16.467883578882244
            ]
          ]
        ]
      }
    },
    {
      "type": "Feature",
      "id": "Q13-L12",
      "properties": {
        "quadra": 13,
        "lote": 12,
        "area_m2": 226.44,
        "center": [
          -54.55943159,
          -16.46803913
        ],
        "source_polygon": "PLINHA-252",
        "geometry_source": "memorial_descritivo",
        "match_distance_m": 0.001,
        "perimeter_m": 61.26,
        "frontage_m": 30.92,
        "dimensions": [
          {
            "from": "422",
            "to": "425",
            "label": "Rua Projetada 12",
            "length_m": 7.5
          },
          {
            "from": "425",
            "to": "426",
            "label": "Rua Projetada 12",
            "length_m": 5.66
          },
          {
            "from": "426",
            "to": "427",
            "label": "Rua Projetada 16",
            "length_m": 17.76
          },
          {
            "from": "427",
            "to": "423",
            "label": "Lote 6",
            "length_m": 11.5
          },
          {
            "from": "423",
            "to": "422",
            "label": "Lote 11",
            "length_m": 19.99
          }
        ],
        "access": {
          "longitude": -54.55939908,
          "latitude": -16.46806864,
          "label": "Rua Projetada 12 / Rua Projetada 16",
          "frontage_m": 30.92,
          "confidence": "memorial"
        },
        "memorial_path": "memoriais/Q13/L12.pdf",
        "status_default": "nao_informado",
        "technical_review": []
      },
      "geometry": {
        "type": "Polygon",
        "coordinates": [
          [
            [
              -54.559342163850815,
              -16.467977718369248
            ],
            [
              -54.55933365466774,
              -16.468044969843145
            ],
            [
              -54.55936628109041,
              -16.468085204211008
            ],
            [
              -54.55951483433225,
              -16.46810271695104
            ],
            [
              -54.5595279020753,
              -16.46799961208944
            ],
            [
              -54.559342163850815,
              -16.467977718369248
            ]
          ]
        ]
      }
    },
    {
      "type": "Feature",
      "id": "Q14-L01",
      "properties": {
        "quadra": 14,
        "lote": 1,
        "area_m2": 243.52,
        "center": [
          -54.56132351,
          -16.46617162
        ],
        "source_polygon": "PLINHA-207",
        "geometry_source": "memorial_descritivo",
        "match_distance_m": 0.001,
        "perimeter_m": 62.7,
        "frontage_m": 30.2,
        "dimensions": [
          {
            "from": "451",
            "to": "447",
            "label": "Lote 10",
            "length_m": 12.5
          },
          {
            "from": "447",
            "to": "448",
            "label": "Lote 2",
            "length_m": 20.0
          },
          {
            "from": "448",
            "to": "449",
            "label": "Rua Projetada 4",
            "length_m": 7.5
          },
          {
            "from": "449",
            "to": "450",
            "label": "Rua Projetada 4",
            "length_m": 6.69
          },
          {
            "from": "450",
            "to": "451",
            "label": "Rua Projetada 1",
            "length_m": 16.01
          }
        ],
        "access": {
          "longitude": -54.56136638,
          "latitude": -16.46619273,
          "label": "Rua Projetada 4 / Rua Projetada 1",
          "frontage_m": 30.2,
          "confidence": "memorial"
        },
        "memorial_path": "memoriais/Q14/L01.pdf",
        "status_default": "nao_informado",
        "technical_review": []
      },
      "geometry": {
        "type": "Polygon",
        "coordinates": [
          [
            [
              -54.56135523277845,
              -16.466071456749404
            ],
            [
              -54.56124323757327,
              -16.46610402628286
            ],
            [
              -54.561297250811336,
              -16.466277034070185
            ],
            [
              -54.56136447630336,
              -16.46625747461166
            ],
            [
              -54.56139827597462,
              -16.466209929667368
            ],
            [
              -54.56135523277845,
              -16.466071456749404
            ]
          ]
        ]
      }
    },
    {
      "type": "Feature",
      "id": "Q14-L02",
      "properties": {
        "quadra": 14,
        "lote": 2,
        "area_m2": 210.05,
        "center": [
          -54.56122319,
          -16.46620422
        ],
        "source_polygon": "PLINHA-204",
        "geometry_source": "memorial_descritivo",
        "match_distance_m": 0.001,
        "perimeter_m": 61.01,
        "frontage_m": 10.5,
        "dimensions": [
          {
            "from": "447",
            "to": "453",
            "label": "Lote 11",
            "length_m": 10.5
          },
          {
            "from": "453",
            "to": "454",
            "label": "Lote 3",
            "length_m": 20.01
          },
          {
            "from": "454",
            "to": "448",
            "label": "Rua Projetada 4",
            "length_m": 10.5
          },
          {
            "from": "448",
            "to": "447",
            "label": "Lote 1",
            "length_m": 20.0
          }
        ],
        "access": {
          "longitude": -54.5612502,
          "latitude": -16.46629072,
          "label": "Rua Projetada 4",
          "frontage_m": 10.5,
          "confidence": "memorial"
        },
        "memorial_path": "memoriais/Q14/L02.pdf",
        "status_default": "nao_informado",
        "technical_review": []
      },
      "geometry": {
        "type": "Polygon",
        "coordinates": [
          [
            [
              -54.56124323757327,
              -16.46610402628286
            ],
            [
              -54.56114913139994,
              -16.46613140235529
            ],
            [
              -54.561203153915024,
              -16.466304410265376
            ],
            [
              -54.561297250811336,
              -16.466277034070185
            ],
            [
              -54.56124323757327,
              -16.46610402628286
            ]
          ]
        ]
      }
    },
    {
      "type": "Feature",
      "id": "Q14-L03",
      "properties": {
        "quadra": 14,
        "lote": 3,
        "area_m2": 210.06,
        "center": [
          -54.56112909,
          -16.4662316
        ],
        "source_polygon": "PLINHA-203",
        "geometry_source": "memorial_descritivo",
        "match_distance_m": 0.001,
        "perimeter_m": 61.01,
        "frontage_m": 10.5,
        "dimensions": [
          {
            "from": "453",
            "to": "456",
            "label": "Lote 12",
            "length_m": 10.5
          },
          {
            "from": "456",
            "to": "457",
            "label": "Lote 4",
            "length_m": 20.01
          },
          {
            "from": "457",
            "to": "454",
            "label": "Rua Projetada 4",
            "length_m": 10.5
          },
          {
            "from": "454",
            "to": "453",
            "label": "Lote 2",
            "length_m": 20.01
          }
        ],
        "access": {
          "longitude": -54.5611561,
          "latitude": -16.4663181,
          "label": "Rua Projetada 4",
          "frontage_m": 10.5,
          "confidence": "memorial"
        },
        "memorial_path": "memoriais/Q14/L03.pdf",
        "status_default": "nao_informado",
        "technical_review": []
      },
      "geometry": {
        "type": "Polygon",
        "coordinates": [
          [
            [
              -54.56114913139994,
              -16.46613140235529
            ],
            [
              -54.561055025318694,
              -16.466158769349992
            ],
            [
              -54.56110904752476,
              -16.466331795337354
            ],
            [
              -54.561203153915024,
              -16.466304410265376
            ],
            [
              -54.56114913139994,
              -16.46613140235529
            ]
          ]
        ]
      }
    },
    {
      "type": "Feature",
      "id": "Q14-L04",
      "properties": {
        "quadra": 14,
        "lote": 4,
        "area_m2": 210.07,
        "center": [
          -54.56103498,
          -16.46625897
        ],
        "source_polygon": "PLINHA-208",
        "geometry_source": "memorial_descritivo",
        "match_distance_m": 0.0,
        "perimeter_m": 61.01,
        "frontage_m": 10.5,
        "dimensions": [
          {
            "from": "456",
            "to": "459",
            "label": "Lote 13",
            "length_m": 10.5
          },
          {
            "from": "459",
            "to": "460",
            "label": "Lote 5",
            "length_m": 20.01
          },
          {
            "from": "460",
            "to": "457",
            "label": "Rua Projetada 4",
            "length_m": 10.5
          },
          {
            "from": "457",
            "to": "456",
            "label": "Lote 3",
            "length_m": 20.01
          }
        ],
        "access": {
          "longitude": -54.56106199,
          "latitude": -16.46634548,
          "label": "Rua Projetada 4",
          "frontage_m": 10.5,
          "confidence": "memorial"
        },
        "memorial_path": "memoriais/Q14/L04.pdf",
        "status_default": "nao_informado",
        "technical_review": []
      },
      "geometry": {
        "type": "Polygon",
        "coordinates": [
          [
            [
              -54.561055025318694,
              -16.466158769349992
            ],
            [
              -54.560960919216534,
              -16.466186136298745
            ],
            [
              -54.56101494122657,
              -16.4663591713316
            ],
            [
              -54.56110904752476,
              -16.466331795337354
            ],
            [
              -54.561055025318694,
              -16.466158769349992
            ]
          ]
        ]
      }
    },
    {
      "type": "Feature",
      "id": "Q14-L05",
      "properties": {
        "quadra": 14,
        "lote": 5,
        "area_m2": 210.08,
        "center": [
          -54.56094088,
          -16.46628634
        ],
        "source_polygon": "PLINHA-199",
        "geometry_source": "memorial_descritivo",
        "match_distance_m": 0.0,
        "perimeter_m": 61.02,
        "frontage_m": 10.5,
        "dimensions": [
          {
            "from": "459",
            "to": "462",
            "label": "Lote 14",
            "length_m": 10.5
          },
          {
            "from": "462",
            "to": "463",
            "label": "Lote 6",
            "length_m": 20.01
          },
          {
            "from": "463",
            "to": "460",
            "label": "Rua Projetada 4",
            "length_m": 10.5
          },
          {
            "from": "460",
            "to": "459",
            "label": "Lote 4",
            "length_m": 20.01
          }
        ],
        "access": {
          "longitude": -54.56096789,
          "latitude": -16.46637286,
          "label": "Rua Projetada 4",
          "frontage_m": 10.5,
          "confidence": "memorial"
        },
        "memorial_path": "memoriais/Q14/L05.pdf",
        "status_default": "nao_informado",
        "technical_review": []
      },
      "geometry": {
        "type": "Polygon",
        "coordinates": [
          [
            [
              -54.560960919216534,
              -16.466186136298745
            ],
            [
              -54.56086681309346,
              -16.466213503201537
            ],
            [
              -54.56092084426748,
              -16.46638654738894
            ],
            [
              -54.56101494122657,
              -16.4663591713316
            ],
            [
              -54.560960919216534,
              -16.466186136298745
            ]
          ]
        ]
      }
    },
    {
      "type": "Feature",
      "id": "Q14-L06",
      "properties": {
        "quadra": 14,
        "lote": 6,
        "area_m2": 210.09,
        "center": [
          -54.56084678,
          -16.46631371
        ],
        "source_polygon": "PLINHA-192",
        "geometry_source": "memorial_descritivo",
        "match_distance_m": 0.0,
        "perimeter_m": 61.02,
        "frontage_m": 10.5,
        "dimensions": [
          {
            "from": "462",
            "to": "465",
            "label": "Lote 15",
            "length_m": 10.5
          },
          {
            "from": "465",
            "to": "466",
            "label": "Lote 7",
            "length_m": 20.01
          },
          {
            "from": "466",
            "to": "463",
            "label": "Rua Projetada 4",
            "length_m": 10.5
          },
          {
            "from": "463",
            "to": "462",
            "label": "Lote 5",
            "length_m": 20.01
          }
        ],
        "access": {
          "longitude": -54.56087379,
          "latitude": -16.46640024,
          "label": "Rua Projetada 4",
          "frontage_m": 10.5,
          "confidence": "memorial"
        },
        "memorial_path": "memoriais/Q14/L06.pdf",
        "status_default": "nao_informado",
        "technical_review": []
      },
      "geometry": {
        "type": "Polygon",
        "coordinates": [
          [
            [
              -54.56086681309346,
              -16.466213503201537
            ],
            [
              -54.56077270683645,
              -16.466240879090147
            ],
            [
              -54.560826737927435,
              -16.46641392329127
            ],
            [
              -54.56092084426748,
              -16.46638654738894
            ],
            [
              -54.56086681309346,
              -16.466213503201537
            ]
          ]
        ]
      }
    },
    {
      "type": "Feature",
      "id": "Q14-L07",
      "properties": {
        "quadra": 14,
        "lote": 7,
        "area_m2": 210.11,
        "center": [
          -54.56075267,
          -16.46634109
        ],
        "source_polygon": "PLINHA-197",
        "geometry_source": "memorial_descritivo",
        "match_distance_m": 0.001,
        "perimeter_m": 61.02,
        "frontage_m": 10.5,
        "dimensions": [
          {
            "from": "465",
            "to": "468",
            "label": "Lote 16",
            "length_m": 10.5
          },
          {
            "from": "468",
            "to": "469",
            "label": "Lote 8",
            "length_m": 20.01
          },
          {
            "from": "469",
            "to": "466",
            "label": "Rua Projetada 4",
            "length_m": 10.5
          },
          {
            "from": "466",
            "to": "465",
            "label": "Lote 6",
            "length_m": 20.01
          }
        ],
        "access": {
          "longitude": -54.56077968,
          "latitude": -16.46642762,
          "label": "Rua Projetada 4",
          "frontage_m": 10.5,
          "confidence": "memorial"
        },
        "memorial_path": "memoriais/Q14/L07.pdf",
        "status_default": "nao_informado",
        "technical_review": []
      },
      "geometry": {
        "type": "Polygon",
        "coordinates": [
          [
            [
              -54.56077270683645,
              -16.466240879090147
            ],
            [
              -54.560678600671544,
              -16.466268245901034
            ],
            [
              -54.56073263145345,
              -16.46644130817943
            ],
            [
              -54.560826737927435,
              -16.46641392329127
            ],
            [
              -54.56077270683645,
              -16.466240879090147
            ]
          ]
        ]
      }
    },
    {
      "type": "Feature",
      "id": "Q14-L08",
      "properties": {
        "quadra": 14,
        "lote": 8,
        "area_m2": 210.12,
        "center": [
          -54.56065856,
          -16.46636846
        ],
        "source_polygon": "PLINHA-196",
        "geometry_source": "memorial_descritivo",
        "match_distance_m": 0.001,
        "perimeter_m": 61.02,
        "frontage_m": 10.5,
        "dimensions": [
          {
            "from": "468",
            "to": "471",
            "label": "Lote 17",
            "length_m": 10.5
          },
          {
            "from": "471",
            "to": "472",
            "label": "Lote 9",
            "length_m": 20.01
          },
          {
            "from": "472",
            "to": "469",
            "label": "Rua Projetada 4",
            "length_m": 10.5
          },
          {
            "from": "469",
            "to": "468",
            "label": "Lote 7",
            "length_m": 20.01
          }
        ],
        "access": {
          "longitude": -54.56068558,
          "latitude": -16.466455,
          "label": "Rua Projetada 4",
          "frontage_m": 10.5,
          "confidence": "memorial"
        },
        "memorial_path": "memoriais/Q14/L08.pdf",
        "status_default": "nao_informado",
        "technical_review": []
      },
      "geometry": {
        "type": "Polygon",
        "coordinates": [
          [
            [
              -54.560678600671544,
              -16.466268245901034
            ],
            [
              -54.56058449448572,
              -16.466295612665956
            ],
            [
              -54.5606385344316,
              -16.466468684098906
            ],
            [
              -54.56073263145345,
              -16.46644130817943
            ],
            [
              -54.560678600671544,
              -16.466268245901034
            ]
          ]
        ]
      }
    },
    {
      "type": "Feature",
      "id": "Q14-L09",
      "properties": {
        "quadra": 14,
        "lote": 9,
        "area_m2": 210.13,
        "center": [
          -54.56056446,
          -16.46639583
        ],
        "source_polygon": "PLINHA-193",
        "geometry_source": "memorial_descritivo",
        "match_distance_m": 0.0,
        "perimeter_m": 61.02,
        "frontage_m": 30.51,
        "dimensions": [
          {
            "from": "471",
            "to": "474",
            "label": "Lote 18",
            "length_m": 10.5
          },
          {
            "from": "474",
            "to": "475",
            "label": "Alameda Projetada 8",
            "length_m": 20.01
          },
          {
            "from": "475",
            "to": "472",
            "label": "Rua Projetada 4",
            "length_m": 10.5
          },
          {
            "from": "472",
            "to": "471",
            "label": "Lote 8",
            "length_m": 20.01
          }
        ],
        "access": {
          "longitude": -54.5605429,
          "latitude": -16.46643459,
          "label": "Alameda Projetada 8 / Rua Projetada 4",
          "frontage_m": 30.51,
          "confidence": "memorial"
        },
        "memorial_path": "memoriais/Q14/L09.pdf",
        "status_default": "nao_informado",
        "technical_review": []
      },
      "geometry": {
        "type": "Polygon",
        "coordinates": [
          [
            [
              -54.56058449448572,
              -16.466295612665956
            ],
            [
              -54.560490388278986,
              -16.466322979384934
            ],
            [
              -54.56054442802878,
              -16.46649605986338
            ],
            [
              -54.5606385344316,
              -16.466468684098906
            ],
            [
              -54.56058449448572,
              -16.466295612665956
            ]
          ]
        ]
      }
    },
    {
      "type": "Feature",
      "id": "Q14-L10",
      "properties": {
        "quadra": 14,
        "lote": 10,
        "area_m2": 243.74,
        "center": [
          -54.56127149,
          -16.46600502
        ],
        "source_polygon": "PLINHA-206",
        "geometry_source": "memorial_descritivo",
        "match_distance_m": 0.001,
        "perimeter_m": 62.68,
        "frontage_m": 22.68,
        "dimensions": [
          {
            "from": "446",
            "to": "447",
            "label": "Lote 11",
            "length_m": 20.0
          },
          {
            "from": "447",
            "to": "451",
            "label": "Lote 1",
            "length_m": 12.5
          },
          {
            "from": "451",
            "to": "444",
            "label": "Rua Projetada 01",
            "length_m": 15.78
          },
          {
            "from": "444",
            "to": "446",
            "label": "Rua Projetada 01",
            "length_m": 6.9
          }
        ],
        "access": {
          "longitude": -54.56130876,
          "latitude": -16.46598182,
          "label": "Rua Projetada 01",
          "frontage_m": 22.68,
          "confidence": "memorial"
        },
        "memorial_path": "memoriais/Q14/L10.pdf",
        "status_default": "nao_informado",
        "technical_review": []
      },
      "geometry": {
        "type": "Polygon",
        "coordinates": [
          [
            [
              -54.56125643974653,
              -16.465911513134554
            ],
            [
              -54.56118923320611,
              -16.465931063759765
            ],
            [
              -54.56124323757327,
              -16.46610402628286
            ],
            [
              -54.56135523277845,
              -16.466071456749404
            ],
            [
              -54.561312792910485,
              -16.465934896840032
            ],
            [
              -54.56125643974653,
              -16.465911513134554
            ]
          ]
        ]
      }
    },
    {
      "type": "Feature",
      "id": "Q14-L11",
      "properties": {
        "quadra": 14,
        "lote": 11,
        "area_m2": 210.0,
        "center": [
          -54.56116918,
          -16.46603123
        ],
        "source_polygon": "PLINHA-205",
        "geometry_source": "memorial_descritivo",
        "match_distance_m": 0.001,
        "perimeter_m": 61.0,
        "frontage_m": 10.5,
        "dimensions": [
          {
            "from": "446",
            "to": "452",
            "label": "Rua Projetada 3",
            "length_m": 10.5
          },
          {
            "from": "452",
            "to": "453",
            "label": "Lote 12",
            "length_m": 20.0
          },
          {
            "from": "453",
            "to": "447",
            "label": "Lote 2",
            "length_m": 10.5
          },
          {
            "from": "447",
            "to": "446",
            "label": "Lote 10",
            "length_m": 20.0
          }
        ],
        "access": {
          "longitude": -54.56114218,
          "latitude": -16.46594475,
          "label": "Rua Projetada 3",
          "frontage_m": 10.5,
          "confidence": "memorial"
        },
        "memorial_path": "memoriais/Q14/L11.pdf",
        "status_default": "nao_informado",
        "technical_review": []
      },
      "geometry": {
        "type": "Polygon",
        "coordinates": [
          [
            [
              -54.56118923320611,
              -16.465931063759765
            ],
            [
              -54.561095127228775,
              -16.465958430786717
            ],
            [
              -54.56114913139994,
              -16.46613140235529
            ],
            [
              -54.56124323757327,
              -16.46610402628286
            ],
            [
              -54.56118923320611,
              -16.465931063759765
            ]
          ]
        ]
      }
    },
    {
      "type": "Feature",
      "id": "Q14-L12",
      "properties": {
        "quadra": 14,
        "lote": 12,
        "area_m2": 210.0,
        "center": [
          -54.56107508,
          -16.4660586
        ],
        "source_polygon": "PLINHA-202",
        "geometry_source": "memorial_descritivo",
        "match_distance_m": 0.0,
        "perimeter_m": 61.0,
        "frontage_m": 10.5,
        "dimensions": [
          {
            "from": "452",
            "to": "455",
            "label": "Rua Projetada 3",
            "length_m": 10.5
          },
          {
            "from": "455",
            "to": "456",
            "label": "Lote 13",
            "length_m": 20.0
          },
          {
            "from": "456",
            "to": "453",
            "label": "Lote 3",
            "length_m": 10.5
          },
          {
            "from": "453",
            "to": "452",
            "label": "Lote 11",
            "length_m": 20.0
          }
        ],
        "access": {
          "longitude": -54.56104807,
          "latitude": -16.46597211,
          "label": "Rua Projetada 3",
          "frontage_m": 10.5,
          "confidence": "memorial"
        },
        "memorial_path": "memoriais/Q14/L12.pdf",
        "status_default": "nao_informado",
        "technical_review": []
      },
      "geometry": {
        "type": "Polygon",
        "coordinates": [
          [
            [
              -54.561095127228775,
              -16.465958430786717
            ],
            [
              -54.561001021230524,
              -16.465985797767704
            ],
            [
              -54.561055025318694,
              -16.466158769349992
            ],
            [
              -54.56114913139994,
              -16.46613140235529
            ],
            [
              -54.561095127228775,
              -16.465958430786717
            ]
          ]
        ]
      }
    },
    {
      "type": "Feature",
      "id": "Q14-L13",
      "properties": {
        "quadra": 14,
        "lote": 13,
        "area_m2": 210.0,
        "center": [
          -54.56098097,
          -16.46608597
        ],
        "source_polygon": "PLINHA-201",
        "geometry_source": "memorial_descritivo",
        "match_distance_m": 0.0,
        "perimeter_m": 61.0,
        "frontage_m": 10.5,
        "dimensions": [
          {
            "from": "455",
            "to": "458",
            "label": "Rua Projetada 3",
            "length_m": 10.5
          },
          {
            "from": "458",
            "to": "459",
            "label": "Lote 13",
            "length_m": 20.0
          },
          {
            "from": "459",
            "to": "456",
            "label": "Lote 3",
            "length_m": 10.5
          },
          {
            "from": "456",
            "to": "455",
            "label": "Lote 12",
            "length_m": 20.0
          }
        ],
        "access": {
          "longitude": -54.56095397,
          "latitude": -16.46599948,
          "label": "Rua Projetada 3",
          "frontage_m": 10.5,
          "confidence": "memorial"
        },
        "memorial_path": "memoriais/Q14/L13.pdf",
        "status_default": "nao_informado",
        "technical_review": []
      },
      "geometry": {
        "type": "Polygon",
        "coordinates": [
          [
            [
              -54.561001021230524,
              -16.465985797767704
            ],
            [
              -54.56090691521136,
              -16.466013164702744
            ],
            [
              -54.560960919216534,
              -16.466186136298745
            ],
            [
              -54.561055025318694,
              -16.466158769349992
            ],
            [
              -54.561001021230524,
              -16.465985797767704
            ]
          ]
        ]
      }
    },
    {
      "type": "Feature",
      "id": "Q14-L14",
      "properties": {
        "quadra": 14,
        "lote": 14,
        "area_m2": 210.0,
        "center": [
          -54.56088686,
          -16.46611334
        ],
        "source_polygon": "PLINHA-200",
        "geometry_source": "memorial_descritivo",
        "match_distance_m": 0.0,
        "perimeter_m": 61.0,
        "frontage_m": 10.5,
        "dimensions": [
          {
            "from": "458",
            "to": "461",
            "label": "Rua Projetada 3",
            "length_m": 10.5
          },
          {
            "from": "461",
            "to": "462",
            "label": "Lote 15",
            "length_m": 20.0
          },
          {
            "from": "462",
            "to": "459",
            "label": "Lote 5",
            "length_m": 10.5
          },
          {
            "from": "459",
            "to": "458",
            "label": "Lote 13",
            "length_m": 20.0
          }
        ],
        "access": {
          "longitude": -54.56085986,
          "latitude": -16.46602685,
          "label": "Rua Projetada 3",
          "frontage_m": 10.5,
          "confidence": "memorial"
        },
        "memorial_path": "memoriais/Q14/L14.pdf",
        "status_default": "nao_informado",
        "technical_review": []
      },
      "geometry": {
        "type": "Polygon",
        "coordinates": [
          [
            [
              -54.56090691521136,
              -16.466013164702744
            ],
            [
              -54.56081280905828,
              -16.466040540623606
            ],
            [
              -54.56086681309346,
              -16.466213503201537
            ],
            [
              -54.560960919216534,
              -16.466186136298745
            ],
            [
              -54.56090691521136,
              -16.466013164702744
            ]
          ]
        ]
      }
    },
    {
      "type": "Feature",
      "id": "Q14-L15",
      "properties": {
        "quadra": 14,
        "lote": 15,
        "area_m2": 210.0,
        "center": [
          -54.56079276,
          -16.46614071
        ],
        "source_polygon": "PLINHA-191",
        "geometry_source": "memorial_descritivo",
        "match_distance_m": 0.0,
        "perimeter_m": 61.0,
        "frontage_m": 10.5,
        "dimensions": [
          {
            "from": "461",
            "to": "464",
            "label": "Rua Projetada 3",
            "length_m": 10.5
          },
          {
            "from": "464",
            "to": "465",
            "label": "Lote 16",
            "length_m": 20.0
          },
          {
            "from": "465",
            "to": "462",
            "label": "Lote 6",
            "length_m": 10.5
          },
          {
            "from": "462",
            "to": "461",
            "label": "Lote 14",
            "length_m": 20.0
          }
        ],
        "access": {
          "longitude": -54.56076576,
          "latitude": -16.46605422,
          "label": "Rua Projetada 3",
          "frontage_m": 10.5,
          "confidence": "memorial"
        },
        "memorial_path": "memoriais/Q14/L15.pdf",
        "status_default": "nao_informado",
        "technical_review": []
      },
      "geometry": {
        "type": "Polygon",
        "coordinates": [
          [
            [
              -54.56081280905828,
              -16.466040540623606
            ],
            [
              -54.56071870299728,
              -16.466067907466723
            ],
            [
              -54.56077270683645,
              -16.466240879090147
            ],
            [
              -54.56086681309346,
              -16.466213503201537
            ],
            [
              -54.56081280905828,
              -16.466040540623606
            ]
          ]
        ]
      }
    },
    {
      "type": "Feature",
      "id": "Q14-L16",
      "properties": {
        "quadra": 14,
        "lote": 16,
        "area_m2": 210.0,
        "center": [
          -54.56069865,
          -16.46616808
        ],
        "source_polygon": "PLINHA-198",
        "geometry_source": "memorial_descritivo",
        "match_distance_m": 0.0,
        "perimeter_m": 61.0,
        "frontage_m": 10.5,
        "dimensions": [
          {
            "from": "464",
            "to": "467",
            "label": "Rua Projetada 3",
            "length_m": 10.5
          },
          {
            "from": "467",
            "to": "468",
            "label": "Lote 17",
            "length_m": 20.0
          },
          {
            "from": "468",
            "to": "465",
            "label": "Lote 7",
            "length_m": 10.5
          },
          {
            "from": "465",
            "to": "464",
            "label": "Lote 15",
            "length_m": 20.0
          }
        ],
        "access": {
          "longitude": -54.56067165,
          "latitude": -16.46608159,
          "label": "Rua Projetada 3",
          "frontage_m": 10.5,
          "confidence": "memorial"
        },
        "memorial_path": "memoriais/Q14/L16.pdf",
        "status_default": "nao_informado",
        "technical_review": []
      },
      "geometry": {
        "type": "Polygon",
        "coordinates": [
          [
            [
              -54.56071870299728,
              -16.466067907466723
            ],
            [
              -54.560624596915375,
              -16.466095274263903
            ],
            [
              -54.560678600671544,
              -16.466268245901034
            ],
            [
              -54.56077270683645,
              -16.466240879090147
            ],
            [
              -54.56071870299728,
              -16.466067907466723
            ]
          ]
        ]
      }
    },
    {
      "type": "Feature",
      "id": "Q14-L17",
      "properties": {
        "quadra": 14,
        "lote": 17,
        "area_m2": 210.0,
        "center": [
          -54.56060455,
          -16.46619544
        ],
        "source_polygon": "PLINHA-195",
        "geometry_source": "memorial_descritivo",
        "match_distance_m": 0.0,
        "perimeter_m": 61.0,
        "frontage_m": 10.5,
        "dimensions": [
          {
            "from": "467",
            "to": "470",
            "label": "Rua Projetada 3",
            "length_m": 10.5
          },
          {
            "from": "470",
            "to": "471",
            "label": "Lote 18",
            "length_m": 20.0
          },
          {
            "from": "471",
            "to": "468",
            "label": "Lote 8",
            "length_m": 10.5
          },
          {
            "from": "468",
            "to": "467",
            "label": "Lote 16",
            "length_m": 20.0
          }
        ],
        "access": {
          "longitude": -54.56057754,
          "latitude": -16.46610896,
          "label": "Rua Projetada 3",
          "frontage_m": 10.5,
          "confidence": "memorial"
        },
        "memorial_path": "memoriais/Q14/L17.pdf",
        "status_default": "nao_informado",
        "technical_review": []
      },
      "geometry": {
        "type": "Polygon",
        "coordinates": [
          [
            [
              -54.560624596915375,
              -16.466095274263903
            ],
            [
              -54.560530490812546,
              -16.46612264101512
            ],
            [
              -54.56058449448572,
              -16.466295612665956
            ],
            [
              -54.560678600671544,
              -16.466268245901034
            ],
            [
              -54.560624596915375,
              -16.466095274263903
            ]
          ]
        ]
      }
    },
    {
      "type": "Feature",
      "id": "Q14-L18",
      "properties": {
        "quadra": 14,
        "lote": 18,
        "area_m2": 210.0,
        "center": [
          -54.56051044,
          -16.46622281
        ],
        "source_polygon": "PLINHA-194",
        "geometry_source": "memorial_descritivo",
        "match_distance_m": 0.0,
        "perimeter_m": 61.0,
        "frontage_m": 30.5,
        "dimensions": [
          {
            "from": "470",
            "to": "473",
            "label": "Rua Projetada 3",
            "length_m": 10.5
          },
          {
            "from": "473",
            "to": "474",
            "label": "Alameda Projetada 8",
            "length_m": 20.0
          },
          {
            "from": "474",
            "to": "471",
            "label": "Lote 9",
            "length_m": 10.5
          },
          {
            "from": "471",
            "to": "470",
            "label": "Lote 17",
            "length_m": 20.0
          }
        ],
        "access": {
          "longitude": -54.56047029,
          "latitude": -16.46620201,
          "label": "Rua Projetada 3 / Alameda Projetada 8",
          "frontage_m": 30.5,
          "confidence": "memorial"
        },
        "memorial_path": "memoriais/Q14/L18.pdf",
        "status_default": "nao_informado",
        "technical_review": []
      },
      "geometry": {
        "type": "Polygon",
        "coordinates": [
          [
            [
              -54.560530490812546,
              -16.46612264101512
            ],
            [
              -54.56043638457578,
              -16.466150016752152
            ],
            [
              -54.560490388278986,
              -16.466322979384934
            ],
            [
              -54.56058449448572,
              -16.466295612665956
            ],
            [
              -54.560530490812546,
              -16.46612264101512
            ]
          ]
        ]
      }
    },
    {
      "type": "Feature",
      "id": "Q15-L01",
      "properties": {
        "quadra": 15,
        "lote": 1,
        "area_m2": 200.13,
        "center": [
          -54.56044571,
          -16.46643038
        ],
        "source_polygon": "PLINHA-219",
        "geometry_source": "memorial_descritivo",
        "match_distance_m": 0.001,
        "perimeter_m": 60.03,
        "frontage_m": 30.01,
        "dimensions": [
          {
            "from": "477",
            "to": "480",
            "label": "Lote 11",
            "length_m": 10.0
          },
          {
            "from": "480",
            "to": "481",
            "label": "Lote 2",
            "length_m": 20.01
          },
          {
            "from": "481",
            "to": "478",
            "label": "Rua Projetada 4",
            "length_m": 10.0
          },
          {
            "from": "478",
            "to": "477",
            "label": "Alameda Projetada 8",
            "length_m": 20.01
          }
        ],
        "access": {
          "longitude": -54.5604846,
          "latitude": -16.46645053,
          "label": "Rua Projetada 4 / Alameda Projetada 8",
          "frontage_m": 30.01,
          "confidence": "memorial"
        },
        "memorial_path": "memoriais/Q15/L01.pdf",
        "status_default": "nao_informado",
        "technical_review": []
      },
      "geometry": {
        "type": "Polygon",
        "coordinates": [
          [
            [
              -54.560463498032476,
              -16.46633080485916
            ],
            [
              -54.56037387348888,
              -16.466356868781084
            ],
            [
              -54.56042792238284,
              -16.466529958417365
            ],
            [
              -54.56051754711858,
              -16.4665038854506
            ],
            [
              -54.560463498032476,
              -16.46633080485916
            ]
          ]
        ]
      }
    },
    {
      "type": "Feature",
      "id": "Q15-L02",
      "properties": {
        "quadra": 15,
        "lote": 2,
        "area_m2": 200.14,
        "center": [
          -54.56035609,
          -16.46645645
        ],
        "source_polygon": "PLINHA-216",
        "geometry_source": "memorial_descritivo",
        "match_distance_m": 0.0,
        "perimeter_m": 60.03,
        "frontage_m": 10.0,
        "dimensions": [
          {
            "from": "480",
            "to": "483",
            "label": "Lote 12",
            "length_m": 10.0
          },
          {
            "from": "483",
            "to": "484",
            "label": "Lote 3",
            "length_m": 20.01
          },
          {
            "from": "484",
            "to": "481",
            "label": "Rua Projetada 4",
            "length_m": 10.0
          },
          {
            "from": "481",
            "to": "480",
            "label": "Lote 1",
            "length_m": 20.01
          }
        ],
        "access": {
          "longitude": -54.56038311,
          "latitude": -16.466543,
          "label": "Rua Projetada 4",
          "frontage_m": 10.0,
          "confidence": "memorial"
        },
        "memorial_path": "memoriais/Q15/L02.pdf",
        "status_default": "nao_informado",
        "technical_review": []
      },
      "geometry": {
        "type": "Polygon",
        "coordinates": [
          [
            [
              -54.56037387348888,
              -16.466356868781084
            ],
            [
              -54.5602842489263,
              -16.466382932661325
            ],
            [
              -54.56033829762813,
              -16.466556031342453
            ],
            [
              -54.56042792238284,
              -16.466529958417365
            ],
            [
              -54.56037387348888,
              -16.466356868781084
            ]
          ]
        ]
      }
    },
    {
      "type": "Feature",
      "id": "Q15-L03",
      "properties": {
        "quadra": 15,
        "lote": 3,
        "area_m2": 200.15,
        "center": [
          -54.56026646,
          -16.46648252
        ],
        "source_polygon": "PLINHA-215",
        "geometry_source": "memorial_descritivo",
        "match_distance_m": 0.0,
        "perimeter_m": 60.03,
        "frontage_m": 10.0,
        "dimensions": [
          {
            "from": "483",
            "to": "486",
            "label": "Lote 13",
            "length_m": 10.0
          },
          {
            "from": "486",
            "to": "487",
            "label": "Lote 14",
            "length_m": 20.02
          },
          {
            "from": "487",
            "to": "484",
            "label": "Rua Projetada 4",
            "length_m": 10.0
          },
          {
            "from": "484",
            "to": "483",
            "label": "Lote 2",
            "length_m": 20.01
          }
        ],
        "access": {
          "longitude": -54.56029349,
          "latitude": -16.46656907,
          "label": "Rua Projetada 4",
          "frontage_m": 10.0,
          "confidence": "memorial"
        },
        "memorial_path": "memoriais/Q15/L03.pdf",
        "status_default": "nao_informado",
        "technical_review": []
      },
      "geometry": {
        "type": "Polygon",
        "coordinates": [
          [
            [
              -54.5602842489263,
              -16.466382932661325
            ],
            [
              -54.56019462434477,
              -16.466408996499887
            ],
            [
              -54.560248672854435,
              -16.46658210422585
            ],
            [
              -54.56033829762813,
              -16.466556031342453
            ],
            [
              -54.5602842489263,
              -16.466382932661325
            ]
          ]
        ]
      }
    },
    {
      "type": "Feature",
      "id": "Q15-L04",
      "properties": {
        "quadra": 15,
        "lote": 4,
        "area_m2": 200.16,
        "center": [
          -54.56017684,
          -16.46650858
        ],
        "source_polygon": "PLINHA-212",
        "geometry_source": "memorial_descritivo",
        "match_distance_m": 0.001,
        "perimeter_m": 60.03,
        "frontage_m": 10.0,
        "dimensions": [
          {
            "from": "486",
            "to": "489",
            "label": "Lote 14",
            "length_m": 10.0
          },
          {
            "from": "489",
            "to": "490",
            "label": "Lote 5",
            "length_m": 20.02
          },
          {
            "from": "490",
            "to": "487",
            "label": "Rua Projetada 4",
            "length_m": 10.0
          },
          {
            "from": "487",
            "to": "486",
            "label": "Lote 3",
            "length_m": 20.02
          }
        ],
        "access": {
          "longitude": -54.56020387,
          "latitude": -16.46659514,
          "label": "Rua Projetada 4",
          "frontage_m": 10.0,
          "confidence": "memorial"
        },
        "memorial_path": "memoriais/Q15/L04.pdf",
        "status_default": "nao_informado",
        "technical_review": []
      },
      "geometry": {
        "type": "Polygon",
        "coordinates": [
          [
            [
              -54.56019462434477,
              -16.466408996499887
            ],
            [
              -54.560104999744254,
              -16.466435060296757
            ],
            [
              -54.56015905742181,
              -16.466608177176653
            ],
            [
              -54.560248672854435,
              -16.46658210422585
            ],
            [
              -54.56019462434477,
              -16.466408996499887
            ]
          ]
        ]
      }
    },
    {
      "type": "Feature",
      "id": "Q15-L05",
      "properties": {
        "quadra": 15,
        "lote": 5,
        "area_m2": 200.17,
        "center": [
          -54.56008722,
          -16.46653466
        ],
        "source_polygon": "PLINHA-211",
        "geometry_source": "memorial_descritivo",
        "match_distance_m": 0.001,
        "perimeter_m": 60.03,
        "frontage_m": 10.0,
        "dimensions": [
          {
            "from": "489",
            "to": "492",
            "label": "Lote 15",
            "length_m": 10.0
          },
          {
            "from": "492",
            "to": "493",
            "label": "Lote 6",
            "length_m": 20.02
          },
          {
            "from": "493",
            "to": "490",
            "label": "Rua Projetada 4",
            "length_m": 10.0
          },
          {
            "from": "490",
            "to": "489",
            "label": "Lote 4",
            "length_m": 20.02
          }
        ],
        "access": {
          "longitude": -54.56011425,
          "latitude": -16.46662121,
          "label": "Rua Projetada 4",
          "frontage_m": 10.0,
          "confidence": "memorial"
        },
        "memorial_path": "memoriais/Q15/L05.pdf",
        "status_default": "nao_informado",
        "technical_review": []
      },
      "geometry": {
        "type": "Polygon",
        "coordinates": [
          [
            [
              -54.560104999744254,
              -16.466435060296757
            ],
            [
              -54.56001537501173,
              -16.46646113308372
            ],
            [
              -54.56006943261016,
              -16.46663424997668
            ],
            [
              -54.56015905742181,
              -16.466608177176653
            ],
            [
              -54.560104999744254,
              -16.466435060296757
            ]
          ]
        ]
      }
    },
    {
      "type": "Feature",
      "id": "Q15-L06",
      "properties": {
        "quadra": 15,
        "lote": 6,
        "area_m2": 200.18,
        "center": [
          -54.55999759,
          -16.46656073
        ],
        "source_polygon": "PLINHA-227",
        "geometry_source": "memorial_descritivo",
        "match_distance_m": 0.001,
        "perimeter_m": 60.04,
        "frontage_m": 10.0,
        "dimensions": [
          {
            "from": "492",
            "to": "495",
            "label": "Lote 16",
            "length_m": 10.0
          },
          {
            "from": "495",
            "to": "496",
            "label": "Lote 7",
            "length_m": 20.02
          },
          {
            "from": "496",
            "to": "493",
            "label": "Rua Projetada 4",
            "length_m": 10.0
          },
          {
            "from": "493",
            "to": "492",
            "label": "Lote 5",
            "length_m": 20.02
          }
        ],
        "access": {
          "longitude": -54.56002462,
          "latitude": -16.46664729,
          "label": "Rua Projetada 4",
          "frontage_m": 10.0,
          "confidence": "memorial"
        },
        "memorial_path": "memoriais/Q15/L06.pdf",
        "status_default": "nao_informado",
        "technical_review": []
      },
      "geometry": {
        "type": "Polygon",
        "coordinates": [
          [
            [
              -54.56001537501173,
              -16.46646113308372
            ],
            [
              -54.55992575037328,
              -16.466487196797228
            ],
            [
              -54.55997980777954,
              -16.466660322735027
            ],
            [
              -54.56006943261016,
              -16.46663424997668
            ],
            [
              -54.56001537501173,
              -16.46646113308372
            ]
          ]
        ]
      }
    },
    {
      "type": "Feature",
      "id": "Q15-L07",
      "properties": {
        "quadra": 15,
        "lote": 7,
        "area_m2": 200.19,
        "center": [
          -54.55990797,
          -16.46658679
        ],
        "source_polygon": "PLINHA-226",
        "geometry_source": "memorial_descritivo",
        "match_distance_m": 0.001,
        "perimeter_m": 60.04,
        "frontage_m": 10.0,
        "dimensions": [
          {
            "from": "495",
            "to": "498",
            "label": "Lote 17",
            "length_m": 10.0
          },
          {
            "from": "498",
            "to": "499",
            "label": "Lote 8",
            "length_m": 20.02
          },
          {
            "from": "499",
            "to": "496",
            "label": "Rua Projetada 4",
            "length_m": 10.0
          },
          {
            "from": "496",
            "to": "495",
            "label": "Lote 6",
            "length_m": 20.02
          }
        ],
        "access": {
          "longitude": -54.559935,
          "latitude": -16.46667336,
          "label": "Rua Projetada 4",
          "frontage_m": 10.0,
          "confidence": "memorial"
        },
        "memorial_path": "memoriais/Q15/L07.pdf",
        "status_default": "nao_informado",
        "technical_review": []
      },
      "geometry": {
        "type": "Polygon",
        "coordinates": [
          [
            [
              -54.55992575037328,
              -16.466487196797228
            ],
            [
              -54.55983612571586,
              -16.46651326046905
            ],
            [
              -54.559890182929934,
              -16.466686395451696
            ],
            [
              -54.55997980777954,
              -16.466660322735027
            ],
            [
              -54.55992575037328,
              -16.466487196797228
            ]
          ]
        ]
      }
    },
    {
      "type": "Feature",
      "id": "Q15-L08",
      "properties": {
        "quadra": 15,
        "lote": 8,
        "area_m2": 200.2,
        "center": [
          -54.55981834,
          -16.46661286
        ],
        "source_polygon": "PLINHA-224",
        "geometry_source": "memorial_descritivo",
        "match_distance_m": 0.001,
        "perimeter_m": 60.04,
        "frontage_m": 10.0,
        "dimensions": [
          {
            "from": "498",
            "to": "501",
            "label": "Lote 18",
            "length_m": 10.0
          },
          {
            "from": "501",
            "to": "502",
            "label": "Lote 9",
            "length_m": 20.02
          },
          {
            "from": "502",
            "to": "499",
            "label": "Rua Projetada 4",
            "length_m": 10.0
          },
          {
            "from": "499",
            "to": "498",
            "label": "Lote 7",
            "length_m": 20.02
          }
        ],
        "access": {
          "longitude": -54.55984538,
          "latitude": -16.46669943,
          "label": "Rua Projetada 4",
          "frontage_m": 10.0,
          "confidence": "memorial"
        },
        "memorial_path": "memoriais/Q15/L08.pdf",
        "status_default": "nao_informado",
        "technical_review": []
      },
      "geometry": {
        "type": "Polygon",
        "coordinates": [
          [
            [
              -54.55983612571586,
              -16.46651326046905
            ],
            [
              -54.55974650103948,
              -16.466539324099184
            ],
            [
              -54.5598005674214,
              -16.466712468235766
            ],
            [
              -54.559890182929934,
              -16.466686395451696
            ],
            [
              -54.55983612571586,
              -16.46651326046905
            ]
          ]
        ]
      }
    },
    {
      "type": "Feature",
      "id": "Q15-L09",
      "properties": {
        "quadra": 15,
        "lote": 9,
        "area_m2": 200.21,
        "center": [
          -54.55972872,
          -16.46663893
        ],
        "source_polygon": "PLINHA-222",
        "geometry_source": "memorial_descritivo",
        "match_distance_m": 0.001,
        "perimeter_m": 60.04,
        "frontage_m": 10.0,
        "dimensions": [
          {
            "from": "501",
            "to": "504",
            "label": "Lote 19",
            "length_m": 10.0
          },
          {
            "from": "504",
            "to": "505",
            "label": "Lote 10",
            "length_m": 20.02
          },
          {
            "from": "505",
            "to": "502",
            "label": "Rua Projetada 4",
            "length_m": 10.0
          },
          {
            "from": "502",
            "to": "501",
            "label": "Lote 8",
            "length_m": 20.02
          }
        ],
        "access": {
          "longitude": -54.55975576,
          "latitude": -16.46672551,
          "label": "Rua Projetada 4",
          "frontage_m": 10.0,
          "confidence": "memorial"
        },
        "memorial_path": "memoriais/Q15/L09.pdf",
        "status_default": "nao_informado",
        "technical_review": []
      },
      "geometry": {
        "type": "Polygon",
        "coordinates": [
          [
            [
              -54.55974650103948,
              -16.466539324099184
            ],
            [
              -54.55965687634413,
              -16.46656538768763
            ],
            [
              -54.55971094242078,
              -16.466738549900835
            ],
            [
              -54.5598005674214,
              -16.466712468235766
            ],
            [
              -54.55974650103948,
              -16.466539324099184
            ]
          ]
        ]
      }
    },
    {
      "type": "Feature",
      "id": "Q15-L10",
      "properties": {
        "quadra": 15,
        "lote": 10,
        "area_m2": 394.95,
        "center": [
          -54.55959779,
          -16.46668073
        ],
        "source_polygon": "PLINHA-54",
        "geometry_source": "memorial_descritivo",
        "match_distance_m": 0.001,
        "perimeter_m": 77.88,
        "frontage_m": 42.1,
        "dimensions": [
          {
            "from": "504",
            "to": "508",
            "label": "Lote 20",
            "length_m": 15.76
          },
          {
            "from": "508",
            "to": "510",
            "label": "Rua Projetada 12",
            "length_m": 15.75
          },
          {
            "from": "510",
            "to": "511",
            "label": "Rua Projetada 12",
            "length_m": 7.93
          },
          {
            "from": "511",
            "to": "505",
            "label": "Rua Projetada 4",
            "length_m": 18.42
          },
          {
            "from": "505",
            "to": "504",
            "label": "Lote 9",
            "length_m": 20.02
          }
        ],
        "access": {
          "longitude": -54.55956283,
          "latitude": -16.4667314,
          "label": "Rua Projetada 12 / Rua Projetada 4",
          "frontage_m": 42.1,
          "confidence": "memorial"
        },
        "memorial_path": "memoriais/Q15/L10.pdf",
        "status_default": "nao_informado",
        "technical_review": [
          "área memorial 394.95, KML [394.83]"
        ]
      },
      "geometry": {
        "type": "Polygon",
        "coordinates": [
          [
            [
              -54.55965687634413,
              -16.46656538768763
            ],
            [
              -54.559515558444446,
              -16.466606367476153
            ],
            [
              -54.559497912862604,
              -16.466747628950746
            ],
            [
              -54.55954589880255,
              -16.46678656090064
            ],
            [
              -54.55971094242078,
              -16.466738549900835
            ],
            [
              -54.55965687634413,
              -16.46656538768763
            ]
          ]
        ]
      }
    },
    {
      "type": "Feature",
      "id": "Q15-L11",
      "properties": {
        "quadra": 15,
        "lote": 11,
        "area_m2": 200.0,
        "center": [
          -54.56039168,
          -16.46625735
        ],
        "source_polygon": "PLINHA-218",
        "geometry_source": "memorial_descritivo",
        "match_distance_m": 0.001,
        "perimeter_m": 60.0,
        "frontage_m": 30.0,
        "dimensions": [
          {
            "from": "476",
            "to": "479",
            "label": "Rua Projetada 3",
            "length_m": 10.0
          },
          {
            "from": "479",
            "to": "480",
            "label": "Lote 12",
            "length_m": 20.0
          },
          {
            "from": "480",
            "to": "477",
            "label": "Lote 1",
            "length_m": 10.0
          },
          {
            "from": "477",
            "to": "476",
            "label": "Alameda Projetada 8",
            "length_m": 20.0
          }
        ],
        "access": {
          "longitude": -54.56041256,
          "latitude": -16.46621983,
          "label": "Rua Projetada 3 / Alameda Projetada 8",
          "frontage_m": 30.0,
          "confidence": "memorial"
        },
        "memorial_path": "memoriais/Q15/L11.pdf",
        "status_default": "nao_informado",
        "technical_review": []
      },
      "geometry": {
        "type": "Polygon",
        "coordinates": [
          [
            [
              -54.56040949446602,
              -16.46615783319069
            ],
            [
              -54.560319870001464,
              -16.466183897099555
            ],
            [
              -54.56037387348888,
              -16.466356868781084
            ],
            [
              -54.560463498032476,
              -16.46633080485916
            ],
            [
              -54.56040949446602,
              -16.46615783319069
            ]
          ]
        ]
      }
    },
    {
      "type": "Feature",
      "id": "Q15-L12",
      "properties": {
        "quadra": 15,
        "lote": 12,
        "area_m2": 200.0,
        "center": [
          -54.56030206,
          -16.46628341
        ],
        "source_polygon": "PLINHA-217",
        "geometry_source": "memorial_descritivo",
        "match_distance_m": 0.0,
        "perimeter_m": 60.0,
        "frontage_m": 10.0,
        "dimensions": [
          {
            "from": "479",
            "to": "482",
            "label": "Rua Projetada 3",
            "length_m": 10.0
          },
          {
            "from": "482",
            "to": "483",
            "label": "Lote 13",
            "length_m": 20.0
          },
          {
            "from": "483",
            "to": "480",
            "label": "Lote 2",
            "length_m": 10.0
          },
          {
            "from": "480",
            "to": "479",
            "label": "Lote 11",
            "length_m": 20.0
          }
        ],
        "access": {
          "longitude": -54.56027506,
          "latitude": -16.46619693,
          "label": "Rua Projetada 3",
          "frontage_m": 10.0,
          "confidence": "memorial"
        },
        "memorial_path": "memoriais/Q15/L12.pdf",
        "status_default": "nao_informado",
        "technical_review": []
      },
      "geometry": {
        "type": "Polygon",
        "coordinates": [
          [
            [
              -54.560319870001464,
              -16.466183897099555
            ],
            [
              -54.56023024551795,
              -16.466209960966744
            ],
            [
              -54.5602842489263,
              -16.466382932661325
            ],
            [
              -54.56037387348888,
              -16.466356868781084
            ],
            [
              -54.560319870001464,
              -16.466183897099555
            ]
          ]
        ]
      }
    },
    {
      "type": "Feature",
      "id": "Q15-L13",
      "properties": {
        "quadra": 15,
        "lote": 13,
        "area_m2": 200.0,
        "center": [
          -54.56021244,
          -16.46630948
        ],
        "source_polygon": "PLINHA-214",
        "geometry_source": "memorial_descritivo",
        "match_distance_m": 0.001,
        "perimeter_m": 60.0,
        "frontage_m": 10.0,
        "dimensions": [
          {
            "from": "482",
            "to": "485",
            "label": "Rua Projetada 3",
            "length_m": 10.0
          },
          {
            "from": "485",
            "to": "486",
            "label": "Lote 14",
            "length_m": 20.0
          },
          {
            "from": "486",
            "to": "483",
            "label": "Lote 3",
            "length_m": 10.0
          },
          {
            "from": "483",
            "to": "482",
            "label": "Lote 12",
            "length_m": 20.0
          }
        ],
        "access": {
          "longitude": -54.56018543,
          "latitude": -16.466223,
          "label": "Rua Projetada 3",
          "frontage_m": 10.0,
          "confidence": "memorial"
        },
        "memorial_path": "memoriais/Q15/L13.pdf",
        "status_default": "nao_informado",
        "technical_review": []
      },
      "geometry": {
        "type": "Polygon",
        "coordinates": [
          [
            [
              -54.56023024551795,
              -16.466209960966744
            ],
            [
              -54.56014062090241,
              -16.466236033824018
            ],
            [
              -54.56019462434477,
              -16.466408996499887
            ],
            [
              -54.5602842489263,
              -16.466382932661325
            ],
            [
              -54.56023024551795,
              -16.466209960966744
            ]
          ]
        ]
      }
    },
    {
      "type": "Feature",
      "id": "Q15-L14",
      "properties": {
        "quadra": 15,
        "lote": 14,
        "area_m2": 200.0,
        "center": [
          -54.56012281,
          -16.46633555
        ],
        "source_polygon": "PLINHA-213",
        "geometry_source": "memorial_descritivo",
        "match_distance_m": 0.001,
        "perimeter_m": 60.0,
        "frontage_m": 10.0,
        "dimensions": [
          {
            "from": "485",
            "to": "488",
            "label": "Rua Projetada 3",
            "length_m": 10.0
          },
          {
            "from": "488",
            "to": "489",
            "label": "Lote 15",
            "length_m": 20.0
          },
          {
            "from": "489",
            "to": "486",
            "label": "Lote 4",
            "length_m": 10.0
          },
          {
            "from": "486",
            "to": "485",
            "label": "Lote 13",
            "length_m": 20.0
          }
        ],
        "access": {
          "longitude": -54.56009581,
          "latitude": -16.46624907,
          "label": "Rua Projetada 3",
          "frontage_m": 10.0,
          "confidence": "memorial"
        },
        "memorial_path": "memoriais/Q15/L14.pdf",
        "status_default": "nao_informado",
        "technical_review": []
      },
      "geometry": {
        "type": "Polygon",
        "coordinates": [
          [
            [
              -54.56014062090241,
              -16.466236033824018
            ],
            [
              -54.560050996380944,
              -16.466262097607835
            ],
            [
              -54.560104999744254,
              -16.466435060296757
            ],
            [
              -54.56019462434477,
              -16.466408996499887
            ],
            [
              -54.56014062090241,
              -16.466236033824018
            ]
          ]
        ]
      }
    },
    {
      "type": "Feature",
      "id": "Q15-L15",
      "properties": {
        "quadra": 15,
        "lote": 15,
        "area_m2": 200.0,
        "center": [
          -54.56003319,
          -16.46636161
        ],
        "source_polygon": "PLINHA-210",
        "geometry_source": "memorial_descritivo",
        "match_distance_m": 0.001,
        "perimeter_m": 60.0,
        "frontage_m": 30.0,
        "dimensions": [
          {
            "from": "488",
            "to": "491",
            "label": "Rua Projetada 3",
            "length_m": 10.0
          },
          {
            "from": "491",
            "to": "492",
            "label": "Lote 16",
            "length_m": 20.0
          },
          {
            "from": "492",
            "to": "489",
            "label": "Lote 5",
            "length_m": 10.0
          },
          {
            "from": "489",
            "to": "488",
            "label": "Rua Projetada 14",
            "length_m": 20.0
          }
        ],
        "access": {
          "longitude": -54.56005406,
          "latitude": -16.4663241,
          "label": "Rua Projetada 3 / Rua Projetada 14",
          "frontage_m": 30.0,
          "confidence": "memorial"
        },
        "memorial_path": "memoriais/Q15/L15.pdf",
        "status_default": "nao_informado",
        "technical_review": []
      },
      "geometry": {
        "type": "Polygon",
        "coordinates": [
          [
            [
              -54.560050996380944,
              -16.466262097607835
            ],
            [
              -54.559961371840515,
              -16.466288161349972
            ],
            [
              -54.56001537501173,
              -16.46646113308372
            ],
            [
              -54.560104999744254,
              -16.466435060296757
            ],
            [
              -54.560050996380944,
              -16.466262097607835
            ]
          ]
        ]
      }
    },
    {
      "type": "Feature",
      "id": "Q15-L16",
      "properties": {
        "quadra": 15,
        "lote": 16,
        "area_m2": 200.0,
        "center": [
          -54.55994356,
          -16.46638768
        ],
        "source_polygon": "PLINHA-209",
        "geometry_source": "memorial_descritivo",
        "match_distance_m": 0.001,
        "perimeter_m": 60.0,
        "frontage_m": 10.0,
        "dimensions": [
          {
            "from": "491",
            "to": "494",
            "label": "Rua Projetada 3",
            "length_m": 10.0
          },
          {
            "from": "494",
            "to": "495",
            "label": "Lote 17",
            "length_m": 20.0
          },
          {
            "from": "495",
            "to": "492",
            "label": "Lote 6",
            "length_m": 10.0
          },
          {
            "from": "492",
            "to": "491",
            "label": "Lote 15",
            "length_m": 20.0
          }
        ],
        "access": {
          "longitude": -54.55991656,
          "latitude": -16.46630119,
          "label": "Rua Projetada 3",
          "frontage_m": 10.0,
          "confidence": "memorial"
        },
        "memorial_path": "memoriais/Q15/L16.pdf",
        "status_default": "nao_informado",
        "technical_review": []
      },
      "geometry": {
        "type": "Polygon",
        "coordinates": [
          [
            [
              -54.559961371840515,
              -16.466288161349972
            ],
            [
              -54.559871747281115,
              -16.46631422505043
            ],
            [
              -54.55992575037328,
              -16.466487196797228
            ],
            [
              -54.56001537501173,
              -16.46646113308372
            ],
            [
              -54.559961371840515,
              -16.466288161349972
            ]
          ]
        ]
      }
    },
    {
      "type": "Feature",
      "id": "Q15-L17",
      "properties": {
        "quadra": 15,
        "lote": 17,
        "area_m2": 200.0,
        "center": [
          -54.55985394,
          -16.46641374
        ],
        "source_polygon": "PLINHA-225",
        "geometry_source": "memorial_descritivo",
        "match_distance_m": 0.0,
        "perimeter_m": 60.0,
        "frontage_m": 10.0,
        "dimensions": [
          {
            "from": "494",
            "to": "497",
            "label": "Rua Projetada 3",
            "length_m": 10.0
          },
          {
            "from": "497",
            "to": "498",
            "label": "Lote 18",
            "length_m": 20.0
          },
          {
            "from": "498",
            "to": "495",
            "label": "Lote 6",
            "length_m": 10.0
          },
          {
            "from": "495",
            "to": "494",
            "label": "Lote 16",
            "length_m": 20.0
          }
        ],
        "access": {
          "longitude": -54.55982694,
          "latitude": -16.46632726,
          "label": "Rua Projetada 3",
          "frontage_m": 10.0,
          "confidence": "memorial"
        },
        "memorial_path": "memoriais/Q15/L17.pdf",
        "status_default": "nao_informado",
        "technical_review": []
      },
      "geometry": {
        "type": "Polygon",
        "coordinates": [
          [
            [
              -54.559871747281115,
              -16.46631422505043
            ],
            [
              -54.55978212270275,
              -16.466340288709194
            ],
            [
              -54.55983612571586,
              -16.46651326046905
            ],
            [
              -54.55992575037328,
              -16.466487196797228
            ],
            [
              -54.559871747281115,
              -16.46631422505043
            ]
          ]
        ]
      }
    },
    {
      "type": "Feature",
      "id": "Q15-L18",
      "properties": {
        "quadra": 15,
        "lote": 18,
        "area_m2": 200.0,
        "center": [
          -54.55976431,
          -16.46643981
        ],
        "source_polygon": "PLINHA-223",
        "geometry_source": "memorial_descritivo",
        "match_distance_m": 0.0,
        "perimeter_m": 60.0,
        "frontage_m": 10.0,
        "dimensions": [
          {
            "from": "497",
            "to": "500",
            "label": "Rua Projetada 3",
            "length_m": 10.0
          },
          {
            "from": "500",
            "to": "501",
            "label": "Lote 18",
            "length_m": 20.0
          },
          {
            "from": "501",
            "to": "498",
            "label": "Lote 7",
            "length_m": 10.0
          },
          {
            "from": "498",
            "to": "497",
            "label": "Lote 17",
            "length_m": 20.0
          }
        ],
        "access": {
          "longitude": -54.55973731,
          "latitude": -16.46635332,
          "label": "Rua Projetada 3",
          "frontage_m": 10.0,
          "confidence": "memorial"
        },
        "memorial_path": "memoriais/Q15/L18.pdf",
        "status_default": "nao_informado",
        "technical_review": []
      },
      "geometry": {
        "type": "Polygon",
        "coordinates": [
          [
            [
              -54.55978212270275,
              -16.466340288709194
            ],
            [
              -54.55969249810541,
              -16.46636635232627
            ],
            [
              -54.55974650103948,
              -16.466539324099184
            ],
            [
              -54.55983612571586,
              -16.46651326046905
            ],
            [
              -54.55978212270275,
              -16.466340288709194
            ]
          ]
        ]
      }
    },
    {
      "type": "Feature",
      "id": "Q15-L19",
      "properties": {
        "quadra": 15,
        "lote": 19,
        "area_m2": 200.0,
        "center": [
          -54.55967469,
          -16.46646587
        ],
        "source_polygon": "PLINHA-221",
        "geometry_source": "memorial_descritivo",
        "match_distance_m": 0.0,
        "perimeter_m": 60.0,
        "frontage_m": 10.0,
        "dimensions": [
          {
            "from": "500",
            "to": "503",
            "label": "Rua Projetada 3",
            "length_m": 10.0
          },
          {
            "from": "503",
            "to": "504",
            "label": "Lote 20",
            "length_m": 20.0
          },
          {
            "from": "504",
            "to": "501",
            "label": "Lote 9",
            "length_m": 10.0
          },
          {
            "from": "501",
            "to": "500",
            "label": "Lote 18",
            "length_m": 20.0
          }
        ],
        "access": {
          "longitude": -54.55964769,
          "latitude": -16.46637939,
          "label": "Rua Projetada 3",
          "frontage_m": 10.0,
          "confidence": "memorial"
        },
        "memorial_path": "memoriais/Q15/L19.pdf",
        "status_default": "nao_informado",
        "technical_review": []
      },
      "geometry": {
        "type": "Polygon",
        "coordinates": [
          [
            [
              -54.55969249810541,
              -16.46636635232627
            ],
            [
              -54.55960287337604,
              -16.466392424933442
            ],
            [
              -54.55965687634413,
              -16.46656538768763
            ],
            [
              -54.55974650103948,
              -16.466539324099184
            ],
            [
              -54.55969249810541,
              -16.46636635232627
            ]
          ]
        ]
      }
    },
    {
      "type": "Feature",
      "id": "Q15-L20",
      "properties": {
        "quadra": 15,
        "lote": 20,
        "area_m2": 226.36,
        "center": [
          -54.55958027,
          -16.46650679
        ],
        "source_polygon": "PLINHA-220",
        "geometry_source": "memorial_descritivo",
        "match_distance_m": 0.001,
        "perimeter_m": 63.99,
        "frontage_m": 29.34,
        "dimensions": [
          {
            "from": "503",
            "to": "506",
            "label": "Rua Projetada 3",
            "length_m": 4.38
          },
          {
            "from": "506",
            "to": "507",
            "label": "Rua Projetada 3",
            "length_m": 4.63
          },
          {
            "from": "507",
            "to": "508",
            "label": "Rua Projetada 12",
            "length_m": 20.33
          },
          {
            "from": "508",
            "to": "504",
            "label": "Lote 10",
            "length_m": 15.76
          },
          {
            "from": "504",
            "to": "503",
            "label": "Lote 19",
            "length_m": 20.0
          }
        ],
        "access": {
          "longitude": -54.55953866,
          "latitude": -16.46648603,
          "label": "Rua Projetada 3 / Rua Projetada 12",
          "frontage_m": 29.34,
          "confidence": "memorial"
        },
        "memorial_path": "memoriais/Q15/L20.pdf",
        "status_default": "nao_informado",
        "technical_review": []
      },
      "geometry": {
        "type": "Polygon",
        "coordinates": [
          [
            [
              -54.55960287337604,
              -16.466392424933442
            ],
            [
              -54.55956359041202,
              -16.466403845523814
            ],
            [
              -54.55953721507809,
              -16.466434096998338
            ],
            [
              -54.559515558444446,
              -16.466606367476153
            ],
            [
              -54.55965687634413,
              -16.46656538768763
            ],
            [
              -54.55960287337604,
              -16.466392424933442
            ]
          ]
        ]
      }
    },
    {
      "type": "Feature",
      "id": "Q16-L01",
      "properties": {
        "quadra": 16,
        "lote": 1,
        "area_m2": 226.79,
        "center": [
          -54.56117966,
          -16.4656948
        ],
        "source_polygon": "PLINHA-100",
        "geometry_source": "memorial_descritivo",
        "match_distance_m": 0.001,
        "perimeter_m": 61.32,
        "frontage_m": 31.58,
        "dimensions": [
          {
            "from": "556",
            "to": "557",
            "label": "Lote 10",
            "length_m": 11.5
          },
          {
            "from": "557",
            "to": "553",
            "label": "Lote 2",
            "length_m": 20.02
          },
          {
            "from": "553",
            "to": "554",
            "label": "Rua Projetada 3",
            "length_m": 7.43
          },
          {
            "from": "554",
            "to": "555",
            "label": "Rua Projetada 3",
            "length_m": 6.36
          },
          {
            "from": "555",
            "to": "556",
            "label": "Rua Projetada 1",
            "length_m": 17.79
          }
        ],
        "access": {
          "longitude": -54.56122107,
          "latitude": -16.46571251,
          "label": "Rua Projetada 3 / Rua Projetada 1",
          "frontage_m": 31.58,
          "confidence": "memorial"
        },
        "memorial_path": "memoriais/Q16/L01.pdf",
        "status_default": "nao_informado",
        "technical_review": []
      },
      "geometry": {
        "type": "Polygon",
        "coordinates": [
          [
            [
              -54.56120648990001,
              -16.465595549715367
            ],
            [
              -54.561103420527346,
              -16.46562554034996
            ],
            [
              -54.56115745949747,
              -16.465798720077103
            ],
            [
              -54.56122406469161,
              -16.46577934311375
            ],
            [
              -54.56124967378153,
              -16.46573398814974
            ],
            [
              -54.56120648990001,
              -16.465595549715367
            ]
          ]
        ]
      }
    },
    {
      "type": "Feature",
      "id": "Q16-L02",
      "properties": {
        "quadra": 16,
        "lote": 2,
        "area_m2": 210.24,
        "center": [
          -54.56108339,
          -16.46572582
        ],
        "source_polygon": "PLINHA-103",
        "geometry_source": "memorial_descritivo",
        "match_distance_m": 0.0,
        "perimeter_m": 61.05,
        "frontage_m": 10.5,
        "dimensions": [
          {
            "from": "557",
            "to": "558",
            "label": "Lote 11",
            "length_m": 10.5
          },
          {
            "from": "558",
            "to": "552",
            "label": "Lote 3",
            "length_m": 20.02
          },
          {
            "from": "552",
            "to": "553",
            "label": "Rua Projetada 3",
            "length_m": 10.5
          },
          {
            "from": "553",
            "to": "557",
            "label": "Lote 1",
            "length_m": 20.02
          }
        ],
        "access": {
          "longitude": -54.56111041,
          "latitude": -16.4658124,
          "label": "Rua Projetada 3",
          "frontage_m": 10.5,
          "confidence": "memorial"
        },
        "memorial_path": "memoriais/Q16/L02.pdf",
        "status_default": "nao_informado",
        "technical_review": []
      },
      "geometry": {
        "type": "Polygon",
        "coordinates": [
          [
            [
              -54.561103420527346,
              -16.46562554034996
            ],
            [
              -54.56100931458433,
              -16.465652916388954
            ],
            [
              -54.56106335358437,
              -16.465826087098026
            ],
            [
              -54.56115745949747,
              -16.465798720077103
            ],
            [
              -54.561103420527346,
              -16.46562554034996
            ]
          ]
        ]
      }
    },
    {
      "type": "Feature",
      "id": "Q16-L03",
      "properties": {
        "quadra": 16,
        "lote": 3,
        "area_m2": 210.23,
        "center": [
          -54.56098928,
          -16.46575319
        ],
        "source_polygon": "PLINHA-104",
        "geometry_source": "memorial_descritivo",
        "match_distance_m": 0.001,
        "perimeter_m": 61.04,
        "frontage_m": 10.5,
        "dimensions": [
          {
            "from": "558",
            "to": "559",
            "label": "Lote 12",
            "length_m": 10.5
          },
          {
            "from": "559",
            "to": "551",
            "label": "Lote 4",
            "length_m": 20.02
          },
          {
            "from": "551",
            "to": "552",
            "label": "Rua Projetada 3",
            "length_m": 10.5
          },
          {
            "from": "552",
            "to": "558",
            "label": "Lote 2",
            "length_m": 20.02
          }
        ],
        "access": {
          "longitude": -54.5610163,
          "latitude": -16.46583977,
          "label": "Rua Projetada 3",
          "frontage_m": 10.5,
          "confidence": "memorial"
        },
        "memorial_path": "memoriais/Q16/L03.pdf",
        "status_default": "nao_informado",
        "technical_review": []
      },
      "geometry": {
        "type": "Polygon",
        "coordinates": [
          [
            [
              -54.56100931458433,
              -16.465652916388954
            ],
            [
              -54.560915217980394,
              -16.465680292491037
            ],
            [
              -54.56096924765035,
              -16.46585345407301
            ],
            [
              -54.56106335358437,
              -16.465826087098026
            ],
            [
              -54.56100931458433,
              -16.465652916388954
            ]
          ]
        ]
      }
    },
    {
      "type": "Feature",
      "id": "Q16-L04",
      "properties": {
        "quadra": 16,
        "lote": 4,
        "area_m2": 210.22,
        "center": [
          -54.56089518,
          -16.46578056
        ],
        "source_polygon": "PLINHA-107",
        "geometry_source": "memorial_descritivo",
        "match_distance_m": 0.001,
        "perimeter_m": 61.04,
        "frontage_m": 10.5,
        "dimensions": [
          {
            "from": "559",
            "to": "560",
            "label": "Lote 13",
            "length_m": 10.5
          },
          {
            "from": "560",
            "to": "550",
            "label": "Lote 5",
            "length_m": 20.02
          },
          {
            "from": "550",
            "to": "551",
            "label": "Rua Projetada 3",
            "length_m": 10.5
          },
          {
            "from": "551",
            "to": "559",
            "label": "Lote 3",
            "length_m": 20.02
          }
        ],
        "access": {
          "longitude": -54.56092219,
          "latitude": -16.46586714,
          "label": "Rua Projetada 3",
          "frontage_m": 10.5,
          "confidence": "memorial"
        },
        "memorial_path": "memoriais/Q16/L04.pdf",
        "status_default": "nao_informado",
        "technical_review": []
      },
      "geometry": {
        "type": "Polygon",
        "coordinates": [
          [
            [
              -54.560915217980394,
              -16.465680292491037
            ],
            [
              -54.56082111199554,
              -16.465707668438125
            ],
            [
              -54.5608751415824,
              -16.465880830033807
            ],
            [
              -54.56096924765035,
              -16.46585345407301
            ],
            [
              -54.560915217980394,
              -16.465680292491037
            ]
          ]
        ]
      }
    },
    {
      "type": "Feature",
      "id": "Q16-L05",
      "properties": {
        "quadra": 16,
        "lote": 5,
        "area_m2": 210.21,
        "center": [
          -54.56080107,
          -16.46580793
        ],
        "source_polygon": "PLINHA-109",
        "geometry_source": "memorial_descritivo",
        "match_distance_m": 0.001,
        "perimeter_m": 61.04,
        "frontage_m": 10.5,
        "dimensions": [
          {
            "from": "560",
            "to": "561",
            "label": "Lote 14",
            "length_m": 10.5
          },
          {
            "from": "561",
            "to": "549",
            "label": "Lote 6",
            "length_m": 20.02
          },
          {
            "from": "549",
            "to": "550",
            "label": "Rua Projetada 3",
            "length_m": 10.5
          },
          {
            "from": "550",
            "to": "560",
            "label": "Lote 4",
            "length_m": 20.02
          }
        ],
        "access": {
          "longitude": -54.56082809,
          "latitude": -16.46589451,
          "label": "Rua Projetada 3",
          "frontage_m": 10.5,
          "confidence": "memorial"
        },
        "memorial_path": "memoriais/Q16/L05.pdf",
        "status_default": "nao_informado",
        "technical_review": []
      },
      "geometry": {
        "type": "Polygon",
        "coordinates": [
          [
            [
              -54.56082111199554,
              -16.465707668438125
            ],
            [
              -54.560727005989754,
              -16.465735044339265
            ],
            [
              -54.560781035606546,
              -16.46590819691687
            ],
            [
              -54.5608751415824,
              -16.465880830033807
            ],
            [
              -54.56082111199554,
              -16.465707668438125
            ]
          ]
        ]
      }
    },
    {
      "type": "Feature",
      "id": "Q16-L06",
      "properties": {
        "quadra": 16,
        "lote": 6,
        "area_m2": 210.21,
        "center": [
          -54.56070697,
          -16.46583531
        ],
        "source_polygon": "PLINHA-112",
        "geometry_source": "memorial_descritivo",
        "match_distance_m": 0.0,
        "perimeter_m": 61.04,
        "frontage_m": 10.5,
        "dimensions": [
          {
            "from": "561",
            "to": "562",
            "label": "Lote 15",
            "length_m": 10.5
          },
          {
            "from": "562",
            "to": "548",
            "label": "Lote 7",
            "length_m": 20.02
          },
          {
            "from": "548",
            "to": "549",
            "label": "Rua Projetada 3",
            "length_m": 10.5
          },
          {
            "from": "549",
            "to": "561",
            "label": "Lote 5",
            "length_m": 20.02
          }
        ],
        "access": {
          "longitude": -54.56073398,
          "latitude": -16.46592188,
          "label": "Rua Projetada 3",
          "frontage_m": 10.5,
          "confidence": "memorial"
        },
        "memorial_path": "memoriais/Q16/L06.pdf",
        "status_default": "nao_informado",
        "technical_review": []
      },
      "geometry": {
        "type": "Polygon",
        "coordinates": [
          [
            [
              -54.560727005989754,
              -16.465735044339265
            ],
            [
              -54.56063289996305,
              -16.465762420194444
            ],
            [
              -54.56068692960978,
              -16.465935563753987
            ],
            [
              -54.560781035606546,
              -16.46590819691687
            ],
            [
              -54.560727005989754,
              -16.465735044339265
            ]
          ]
        ]
      }
    },
    {
      "type": "Feature",
      "id": "Q16-L07",
      "properties": {
        "quadra": 16,
        "lote": 7,
        "area_m2": 210.2,
        "center": [
          -54.56061286,
          -16.46586268
        ],
        "source_polygon": "PLINHA-111",
        "geometry_source": "memorial_descritivo",
        "match_distance_m": 0.0,
        "perimeter_m": 61.04,
        "frontage_m": 10.5,
        "dimensions": [
          {
            "from": "562",
            "to": "563",
            "label": "Lote 16",
            "length_m": 10.5
          },
          {
            "from": "563",
            "to": "547",
            "label": "Lote 8",
            "length_m": 20.02
          },
          {
            "from": "547",
            "to": "548",
            "label": "Projetada 3",
            "length_m": 10.5
          },
          {
            "from": "548",
            "to": "562",
            "label": "Lote 6",
            "length_m": 20.02
          }
        ],
        "access": {
          "longitude": -54.56063988,
          "latitude": -16.46594925,
          "label": "Projetada 3",
          "frontage_m": 10.5,
          "confidence": "memorial"
        },
        "memorial_path": "memoriais/Q16/L07.pdf",
        "status_default": "nao_informado",
        "technical_review": []
      },
      "geometry": {
        "type": "Polygon",
        "coordinates": [
          [
            [
              -54.56063289996305,
              -16.465762420194444
            ],
            [
              -54.560538803275435,
              -16.465789796112727
            ],
            [
              -54.5605928235921,
              -16.46596293054514
            ],
            [
              -54.56068692960978,
              -16.465935563753987
            ],
            [
              -54.56063289996305,
              -16.465762420194444
            ]
          ]
        ]
      }
    },
    {
      "type": "Feature",
      "id": "Q16-L08",
      "properties": {
        "quadra": 16,
        "lote": 8,
        "area_m2": 210.19,
        "center": [
          -54.56051876,
          -16.46589005
        ],
        "source_polygon": "PLINHA-113",
        "geometry_source": "memorial_descritivo",
        "match_distance_m": 0.0,
        "perimeter_m": 61.04,
        "frontage_m": 10.5,
        "dimensions": [
          {
            "from": "563",
            "to": "564",
            "label": "Lote 17",
            "length_m": 10.5
          },
          {
            "from": "564",
            "to": "546",
            "label": "Lote 9",
            "length_m": 20.02
          },
          {
            "from": "546",
            "to": "547",
            "label": "Rua Projetada 3",
            "length_m": 10.5
          },
          {
            "from": "547",
            "to": "563",
            "label": "Lote 7",
            "length_m": 20.02
          }
        ],
        "access": {
          "longitude": -54.56054577,
          "latitude": -16.46597661,
          "label": "Rua Projetada 3",
          "frontage_m": 10.5,
          "confidence": "memorial"
        },
        "memorial_path": "memoriais/Q16/L08.pdf",
        "status_default": "nao_informado",
        "technical_review": []
      },
      "geometry": {
        "type": "Polygon",
        "coordinates": [
          [
            [
              -54.560538803275435,
              -16.465789796112727
            ],
            [
              -54.56044469720689,
              -16.465817171876
            ],
            [
              -54.56049871755351,
              -16.46599029729034
            ],
            [
              -54.5605928235921,
              -16.46596293054514
            ],
            [
              -54.560538803275435,
              -16.465789796112727
            ]
          ]
        ]
      }
    },
    {
      "type": "Feature",
      "id": "Q16-L09",
      "properties": {
        "quadra": 16,
        "lote": 9,
        "area_m2": 210.18,
        "center": [
          -54.56042465,
          -16.46591742
        ],
        "source_polygon": "PLINHA-114",
        "geometry_source": "memorial_descritivo",
        "match_distance_m": 0.001,
        "perimeter_m": 61.03,
        "frontage_m": 30.52,
        "dimensions": [
          {
            "from": "564",
            "to": "565",
            "label": "Lote 18",
            "length_m": 10.5
          },
          {
            "from": "565",
            "to": "545",
            "label": "Alameda Projetada 9",
            "length_m": 20.02
          },
          {
            "from": "545",
            "to": "546",
            "label": "Rua Projetada 3",
            "length_m": 10.5
          },
          {
            "from": "546",
            "to": "564",
            "label": "Lote 8",
            "length_m": 20.02
          }
        ],
        "access": {
          "longitude": -54.56040308,
          "latitude": -16.46595618,
          "label": "Alameda Projetada 9 / Rua Projetada 3",
          "frontage_m": 30.52,
          "confidence": "memorial"
        },
        "memorial_path": "memoriais/Q16/L09.pdf",
        "status_default": "nao_informado",
        "technical_review": []
      },
      "geometry": {
        "type": "Polygon",
        "coordinates": [
          [
            [
              -54.56044469720689,
              -16.465817171876
            ],
            [
              -54.56035059111742,
              -16.46584454759332
            ],
            [
              -54.56040461138096,
              -16.466017673021373
            ],
            [
              -54.56049871755351,
              -16.46599029729034
            ],
            [
              -54.56044469720689,
              -16.465817171876
            ]
          ]
        ]
      }
    },
    {
      "type": "Feature",
      "id": "Q16-L10",
      "properties": {
        "quadra": 16,
        "lote": 10,
        "area_m2": 226.56,
        "center": [
          -54.56112738,
          -16.46552717
        ],
        "source_polygon": "PLINHA-101",
        "geometry_source": "memorial_descritivo",
        "match_distance_m": 0.001,
        "perimeter_m": 61.28,
        "frontage_m": 30.61,
        "dimensions": [
          {
            "from": "513",
            "to": "514",
            "label": "Rua Projetada 2",
            "length_m": 8.33
          },
          {
            "from": "514",
            "to": "557",
            "label": "Lote 11",
            "length_m": 20.0
          },
          {
            "from": "557",
            "to": "556",
            "label": "Lote 1",
            "length_m": 11.5
          },
          {
            "from": "556",
            "to": "1",
            "label": "Rua Projetada 1",
            "length_m": 16.0
          },
          {
            "from": "1",
            "to": "513",
            "label": "Rua Projetada 1",
            "length_m": 6.28
          }
        ],
        "access": {
          "longitude": -54.56114797,
          "latitude": -16.46548695,
          "label": "Rua Projetada 2 / Rua Projetada 1",
          "frontage_m": 30.61,
          "confidence": "memorial"
        },
        "memorial_path": "memoriais/Q16/L10.pdf",
        "status_default": "nao_informado",
        "technical_review": []
      },
      "geometry": {
        "type": "Polygon",
        "coordinates": [
          [
            [
              -54.56111665104304,
              -16.46543300948022
            ],
            [
              -54.56104944478011,
              -16.46545255104978
            ],
            [
              -54.561103420527346,
              -16.46562554034996
            ],
            [
              -54.56120648990001,
              -16.465595549715367
            ],
            [
              -54.56116331452304,
              -16.46545718364193
            ],
            [
              -54.56111665104304,
              -16.46543300948022
            ]
          ]
        ]
      }
    },
    {
      "type": "Feature",
      "id": "Q16-L11",
      "properties": {
        "quadra": 16,
        "lote": 11,
        "area_m2": 210.01,
        "center": [
          -54.56102938,
          -16.46555273
        ],
        "source_polygon": "PLINHA-102",
        "geometry_source": "memorial_descritivo",
        "match_distance_m": 0.001,
        "perimeter_m": 61.0,
        "frontage_m": 10.5,
        "dimensions": [
          {
            "from": "514",
            "to": "515",
            "label": "Rua Projetada 2",
            "length_m": 10.5
          },
          {
            "from": "515",
            "to": "558",
            "label": "Lote 12",
            "length_m": 20.0
          },
          {
            "from": "558",
            "to": "557",
            "label": "Lote 2",
            "length_m": 10.5
          },
          {
            "from": "557",
            "to": "514",
            "label": "Lote 10",
            "length_m": 20.0
          }
        ],
        "access": {
          "longitude": -54.56100239,
          "latitude": -16.46546624,
          "label": "Rua Projetada 2",
          "frontage_m": 10.5,
          "confidence": "memorial"
        },
        "memorial_path": "memoriais/Q16/L11.pdf",
        "status_default": "nao_informado",
        "technical_review": []
      },
      "geometry": {
        "type": "Polygon",
        "coordinates": [
          [
            [
              -54.56104944478011,
              -16.46545255104978
            ],
            [
              -54.5609553389201,
              -16.46547992707508
            ],
            [
              -54.56100931458433,
              -16.465652916388954
            ],
            [
              -54.561103420527346,
              -16.46562554034996
            ],
            [
              -54.56104944478011,
              -16.46545255104978
            ]
          ]
        ]
      }
    },
    {
      "type": "Feature",
      "id": "Q16-L12",
      "properties": {
        "quadra": 16,
        "lote": 12,
        "area_m2": 210.01,
        "center": [
          -54.56093528,
          -16.46558011
        ],
        "source_polygon": "PLINHA-105",
        "geometry_source": "memorial_descritivo",
        "match_distance_m": 0.001,
        "perimeter_m": 61.0,
        "frontage_m": 10.5,
        "dimensions": [
          {
            "from": "515",
            "to": "516",
            "label": "Rua Projetada 2",
            "length_m": 10.5
          },
          {
            "from": "516",
            "to": "559",
            "label": "Lote 13",
            "length_m": 20.0
          },
          {
            "from": "559",
            "to": "558",
            "label": "Lote 3",
            "length_m": 10.5
          },
          {
            "from": "558",
            "to": "515",
            "label": "Lote 11",
            "length_m": 20.0
          }
        ],
        "access": {
          "longitude": -54.56090829,
          "latitude": -16.46549361,
          "label": "Rua Projetada 2",
          "frontage_m": 10.5,
          "confidence": "memorial"
        },
        "memorial_path": "memoriais/Q16/L12.pdf",
        "status_default": "nao_informado",
        "technical_review": []
      },
      "geometry": {
        "type": "Polygon",
        "coordinates": [
          [
            [
              -54.5609553389201,
              -16.46547992707508
            ],
            [
              -54.560861242512175,
              -16.465507294131697
            ],
            [
              -54.560915217980394,
              -16.465680292491037
            ],
            [
              -54.56100931458433,
              -16.465652916388954
            ],
            [
              -54.5609553389201,
              -16.46547992707508
            ]
          ]
        ]
      }
    },
    {
      "type": "Feature",
      "id": "Q16-L13",
      "properties": {
        "quadra": 16,
        "lote": 13,
        "area_m2": 210.02,
        "center": [
          -54.56084118,
          -16.46560748
        ],
        "source_polygon": "PLINHA-106",
        "geometry_source": "memorial_descritivo",
        "match_distance_m": 0.001,
        "perimeter_m": 61.0,
        "frontage_m": 10.5,
        "dimensions": [
          {
            "from": "516",
            "to": "517",
            "label": "Rua Projetada 2",
            "length_m": 10.5
          },
          {
            "from": "517",
            "to": "560",
            "label": "Lote 14",
            "length_m": 20.0
          },
          {
            "from": "560",
            "to": "559",
            "label": "Lote 4",
            "length_m": 10.5
          },
          {
            "from": "559",
            "to": "516",
            "label": "Lote 12",
            "length_m": 20.0
          }
        ],
        "access": {
          "longitude": -54.56081419,
          "latitude": -16.46552098,
          "label": "Rua Projetada 2",
          "frontage_m": 10.5,
          "confidence": "memorial"
        },
        "memorial_path": "memoriais/Q16/L13.pdf",
        "status_default": "nao_informado",
        "technical_review": []
      },
      "geometry": {
        "type": "Polygon",
        "coordinates": [
          [
            [
              -54.560861242512175,
              -16.465507294131697
            ],
            [
              -54.56076713672334,
              -16.46553466103331
            ],
            [
              -54.56082111199554,
              -16.465707668438125
            ],
            [
              -54.560915217980394,
              -16.465680292491037
            ],
            [
              -54.560861242512175,
              -16.465507294131697
            ]
          ]
        ]
      }
    },
    {
      "type": "Feature",
      "id": "Q16-L14",
      "properties": {
        "quadra": 16,
        "lote": 14,
        "area_m2": 210.03,
        "center": [
          -54.56074707,
          -16.46563485
        ],
        "source_polygon": "PLINHA-108",
        "geometry_source": "memorial_descritivo",
        "match_distance_m": 0.001,
        "perimeter_m": 61.0,
        "frontage_m": 10.5,
        "dimensions": [
          {
            "from": "517",
            "to": "518",
            "label": "Rua Projetada 2",
            "length_m": 10.5
          },
          {
            "from": "518",
            "to": "561",
            "label": "Lote 15",
            "length_m": 20.0
          },
          {
            "from": "561",
            "to": "560",
            "label": "Lote 5",
            "length_m": 10.5
          },
          {
            "from": "560",
            "to": "517",
            "label": "Lote 13",
            "length_m": 20.0
          }
        ],
        "access": {
          "longitude": -54.56072008,
          "latitude": -16.46554835,
          "label": "Rua Projetada 2",
          "frontage_m": 10.5,
          "confidence": "memorial"
        },
        "memorial_path": "memoriais/Q16/L14.pdf",
        "status_default": "nao_informado",
        "technical_review": []
      },
      "geometry": {
        "type": "Polygon",
        "coordinates": [
          [
            [
              -54.56076713672334,
              -16.46553466103331
            ],
            [
              -54.56067303080058,
              -16.465562036920748
            ],
            [
              -54.560727005989754,
              -16.465735044339265
            ],
            [
              -54.56082111199554,
              -16.465707668438125
            ],
            [
              -54.56076713672334,
              -16.46553466103331
            ]
          ]
        ]
      }
    },
    {
      "type": "Feature",
      "id": "Q16-L15",
      "properties": {
        "quadra": 16,
        "lote": 15,
        "area_m2": 210.04,
        "center": [
          -54.56065297,
          -16.46566223
        ],
        "source_polygon": "PLINHA-464",
        "geometry_source": "memorial_descritivo",
        "match_distance_m": 0.0,
        "perimeter_m": 61.01,
        "frontage_m": 10.5,
        "dimensions": [
          {
            "from": "518",
            "to": "519",
            "label": "Rua Projetada 2",
            "length_m": 10.5
          },
          {
            "from": "519",
            "to": "562",
            "label": "Lote 16",
            "length_m": 20.0
          },
          {
            "from": "562",
            "to": "561",
            "label": "Lote 6",
            "length_m": 10.5
          },
          {
            "from": "561",
            "to": "518",
            "label": "Lote 14",
            "length_m": 20.0
          }
        ],
        "access": {
          "longitude": -54.56062598,
          "latitude": -16.46557572,
          "label": "Rua Projetada 2",
          "frontage_m": 10.5,
          "confidence": "memorial"
        },
        "memorial_path": "memoriais/Q16/L15.pdf",
        "status_default": "nao_informado",
        "technical_review": []
      },
      "geometry": {
        "type": "Polygon",
        "coordinates": [
          [
            [
              -54.56067303080058,
              -16.465562036920748
            ],
            [
              -54.56057892496992,
              -16.46558940373046
            ],
            [
              -54.56063289996305,
              -16.465762420194444
            ],
            [
              -54.560727005989754,
              -16.465735044339265
            ],
            [
              -54.56067303080058,
              -16.465562036920748
            ]
          ]
        ]
      }
    },
    {
      "type": "Feature",
      "id": "Q16-L16",
      "properties": {
        "quadra": 16,
        "lote": 16,
        "area_m2": 210.05,
        "center": [
          -54.56055886,
          -16.4656896
        ],
        "source_polygon": "PLINHA-110",
        "geometry_source": "memorial_descritivo",
        "match_distance_m": 0.001,
        "perimeter_m": 61.01,
        "frontage_m": 10.5,
        "dimensions": [
          {
            "from": "519",
            "to": "520",
            "label": "Rua Projetada 2",
            "length_m": 10.5
          },
          {
            "from": "520",
            "to": "563",
            "label": "Lote 17",
            "length_m": 20.0
          },
          {
            "from": "563",
            "to": "562",
            "label": "Lote 7",
            "length_m": 10.5
          },
          {
            "from": "562",
            "to": "519",
            "label": "Lote 15",
            "length_m": 20.0
          }
        ],
        "access": {
          "longitude": -54.56053187,
          "latitude": -16.46560309,
          "label": "Rua Projetada 2",
          "frontage_m": 10.5,
          "confidence": "memorial"
        },
        "memorial_path": "memoriais/Q16/L16.pdf",
        "status_default": "nao_informado",
        "technical_review": []
      },
      "geometry": {
        "type": "Polygon",
        "coordinates": [
          [
            [
              -54.56057892496992,
              -16.46558940373046
            ],
            [
              -54.5604848190053,
              -16.465616779525988
            ],
            [
              -54.560538803275435,
              -16.465789796112727
            ],
            [
              -54.56063289996305,
              -16.465762420194444
            ],
            [
              -54.56057892496992,
              -16.46558940373046
            ]
          ]
        ]
      }
    },
    {
      "type": "Feature",
      "id": "Q16-L17",
      "properties": {
        "quadra": 16,
        "lote": 17,
        "area_m2": 210.05,
        "center": [
          -54.56046476,
          -16.46571697
        ],
        "source_polygon": "PLINHA-116",
        "geometry_source": "memorial_descritivo",
        "match_distance_m": 0.001,
        "perimeter_m": 61.01,
        "frontage_m": 10.5,
        "dimensions": [
          {
            "from": "520",
            "to": "521",
            "label": "Rua Projetada 2",
            "length_m": 10.5
          },
          {
            "from": "521",
            "to": "564",
            "label": "Lote 18",
            "length_m": 20.01
          },
          {
            "from": "564",
            "to": "563",
            "label": "Lote 8",
            "length_m": 10.5
          },
          {
            "from": "563",
            "to": "520",
            "label": "Lote 16",
            "length_m": 20.0
          }
        ],
        "access": {
          "longitude": -54.56043777,
          "latitude": -16.46563046,
          "label": "Rua Projetada 2",
          "frontage_m": 10.5,
          "confidence": "memorial"
        },
        "memorial_path": "memoriais/Q16/L17.pdf",
        "status_default": "nao_informado",
        "technical_review": []
      },
      "geometry": {
        "type": "Polygon",
        "coordinates": [
          [
            [
              -54.5604848190053,
              -16.465616779525988
            ],
            [
              -54.56039071313282,
              -16.465644146243783
            ],
            [
              -54.56044469720689,
              -16.465817171876
            ],
            [
              -54.560538803275435,
              -16.465789796112727
            ],
            [
              -54.5604848190053,
              -16.465616779525988
            ]
          ]
        ]
      }
    },
    {
      "type": "Feature",
      "id": "Q16-L18",
      "properties": {
        "quadra": 16,
        "lote": 18,
        "area_m2": 210.06,
        "center": [
          -54.56037065,
          -16.46574435
        ],
        "source_polygon": "PLINHA-115",
        "geometry_source": "memorial_descritivo",
        "match_distance_m": 0.0,
        "perimeter_m": 61.01,
        "frontage_m": 30.51,
        "dimensions": [
          {
            "from": "521",
            "to": "522",
            "label": "Rua Projetada 2",
            "length_m": 10.5
          },
          {
            "from": "522",
            "to": "565",
            "label": "Alameda Projetada 9",
            "length_m": 20.01
          },
          {
            "from": "565",
            "to": "564",
            "label": "Lote 9",
            "length_m": 10.5
          },
          {
            "from": "564",
            "to": "521",
            "label": "Lote 17",
            "length_m": 20.01
          }
        ],
        "access": {
          "longitude": -54.5603305,
          "latitude": -16.46572355,
          "label": "Rua Projetada 2 / Alameda Projetada 9",
          "frontage_m": 30.51,
          "confidence": "memorial"
        },
        "memorial_path": "memoriais/Q16/L18.pdf",
        "status_default": "nao_informado",
        "technical_review": []
      },
      "geometry": {
        "type": "Polygon",
        "coordinates": [
          [
            [
              -54.56039071313282,
              -16.465644146243783
            ],
            [
              -54.56029660723941,
              -16.46567151291563
            ],
            [
              -54.56035059111742,
              -16.46584454759332
            ],
            [
              -54.56044469720689,
              -16.465817171876
            ],
            [
              -54.56039071313282,
              -16.465644146243783
            ]
          ]
        ]
      }
    },
    {
      "type": "Feature",
      "id": "Q17-L01",
      "properties": {
        "quadra": 17,
        "lote": 1,
        "area_m2": 255.39,
        "center": [
          -54.56029353,
          -16.46595558
        ],
        "source_polygon": "PLINHA-83",
        "geometry_source": "memorial_descritivo",
        "match_distance_m": 0.0,
        "perimeter_m": 65.55,
        "frontage_m": 32.78,
        "dimensions": [
          {
            "from": "566",
            "to": "567",
            "label": "Lote 10",
            "length_m": 12.76
          },
          {
            "from": "567",
            "to": "567A",
            "label": "Lote 2",
            "length_m": 20.01
          },
          {
            "from": "567A",
            "to": "544",
            "label": "Rua Projetada 3",
            "length_m": 12.76
          },
          {
            "from": "544",
            "to": "566",
            "label": "Alameda Projetada 9",
            "length_m": 20.02
          }
        ],
        "access": {
          "longitude": -54.56033897,
          "latitude": -16.4659791,
          "label": "Rua Projetada 3 / Alameda Projetada 9",
          "frontage_m": 32.78,
          "confidence": "memorial"
        },
        "memorial_path": "memoriais/Q17/L01.pdf",
        "status_default": "nao_informado",
        "technical_review": []
      },
      "geometry": {
        "type": "Polygon",
        "coordinates": [
          [
            [
              -54.560323710183674,
              -16.465852382198843
            ],
            [
              -54.5602093467996,
              -16.465885682355612
            ],
            [
              -54.560263348896676,
              -16.466058753395433
            ],
            [
              -54.560377721289555,
              -16.46602548945818
            ],
            [
              -54.560323710183674,
              -16.465852382198843
            ]
          ]
        ]
      }
    },
    {
      "type": "Feature",
      "id": "Q17-L02",
      "properties": {
        "quadra": 17,
        "lote": 2,
        "area_m2": 200.08,
        "center": [
          -54.56019154,
          -16.46598526
        ],
        "source_polygon": "PLINHA-86",
        "geometry_source": "memorial_descritivo",
        "match_distance_m": 0.0,
        "perimeter_m": 60.02,
        "frontage_m": 10.0,
        "dimensions": [
          {
            "from": "567",
            "to": "568",
            "label": "Lote 11",
            "length_m": 10.0
          },
          {
            "from": "568",
            "to": "543",
            "label": "Lote 3",
            "length_m": 20.01
          },
          {
            "from": "543",
            "to": "567A",
            "label": "Rua Projetada 3",
            "length_m": 10.0
          },
          {
            "from": "567A",
            "to": "567",
            "label": "Lote 2",
            "length_m": 20.01
          }
        ],
        "access": {
          "longitude": -54.56021854,
          "latitude": -16.46607179,
          "label": "Rua Projetada 3",
          "frontage_m": 10.0,
          "confidence": "memorial"
        },
        "memorial_path": "memoriais/Q17/L02.pdf",
        "status_default": "nao_informado",
        "technical_review": [
          "área memorial 200.08, KML [210.08]"
        ]
      },
      "geometry": {
        "type": "Polygon",
        "coordinates": [
          [
            [
              -54.5602093467996,
              -16.465885682355612
            ],
            [
              -54.560119731358924,
              -16.465911782428698
            ],
            [
              -54.56017372446909,
              -16.466084817245388
            ],
            [
              -54.560263348896676,
              -16.466058753395433
            ],
            [
              -54.5602093467996,
              -16.465885682355612
            ]
          ]
        ]
      }
    },
    {
      "type": "Feature",
      "id": "Q17-L03",
      "properties": {
        "quadra": 17,
        "lote": 3,
        "area_m2": 200.05,
        "center": [
          -54.56010192,
          -16.46601134
        ],
        "source_polygon": "PLINHA-87",
        "geometry_source": "memorial_descritivo",
        "match_distance_m": 0.001,
        "perimeter_m": 60.01,
        "frontage_m": 10.0,
        "dimensions": [
          {
            "from": "568",
            "to": "569",
            "label": "Lote 12",
            "length_m": 10.0
          },
          {
            "from": "569",
            "to": "542",
            "label": "Lote 4",
            "length_m": 20.0
          },
          {
            "from": "542",
            "to": "543",
            "label": "Rua Projetada 3",
            "length_m": 10.0
          },
          {
            "from": "543",
            "to": "568",
            "label": "Lote 2",
            "length_m": 20.01
          }
        ],
        "access": {
          "longitude": -54.56012891,
          "latitude": -16.46609785,
          "label": "Rua Projetada 3",
          "frontage_m": 10.0,
          "confidence": "memorial"
        },
        "memorial_path": "memoriais/Q17/L03.pdf",
        "status_default": "nao_informado",
        "technical_review": []
      },
      "geometry": {
        "type": "Polygon",
        "coordinates": [
          [
            [
              -54.560119731358924,
              -16.465911782428698
            ],
            [
              -54.5600301160123,
              -16.46593787342832
            ],
            [
              -54.56008410002253,
              -16.466110881053652
            ],
            [
              -54.56017372446909,
              -16.466084817245388
            ],
            [
              -54.560119731358924,
              -16.465911782428698
            ]
          ]
        ]
      }
    },
    {
      "type": "Feature",
      "id": "Q17-L04",
      "properties": {
        "quadra": 17,
        "lote": 4,
        "area_m2": 200.03,
        "center": [
          -54.5600123,
          -16.46603741
        ],
        "source_polygon": "PLINHA-90",
        "geometry_source": "memorial_descritivo",
        "match_distance_m": 0.001,
        "perimeter_m": 60.01,
        "frontage_m": 10.0,
        "dimensions": [
          {
            "from": "569",
            "to": "570",
            "label": "Lote 13",
            "length_m": 10.0
          },
          {
            "from": "570",
            "to": "541",
            "label": "Lote 5",
            "length_m": 20.0
          },
          {
            "from": "541",
            "to": "542",
            "label": "Rua Projetada 3",
            "length_m": 10.0
          },
          {
            "from": "542",
            "to": "569",
            "label": "Lote 3",
            "length_m": 20.0
          }
        ],
        "access": {
          "longitude": -54.56003929,
          "latitude": -16.46612391,
          "label": "Rua Projetada 3",
          "frontage_m": 10.0,
          "confidence": "memorial"
        },
        "memorial_path": "memoriais/Q17/L04.pdf",
        "status_default": "nao_informado",
        "technical_review": []
      },
      "geometry": {
        "type": "Polygon",
        "coordinates": [
          [
            [
              -54.5600301160123,
              -16.46593787342832
            ],
            [
              -54.55994049173889,
              -16.465963928150085
            ],
            [
              -54.559994475557005,
              -16.466136944820235
            ],
            [
              -54.56008410002253,
              -16.466110881053652
            ],
            [
              -54.5600301160123,
              -16.46593787342832
            ]
          ]
        ]
      }
    },
    {
      "type": "Feature",
      "id": "Q17-L05",
      "properties": {
        "quadra": 17,
        "lote": 5,
        "area_m2": 200.05,
        "center": [
          -54.55992267,
          -16.46606347
        ],
        "source_polygon": "PLINHA-91",
        "geometry_source": "memorial_descritivo",
        "match_distance_m": 0.001,
        "perimeter_m": 60.01,
        "frontage_m": 10.0,
        "dimensions": [
          {
            "from": "570",
            "to": "571",
            "label": "Lote 14",
            "length_m": 10.0
          },
          {
            "from": "571",
            "to": "540",
            "label": "Lote 6",
            "length_m": 20.01
          },
          {
            "from": "540",
            "to": "541",
            "label": "Rua Projetada 3",
            "length_m": 10.0
          },
          {
            "from": "541",
            "to": "570",
            "label": "Lote 4",
            "length_m": 20.0
          }
        ],
        "access": {
          "longitude": -54.55994966,
          "latitude": -16.46614998,
          "label": "Rua Projetada 3",
          "frontage_m": 10.0,
          "confidence": "memorial"
        },
        "memorial_path": "memoriais/Q17/L05.pdf",
        "status_default": "nao_informado",
        "technical_review": []
      },
      "geometry": {
        "type": "Polygon",
        "coordinates": [
          [
            [
              -54.55994049173889,
              -16.465963928150085
            ],
            [
              -54.55985086744653,
              -16.465989982830166
            ],
            [
              -54.55990485107251,
              -16.46616300854513
            ],
            [
              -54.559994475557005,
              -16.466136944820235
            ],
            [
              -54.55994049173889,
              -16.465963928150085
            ]
          ]
        ]
      }
    },
    {
      "type": "Feature",
      "id": "Q17-L06",
      "properties": {
        "quadra": 17,
        "lote": 6,
        "area_m2": 206.03,
        "center": [
          -54.5598317,
          -16.46608993
        ],
        "source_polygon": "PLINHA-94",
        "geometry_source": "memorial_descritivo",
        "match_distance_m": 0.001,
        "perimeter_m": 60.61,
        "frontage_m": 10.3,
        "dimensions": [
          {
            "from": "571",
            "to": "572",
            "label": "Lote 15",
            "length_m": 10.3
          },
          {
            "from": "572",
            "to": "539",
            "label": "Lote 7",
            "length_m": 20.0
          },
          {
            "from": "539",
            "to": "540",
            "label": "Rua Projetada 3",
            "length_m": 10.3
          },
          {
            "from": "540",
            "to": "571",
            "label": "Lote 5",
            "length_m": 20.01
          }
        ],
        "access": {
          "longitude": -54.55985869,
          "latitude": -16.46617643,
          "label": "Rua Projetada 3",
          "frontage_m": 10.3,
          "confidence": "memorial"
        },
        "memorial_path": "memoriais/Q17/L06.pdf",
        "status_default": "nao_informado",
        "technical_review": []
      },
      "geometry": {
        "type": "Polygon",
        "coordinates": [
          [
            [
              -54.55985086744653,
              -16.465989982830166
            ],
            [
              -54.55975855543146,
              -16.46601686428449
            ],
            [
              -54.55981253006823,
              -16.466189853776704
            ],
            [
              -54.55990485107251,
              -16.46616300854513
            ],
            [
              -54.55985086744653,
              -16.465989982830166
            ]
          ]
        ]
      }
    },
    {
      "type": "Feature",
      "id": "Q17-L07",
      "properties": {
        "quadra": 17,
        "lote": 7,
        "area_m2": 210.0,
        "center": [
          -54.5597385,
          -16.46611705
        ],
        "source_polygon": "PLINHA-95",
        "geometry_source": "memorial_descritivo",
        "match_distance_m": 0.001,
        "perimeter_m": 61.0,
        "frontage_m": 10.5,
        "dimensions": [
          {
            "from": "572",
            "to": "573",
            "label": "Lote 16",
            "length_m": 10.5
          },
          {
            "from": "573",
            "to": "538",
            "label": "Lote 8",
            "length_m": 20.0
          },
          {
            "from": "538",
            "to": "539",
            "label": "Rua Projetada 3",
            "length_m": 10.5
          },
          {
            "from": "539",
            "to": "572",
            "label": "Lote 6",
            "length_m": 20.0
          }
        ],
        "access": {
          "longitude": -54.55976548,
          "latitude": -16.46620354,
          "label": "Rua Projetada 3",
          "frontage_m": 10.5,
          "confidence": "memorial"
        },
        "memorial_path": "memoriais/Q17/L07.pdf",
        "status_default": "nao_informado",
        "technical_review": []
      },
      "geometry": {
        "type": "Polygon",
        "coordinates": [
          [
            [
              -54.55975855543146,
              -16.46601686428449
            ],
            [
              -54.55966446757022,
              -16.466044266980234
            ],
            [
              -54.55971842374316,
              -16.466217229172628
            ],
            [
              -54.55981253006823,
              -16.466189853776704
            ],
            [
              -54.55975855543146,
              -16.46601686428449
            ]
          ]
        ]
      }
    },
    {
      "type": "Feature",
      "id": "Q17-L08",
      "properties": {
        "quadra": 17,
        "lote": 8,
        "area_m2": 210.03,
        "center": [
          -54.55964439,
          -16.46614441
        ],
        "source_polygon": "PLINHA-98",
        "geometry_source": "memorial_descritivo",
        "match_distance_m": 0.001,
        "perimeter_m": 61.01,
        "frontage_m": 10.5,
        "dimensions": [
          {
            "from": "573",
            "to": "574",
            "label": "Lote 17",
            "length_m": 10.5
          },
          {
            "from": "574",
            "to": "537",
            "label": "Lote 9",
            "length_m": 20.0
          },
          {
            "from": "537",
            "to": "538",
            "label": "Rua Projetada 3",
            "length_m": 10.5
          },
          {
            "from": "538",
            "to": "573",
            "label": "Lote 7",
            "length_m": 20.01
          }
        ],
        "access": {
          "longitude": -54.55967137,
          "latitude": -16.46623091,
          "label": "Rua Projetada 3",
          "frontage_m": 10.5,
          "confidence": "memorial"
        },
        "memorial_path": "memoriais/Q17/L08.pdf",
        "status_default": "nao_informado",
        "technical_review": []
      },
      "geometry": {
        "type": "Polygon",
        "coordinates": [
          [
            [
              -54.55966444050782,
              -16.466044185366993
            ],
            [
              -54.559570352173374,
              -16.466071624143872
            ],
            [
              -54.559624317510256,
              -16.466244595490814
            ],
            [
              -54.55971842374316,
              -16.466217229172628
            ],
            [
              -54.55966444050782,
              -16.466044185366993
            ]
          ]
        ]
      }
    },
    {
      "type": "Feature",
      "id": "Q17-L09",
      "properties": {
        "quadra": 17,
        "lote": 9,
        "area_m2": 226.44,
        "center": [
          -54.5595464,
          -16.46616996
        ],
        "source_polygon": "PLINHA-99",
        "geometry_source": "memorial_descritivo",
        "match_distance_m": 0.001,
        "perimeter_m": 61.25,
        "frontage_m": 30.58,
        "dimensions": [
          {
            "from": "574",
            "to": "534",
            "label": "Lote 18",
            "length_m": 11.5
          },
          {
            "from": "534",
            "to": "535",
            "label": "Rua Projetada 12",
            "length_m": 15.94
          },
          {
            "from": "535",
            "to": "536",
            "label": "Rua Projetada 12",
            "length_m": 6.32
          },
          {
            "from": "536",
            "to": "537",
            "label": "Rua Projetada 3",
            "length_m": 8.32
          },
          {
            "from": "537",
            "to": "574",
            "label": "Lote 8",
            "length_m": 20.0
          }
        ],
        "access": {
          "longitude": -54.55952582,
          "latitude": -16.46621019,
          "label": "Rua Projetada 12 / Rua Projetada 3",
          "frontage_m": 30.58,
          "confidence": "memorial"
        },
        "memorial_path": "memoriais/Q17/L09.pdf",
        "status_default": "nao_informado",
        "technical_review": []
      },
      "geometry": {
        "type": "Polygon",
        "coordinates": [
          [
            [
              -54.559570352173374,
              -16.466071624143872
            ],
            [
              -54.55946730969068,
              -16.466101677453068
            ],
            [
              -54.55951032162804,
              -16.466239545015288
            ],
            [
              -54.55955711087474,
              -16.466264136521836
            ],
            [
              -54.559624317510256,
              -16.466244595490814
            ],
            [
              -54.559570352173374,
              -16.466071624143872
            ]
          ]
        ]
      }
    },
    {
      "type": "Feature",
      "id": "Q17-L10",
      "properties": {
        "quadra": 17,
        "lote": 10,
        "area_m2": 255.36,
        "center": [
          -54.56023953,
          -16.4657825
        ],
        "source_polygon": "PLINHA-84",
        "geometry_source": "memorial_descritivo",
        "match_distance_m": 0.0,
        "perimeter_m": 65.54,
        "frontage_m": 32.77,
        "dimensions": [
          {
            "from": "523",
            "to": "524",
            "label": "Rua Projetada 2",
            "length_m": 12.76
          },
          {
            "from": "524",
            "to": "567",
            "label": "Lote 11",
            "length_m": 20.01
          },
          {
            "from": "567",
            "to": "566",
            "label": "Lote 1",
            "length_m": 12.76
          },
          {
            "from": "566",
            "to": "523",
            "label": "Alameda Projetada 9",
            "length_m": 20.01
          }
        ],
        "access": {
          "longitude": -54.56026393,
          "latitude": -16.46573864,
          "label": "Rua Projetada 2 / Alameda Projetada 9",
          "frontage_m": 32.77,
          "confidence": "memorial"
        },
        "memorial_path": "memoriais/Q17/L10.pdf",
        "status_default": "nao_informado",
        "technical_review": []
      },
      "geometry": {
        "type": "Polygon",
        "coordinates": [
          [
            [
              -54.56026971719547,
              -16.465679329344617
            ],
            [
              -54.560155345004475,
              -16.465712593248576
            ],
            [
              -54.5602093467996,
              -16.465885682355612
            ],
            [
              -54.560323710183674,
              -16.465852382198843
            ],
            [
              -54.56026971719547,
              -16.465679329344617
            ]
          ]
        ]
      }
    },
    {
      "type": "Feature",
      "id": "Q17-L11",
      "properties": {
        "quadra": 17,
        "lote": 11,
        "area_m2": 200.15,
        "center": [
          -54.56013753,
          -16.46581218
        ],
        "source_polygon": "PLINHA-85",
        "geometry_source": "memorial_descritivo",
        "match_distance_m": 0.0,
        "perimeter_m": 60.03,
        "frontage_m": 10.0,
        "dimensions": [
          {
            "from": "524",
            "to": "525",
            "label": "Rua Projetada 2",
            "length_m": 10.0
          },
          {
            "from": "525",
            "to": "568",
            "label": "Lote 12",
            "length_m": 20.02
          },
          {
            "from": "568",
            "to": "567",
            "label": "Lote 2",
            "length_m": 10.0
          },
          {
            "from": "567",
            "to": "524",
            "label": "Lote 10",
            "length_m": 20.01
          }
        ],
        "access": {
          "longitude": -54.56011053,
          "latitude": -16.46572563,
          "label": "Rua Projetada 2",
          "frontage_m": 10.0,
          "confidence": "memorial"
        },
        "memorial_path": "memoriais/Q17/L11.pdf",
        "status_default": "nao_informado",
        "technical_review": []
      },
      "geometry": {
        "type": "Polygon",
        "coordinates": [
          [
            [
              -54.560155345004475,
              -16.465712593248576
            ],
            [
              -54.56006572073508,
              -16.46573865707242
            ],
            [
              -54.560119731358924,
              -16.465911782428698
            ],
            [
              -54.5602093467996,
              -16.465885682355612
            ],
            [
              -54.560155345004475,
              -16.465712593248576
            ]
          ]
        ]
      }
    },
    {
      "type": "Feature",
      "id": "Q17-L12",
      "properties": {
        "quadra": 17,
        "lote": 12,
        "area_m2": 200.18,
        "center": [
          -54.56004791,
          -16.46583826
        ],
        "source_polygon": "PLINHA-88",
        "geometry_source": "memorial_descritivo",
        "match_distance_m": 0.001,
        "perimeter_m": 60.04,
        "frontage_m": 10.0,
        "dimensions": [
          {
            "from": "525",
            "to": "526",
            "label": "Rua Projetada 2",
            "length_m": 10.0
          },
          {
            "from": "526",
            "to": "569",
            "label": "Lote 13",
            "length_m": 20.02
          },
          {
            "from": "569",
            "to": "568",
            "label": "Lote 3",
            "length_m": 10.0
          },
          {
            "from": "568",
            "to": "525",
            "label": "Lote 11",
            "length_m": 20.02
          }
        ],
        "access": {
          "longitude": -54.56002091,
          "latitude": -16.46575169,
          "label": "Rua Projetada 2",
          "frontage_m": 10.0,
          "confidence": "memorial"
        },
        "memorial_path": "memoriais/Q17/L12.pdf",
        "status_default": "nao_informado",
        "technical_review": []
      },
      "geometry": {
        "type": "Polygon",
        "coordinates": [
          [
            [
              -54.56006572073508,
              -16.46573865707242
            ],
            [
              -54.55997609644672,
              -16.4657647208546
            ],
            [
              -54.5600301160123,
              -16.46593787342832
            ],
            [
              -54.560119731358924,
              -16.465911782428698
            ],
            [
              -54.56006572073508,
              -16.46573865707242
            ]
          ]
        ]
      }
    },
    {
      "type": "Feature",
      "id": "Q17-L13",
      "properties": {
        "quadra": 17,
        "lote": 13,
        "area_m2": 200.2,
        "center": [
          -54.55995829,
          -16.46586433
        ],
        "source_polygon": "PLINHA-89",
        "geometry_source": "memorial_descritivo",
        "match_distance_m": 0.001,
        "perimeter_m": 60.04,
        "frontage_m": 10.0,
        "dimensions": [
          {
            "from": "526",
            "to": "527",
            "label": "Rua Projetada 2",
            "length_m": 10.0
          },
          {
            "from": "527",
            "to": "570",
            "label": "Lote 14",
            "length_m": 20.02
          },
          {
            "from": "570",
            "to": "569",
            "label": "Lote 4",
            "length_m": 10.0
          },
          {
            "from": "569",
            "to": "526",
            "label": "Lote 12",
            "length_m": 20.02
          }
        ],
        "access": {
          "longitude": -54.55993128,
          "latitude": -16.46577775,
          "label": "Rua Projetada 2",
          "frontage_m": 10.0,
          "confidence": "memorial"
        },
        "memorial_path": "memoriais/Q17/L13.pdf",
        "status_default": "nao_informado",
        "technical_review": []
      },
      "geometry": {
        "type": "Polygon",
        "coordinates": [
          [
            [
              -54.55997609644672,
              -16.4657647208546
            ],
            [
              -54.5598864721394,
              -16.465790784595086
            ],
            [
              -54.55994049173889,
              -16.465963928150085
            ],
            [
              -54.5600301160123,
              -16.46593787342832
            ],
            [
              -54.55997609644672,
              -16.4657647208546
            ]
          ]
        ]
      }
    },
    {
      "type": "Feature",
      "id": "Q17-L14",
      "properties": {
        "quadra": 17,
        "lote": 14,
        "area_m2": 200.19,
        "center": [
          -54.55986867,
          -16.46589039
        ],
        "source_polygon": "PLINHA-92",
        "geometry_source": "memorial_descritivo",
        "match_distance_m": 0.001,
        "perimeter_m": 60.04,
        "frontage_m": 10.0,
        "dimensions": [
          {
            "from": "527",
            "to": "528",
            "label": "Rua Projetada 2",
            "length_m": 10.0
          },
          {
            "from": "528",
            "to": "571",
            "label": "Lote 15",
            "length_m": 20.02
          },
          {
            "from": "571",
            "to": "570",
            "label": "Lote 5",
            "length_m": 10.0
          },
          {
            "from": "570",
            "to": "527",
            "label": "Lote 13",
            "length_m": 20.02
          }
        ],
        "access": {
          "longitude": -54.55984166,
          "latitude": -16.46580382,
          "label": "Rua Projetada 2",
          "frontage_m": 10.0,
          "confidence": "memorial"
        },
        "memorial_path": "memoriais/Q17/L14.pdf",
        "status_default": "nao_informado",
        "technical_review": []
      },
      "geometry": {
        "type": "Polygon",
        "coordinates": [
          [
            [
              -54.5598864721394,
              -16.465790784595086
            ],
            [
              -54.559796847813104,
              -16.465816848293894
            ],
            [
              -54.55985086744653,
              -16.465989982830166
            ],
            [
              -54.55994049173889,
              -16.465963928150085
            ],
            [
              -54.5598864721394,
              -16.465790784595086
            ]
          ]
        ]
      }
    },
    {
      "type": "Feature",
      "id": "Q17-L15",
      "properties": {
        "quadra": 17,
        "lote": 15,
        "area_m2": 206.21,
        "center": [
          -54.5597777,
          -16.46591685
        ],
        "source_polygon": "PLINHA-93",
        "geometry_source": "memorial_descritivo",
        "match_distance_m": 0.001,
        "perimeter_m": 60.64,
        "frontage_m": 10.3,
        "dimensions": [
          {
            "from": "528",
            "to": "529",
            "label": "Rua Projetada 2",
            "length_m": 10.3
          },
          {
            "from": "529",
            "to": "572",
            "label": "Lote 16",
            "length_m": 20.02
          },
          {
            "from": "572",
            "to": "571",
            "label": "Lote 6",
            "length_m": 10.3
          },
          {
            "from": "571",
            "to": "528",
            "label": "Lote 14",
            "length_m": 20.02
          }
        ],
        "access": {
          "longitude": -54.55975069,
          "latitude": -16.46583027,
          "label": "Rua Projetada 2",
          "frontage_m": 10.3,
          "confidence": "memorial"
        },
        "memorial_path": "memoriais/Q17/L15.pdf",
        "status_default": "nao_informado",
        "technical_review": []
      },
      "geometry": {
        "type": "Polygon",
        "coordinates": [
          [
            [
              -54.559796847813104,
              -16.465816848293894
            ],
            [
              -54.559704526971785,
              -16.465843693498584
            ],
            [
              -54.55975855543146,
              -16.46601686428449
            ],
            [
              -54.55985086744653,
              -16.465989982830166
            ],
            [
              -54.559796847813104,
              -16.465816848293894
            ]
          ]
        ]
      }
    },
    {
      "type": "Feature",
      "id": "Q17-L16",
      "properties": {
        "quadra": 17,
        "lote": 16,
        "area_m2": 210.25,
        "center": [
          -54.55968449,
          -16.46594397
        ],
        "source_polygon": "PLINHA-96",
        "geometry_source": "memorial_descritivo",
        "match_distance_m": 0.001,
        "perimeter_m": 61.05,
        "frontage_m": 10.5,
        "dimensions": [
          {
            "from": "529",
            "to": "530",
            "label": "Rua Projetada 2",
            "length_m": 10.5
          },
          {
            "from": "530",
            "to": "573",
            "label": "Lote 17",
            "length_m": 20.03
          },
          {
            "from": "573",
            "to": "572",
            "label": "Lote 7",
            "length_m": 10.5
          },
          {
            "from": "572",
            "to": "529",
            "label": "Lote 15",
            "length_m": 20.02
          }
        ],
        "access": {
          "longitude": -54.55965747,
          "latitude": -16.46585738,
          "label": "Rua Projetada 2",
          "frontage_m": 10.5,
          "confidence": "memorial"
        },
        "memorial_path": "memoriais/Q17/L16.pdf",
        "status_default": "nao_informado",
        "technical_review": []
      },
      "geometry": {
        "type": "Polygon",
        "coordinates": [
          [
            [
              -54.559704526971785,
              -16.465843693498584
            ],
            [
              -54.55961042092591,
              -16.465871059835344
            ],
            [
              -54.55966446757022,
              -16.466044266980234
            ],
            [
              -54.55975855543146,
              -16.46601686428449
            ],
            [
              -54.559704526971785,
              -16.465843693498584
            ]
          ]
        ]
      }
    },
    {
      "type": "Feature",
      "id": "Q17-L17",
      "properties": {
        "quadra": 17,
        "lote": 17,
        "area_m2": 210.22,
        "center": [
          -54.55959038,
          -16.46597133
        ],
        "source_polygon": "PLINHA-97",
        "geometry_source": "memorial_descritivo",
        "match_distance_m": 0.001,
        "perimeter_m": 61.04,
        "frontage_m": 10.5,
        "dimensions": [
          {
            "from": "530",
            "to": "531",
            "label": "Rua Projetada 2",
            "length_m": 10.5
          },
          {
            "from": "531",
            "to": "574",
            "label": "Lote 18",
            "length_m": 20.03
          },
          {
            "from": "574",
            "to": "573",
            "label": "Lote 8",
            "length_m": 10.5
          },
          {
            "from": "573",
            "to": "530",
            "label": "Lote 16",
            "length_m": 20.02
          }
        ],
        "access": {
          "longitude": -54.55956337,
          "latitude": -16.46588474,
          "label": "Rua Projetada 2",
          "frontage_m": 10.5,
          "confidence": "memorial"
        },
        "memorial_path": "memoriais/Q17/L17.pdf",
        "status_default": "nao_informado",
        "technical_review": []
      },
      "geometry": {
        "type": "Polygon",
        "coordinates": [
          [
            [
              -54.55961042092591,
              -16.465871059835344
            ],
            [
              -54.55951631485911,
              -16.465898426126145
            ],
            [
              -54.559570352173374,
              -16.466071624143872
            ],
            [
              -54.55966444050782,
              -16.466044185366993
            ],
            [
              -54.55961042092591,
              -16.465871059835344
            ]
          ]
        ]
      }
    },
    {
      "type": "Feature",
      "id": "Q17-L18",
      "properties": {
        "quadra": 17,
        "lote": 18,
        "area_m2": 226.91,
        "center": [
          -54.55949407,
          -16.46600232
        ],
        "source_polygon": "PLINHA-82",
        "geometry_source": "memorial_descritivo",
        "match_distance_m": 0.001,
        "perimeter_m": 61.34,
        "frontage_m": 31.57,
        "dimensions": [
          {
            "from": "531",
            "to": "532",
            "label": "Rua Projetada 2",
            "length_m": 7.5
          },
          {
            "from": "532",
            "to": "533",
            "label": "Rua Projetada 2",
            "length_m": 6.26
          },
          {
            "from": "533",
            "to": "534",
            "label": "Rua Projetada 12",
            "length_m": 17.81
          },
          {
            "from": "534",
            "to": "574",
            "label": "Lote 9",
            "length_m": 11.5
          },
          {
            "from": "574",
            "to": "531",
            "label": "Lote 17",
            "length_m": 20.03
          }
        ],
        "access": {
          "longitude": -54.55945266,
          "latitude": -16.46598463,
          "label": "Rua Projetada 2 / Rua Projetada 12",
          "frontage_m": 31.57,
          "confidence": "memorial"
        },
        "memorial_path": "memoriais/Q17/L18.pdf",
        "status_default": "nao_informado",
        "technical_review": []
      },
      "geometry": {
        "type": "Polygon",
        "coordinates": [
          [
            [
              -54.55951631485911,
              -16.465898426126145
            ],
            [
              -54.55944908950915,
              -16.465917975951147
            ],
            [
              -54.559424036651535,
              -16.465962984833247
            ],
            [
              -54.55946730969068,
              -16.466101677453068
            ],
            [
              -54.559570352173374,
              -16.466071624143872
            ],
            [
              -54.55951631485911,
              -16.465898426126145
            ]
          ]
        ]
      }
    },
    {
      "type": "Feature",
      "id": "Q18-L01",
      "properties": {
        "quadra": 18,
        "lote": 1,
        "area_m2": 200.4,
        "center": [
          -54.56103331,
          -16.46524014
        ],
        "source_polygon": "PLINHA-163",
        "geometry_source": "memorial_descritivo",
        "match_distance_m": 0.0,
        "perimeter_m": 60.08,
        "frontage_m": 10.0,
        "dimensions": [
          {
            "from": "702",
            "to": "703",
            "label": "RMI – 03 Área Verde",
            "length_m": 10.0
          },
          {
            "from": "703",
            "to": "792",
            "label": "Lote 2",
            "length_m": 20.04
          },
          {
            "from": "792",
            "to": "793",
            "label": "Rua Projetada 02",
            "length_m": 10.0
          },
          {
            "from": "793",
            "to": "702",
            "label": "RMI – 03 Área Verde",
            "length_m": 20.04
          }
        ],
        "access": {
          "longitude": -54.56106034,
          "latitude": -16.46532681,
          "label": "Rua Projetada 02",
          "frontage_m": 10.0,
          "confidence": "memorial"
        },
        "memorial_path": "memoriais/Q18/L01.pdf",
        "status_default": "nao_informado",
        "technical_review": []
      },
      "geometry": {
        "type": "Polygon",
        "coordinates": [
          [
            [
              -54.561051093595324,
              -16.465140440627202
            ],
            [
              -54.560961469551955,
              -16.465166513919336
            ],
            [
              -54.56101552512086,
              -16.46533984741441
            ],
            [
              -54.56110514924344,
              -16.465313774109223
            ],
            [
              -54.561051093595324,
              -16.465140440627202
            ]
          ]
        ]
      }
    },
    {
      "type": "Feature",
      "id": "Q18-L02",
      "properties": {
        "quadra": 18,
        "lote": 2,
        "area_m2": 200.4,
        "center": [
          -54.56094369,
          -16.46526622
        ],
        "source_polygon": "PLINHA-164",
        "geometry_source": "memorial_descritivo",
        "match_distance_m": 0.0,
        "perimeter_m": 60.08,
        "frontage_m": 10.0,
        "dimensions": [
          {
            "from": "703",
            "to": "704",
            "label": "RMI – 03 Área Verde",
            "length_m": 10.0
          },
          {
            "from": "704",
            "to": "791",
            "label": "Lote 3",
            "length_m": 20.04
          },
          {
            "from": "791",
            "to": "792",
            "label": "Rua Projetada 02",
            "length_m": 10.0
          },
          {
            "from": "792",
            "to": "703",
            "label": "Lote 1",
            "length_m": 20.04
          }
        ],
        "access": {
          "longitude": -54.56097071,
          "latitude": -16.46535288,
          "label": "Rua Projetada 02",
          "frontage_m": 10.0,
          "confidence": "memorial"
        },
        "memorial_path": "memoriais/Q18/L02.pdf",
        "status_default": "nao_informado",
        "technical_review": []
      },
      "geometry": {
        "type": "Polygon",
        "coordinates": [
          [
            [
              -54.560961469551955,
              -16.465166513919336
            ],
            [
              -54.56087184548961,
              -16.465192587169785
            ],
            [
              -54.5609259009793,
              -16.465365920677925
            ],
            [
              -54.56101552512086,
              -16.46533984741441
            ],
            [
              -54.560961469551955,
              -16.465166513919336
            ]
          ]
        ]
      }
    },
    {
      "type": "Feature",
      "id": "Q18-L03",
      "properties": {
        "quadra": 18,
        "lote": 3,
        "area_m2": 200.39,
        "center": [
          -54.56085406,
          -16.46529229
        ],
        "source_polygon": "PLINHA-165",
        "geometry_source": "memorial_descritivo",
        "match_distance_m": 0.001,
        "perimeter_m": 60.08,
        "frontage_m": 10.0,
        "dimensions": [
          {
            "from": "704",
            "to": "705",
            "label": "RMI – 03 Área Verde",
            "length_m": 10.0
          },
          {
            "from": "705",
            "to": "790",
            "label": "Lote 4",
            "length_m": 20.04
          },
          {
            "from": "790",
            "to": "791",
            "label": "Rua Projetada 02",
            "length_m": 10.0
          },
          {
            "from": "791",
            "to": "704",
            "label": "Lote 2",
            "length_m": 20.04
          }
        ],
        "access": {
          "longitude": -54.56088109,
          "latitude": -16.46537895,
          "label": "Rua Projetada 02",
          "frontage_m": 10.0,
          "confidence": "memorial"
        },
        "memorial_path": "memoriais/Q18/L03.pdf",
        "status_default": "nao_informado",
        "technical_review": []
      },
      "geometry": {
        "type": "Polygon",
        "coordinates": [
          [
            [
              -54.56087184548961,
              -16.465192587169785
            ],
            [
              -54.560782221408274,
              -16.46521866037855
            ],
            [
              -54.56083627693177,
              -16.46539198486797
            ],
            [
              -54.5609259009793,
              -16.465365920677925
            ],
            [
              -54.56087184548961,
              -16.465192587169785
            ]
          ]
        ]
      }
    },
    {
      "type": "Feature",
      "id": "Q18-L04",
      "properties": {
        "quadra": 18,
        "lote": 4,
        "area_m2": 200.39,
        "center": [
          -54.56076444,
          -16.46531836
        ],
        "source_polygon": "PLINHA-166",
        "geometry_source": "memorial_descritivo",
        "match_distance_m": 0.001,
        "perimeter_m": 60.08,
        "frontage_m": 10.0,
        "dimensions": [
          {
            "from": "705",
            "to": "706",
            "label": "RMI – 03 Área Verde",
            "length_m": 10.0
          },
          {
            "from": "706",
            "to": "789",
            "label": "Lote 5",
            "length_m": 20.04
          },
          {
            "from": "789",
            "to": "790",
            "label": "Rua Projetada 02",
            "length_m": 10.0
          },
          {
            "from": "790",
            "to": "705",
            "label": "Lote 3",
            "length_m": 20.04
          }
        ],
        "access": {
          "longitude": -54.56079147,
          "latitude": -16.46540502,
          "label": "Rua Projetada 02",
          "frontage_m": 10.0,
          "confidence": "memorial"
        },
        "memorial_path": "memoriais/Q18/L04.pdf",
        "status_default": "nao_informado",
        "technical_review": []
      },
      "geometry": {
        "type": "Polygon",
        "coordinates": [
          [
            [
              -54.560782221408274,
              -16.46521866037855
            ],
            [
              -54.56069260666795,
              -16.465244733654693
            ],
            [
              -54.560746652752265,
              -16.465418058048115
            ],
            [
              -54.56083627693177,
              -16.46539198486797
            ],
            [
              -54.560782221408274,
              -16.46521866037855
            ]
          ]
        ]
      }
    },
    {
      "type": "Feature",
      "id": "Q18-L05",
      "properties": {
        "quadra": 18,
        "lote": 5,
        "area_m2": 200.39,
        "center": [
          -54.56067482,
          -16.46534443
        ],
        "source_polygon": "PLINHA-167",
        "geometry_source": "memorial_descritivo",
        "match_distance_m": 0.001,
        "perimeter_m": 60.08,
        "frontage_m": 10.0,
        "dimensions": [
          {
            "from": "706",
            "to": "707",
            "label": "RMI – 03 Área Verde",
            "length_m": 10.0
          },
          {
            "from": "707",
            "to": "788",
            "label": "Lote 6",
            "length_m": 20.04
          },
          {
            "from": "788",
            "to": "789",
            "label": "Rua Projetada 02",
            "length_m": 10.0
          },
          {
            "from": "789",
            "to": "706",
            "label": "Lote 4",
            "length_m": 20.04
          }
        ],
        "access": {
          "longitude": -54.56070184,
          "latitude": -16.46543109,
          "label": "Rua Projetada 02",
          "frontage_m": 10.0,
          "confidence": "memorial"
        },
        "memorial_path": "memoriais/Q18/L05.pdf",
        "status_default": "nao_informado",
        "technical_review": []
      },
      "geometry": {
        "type": "Polygon",
        "coordinates": [
          [
            [
              -54.56069260666795,
              -16.465244733654693
            ],
            [
              -54.560602982548666,
              -16.465270806780115
            ],
            [
              -54.56065702855377,
              -16.465444131186583
            ],
            [
              -54.560746652752265,
              -16.465418058048115
            ],
            [
              -54.56069260666795,
              -16.465244733654693
            ]
          ]
        ]
      }
    },
    {
      "type": "Feature",
      "id": "Q18-L06",
      "properties": {
        "quadra": 18,
        "lote": 6,
        "area_m2": 200.38,
        "center": [
          -54.5605852,
          -16.4653705
        ],
        "source_polygon": "PLINHA-168",
        "geometry_source": "memorial_descritivo",
        "match_distance_m": 0.001,
        "perimeter_m": 60.08,
        "frontage_m": 10.0,
        "dimensions": [
          {
            "from": "707",
            "to": "708",
            "label": "RMI – 03 Área Verde",
            "length_m": 10.0
          },
          {
            "from": "708",
            "to": "787",
            "label": "Lote 7",
            "length_m": 20.04
          },
          {
            "from": "787",
            "to": "788",
            "label": "Rua Projetada 02",
            "length_m": 10.0
          },
          {
            "from": "788",
            "to": "707",
            "label": "Lote 5",
            "length_m": 20.04
          }
        ],
        "access": {
          "longitude": -54.56061222,
          "latitude": -16.46545716,
          "label": "Rua Projetada 02",
          "frontage_m": 10.0,
          "confidence": "memorial"
        },
        "memorial_path": "memoriais/Q18/L06.pdf",
        "status_default": "nao_informado",
        "technical_review": []
      },
      "geometry": {
        "type": "Polygon",
        "coordinates": [
          [
            [
              -54.560602982548666,
              -16.465270806780115
            ],
            [
              -54.560513358410404,
              -16.465296879863832
            ],
            [
              -54.560567413809316,
              -16.465470195360645
            ],
            [
              -54.56065702855377,
              -16.465444131186583
            ],
            [
              -54.560602982548666,
              -16.465270806780115
            ]
          ]
        ]
      }
    },
    {
      "type": "Feature",
      "id": "Q18-L07",
      "properties": {
        "quadra": 18,
        "lote": 7,
        "area_m2": 200.38,
        "center": [
          -54.56049557,
          -16.46539658
        ],
        "source_polygon": "PLINHA-169",
        "geometry_source": "memorial_descritivo",
        "match_distance_m": 0.001,
        "perimeter_m": 60.08,
        "frontage_m": 10.0,
        "dimensions": [
          {
            "from": "708",
            "to": "709",
            "label": "RMI – 03 Área Verde",
            "length_m": 10.0
          },
          {
            "from": "709",
            "to": "786",
            "label": "Lote 8",
            "length_m": 20.04
          },
          {
            "from": "786",
            "to": "787",
            "label": "Rua Projetada 02",
            "length_m": 10.0
          },
          {
            "from": "787",
            "to": "708",
            "label": "Lote 6",
            "length_m": 20.04
          }
        ],
        "access": {
          "longitude": -54.5605226,
          "latitude": -16.46548323,
          "label": "Rua Projetada 02",
          "frontage_m": 10.0,
          "confidence": "memorial"
        },
        "memorial_path": "memoriais/Q18/L07.pdf",
        "status_default": "nao_informado",
        "technical_review": []
      },
      "geometry": {
        "type": "Polygon",
        "coordinates": [
          [
            [
              -54.560513358410404,
              -16.465296879863832
            ],
            [
              -54.560423734140144,
              -16.46532296193766
            ],
            [
              -54.56047778957288,
              -16.46549626841574
            ],
            [
              -54.560567413809316,
              -16.465470195360645
            ],
            [
              -54.560513358410404,
              -16.465296879863832
            ]
          ]
        ]
      }
    },
    {
      "type": "Feature",
      "id": "Q18-L08",
      "properties": {
        "quadra": 18,
        "lote": 8,
        "area_m2": 200.37,
        "center": [
          -54.56040595,
          -16.46542265
        ],
        "source_polygon": "PLINHA-171",
        "geometry_source": "memorial_descritivo",
        "match_distance_m": 0.001,
        "perimeter_m": 60.08,
        "frontage_m": 10.0,
        "dimensions": [
          {
            "from": "709",
            "to": "710",
            "label": "RMI – 03 Área verde",
            "length_m": 10.0
          },
          {
            "from": "710",
            "to": "785",
            "label": "Lote 8",
            "length_m": 20.04
          },
          {
            "from": "785",
            "to": "786",
            "label": "Rua projetada 02",
            "length_m": 10.0
          },
          {
            "from": "786",
            "to": "709",
            "label": "Lote 7",
            "length_m": 20.04
          }
        ],
        "access": {
          "longitude": -54.56043298,
          "latitude": -16.46550931,
          "label": "Rua projetada 02",
          "frontage_m": 10.0,
          "confidence": "memorial"
        },
        "memorial_path": "memoriais/Q18/L08.pdf",
        "status_default": "nao_informado",
        "technical_review": []
      },
      "geometry": {
        "type": "Polygon",
        "coordinates": [
          [
            [
              -54.560423734140144,
              -16.46532296193766
            ],
            [
              -54.56033411932391,
              -16.465349035047087
            ],
            [
              -54.56038816531746,
              -16.465522341429175
            ],
            [
              -54.56047778957288,
              -16.46549626841574
            ],
            [
              -54.560423734140144,
              -16.46532296193766
            ]
          ]
        ]
      }
    },
    {
      "type": "Feature",
      "id": "Q18-L09",
      "properties": {
        "quadra": 18,
        "lote": 9,
        "area_m2": 200.37,
        "center": [
          -54.56031633,
          -16.46544872
        ],
        "source_polygon": "PLINHA-170",
        "geometry_source": "memorial_descritivo",
        "match_distance_m": 0.001,
        "perimeter_m": 60.07,
        "frontage_m": 10.0,
        "dimensions": [
          {
            "from": "710",
            "to": "711",
            "label": "RMI – 03 Área Verde",
            "length_m": 10.0
          },
          {
            "from": "711",
            "to": "784",
            "label": "Lote 10",
            "length_m": 20.04
          },
          {
            "from": "784",
            "to": "785",
            "label": "Rua Projetada 02",
            "length_m": 10.0
          },
          {
            "from": "785",
            "to": "710",
            "label": "Lote 8",
            "length_m": 20.04
          }
        ],
        "access": {
          "longitude": -54.56034335,
          "latitude": -16.46553537,
          "label": "Rua Projetada 02",
          "frontage_m": 10.0,
          "confidence": "memorial"
        },
        "memorial_path": "memoriais/Q18/L09.pdf",
        "status_default": "nao_informado",
        "technical_review": []
      },
      "geometry": {
        "type": "Polygon",
        "coordinates": [
          [
            [
              -54.56033411932391,
              -16.465349035047087
            ],
            [
              -54.560244495128714,
              -16.465375108005784
            ],
            [
              -54.5602985411561,
              -16.465548405369137
            ],
            [
              -54.56038816531746,
              -16.465522341429175
            ],
            [
              -54.56033411932391,
              -16.465349035047087
            ]
          ]
        ]
      }
    },
    {
      "type": "Feature",
      "id": "Q18-L10",
      "properties": {
        "quadra": 18,
        "lote": 10,
        "area_m2": 200.37,
        "center": [
          -54.56022671,
          -16.46547479
        ],
        "source_polygon": "PLINHA-172",
        "geometry_source": "memorial_descritivo",
        "match_distance_m": 0.0,
        "perimeter_m": 60.07,
        "frontage_m": 10.0,
        "dimensions": [
          {
            "from": "711",
            "to": "712",
            "label": "RMI – 03 Área Verde",
            "length_m": 10.0
          },
          {
            "from": "712",
            "to": "783",
            "label": "Lote 11",
            "length_m": 20.04
          },
          {
            "from": "783",
            "to": "784",
            "label": "Rua Projetada 02",
            "length_m": 10.0
          },
          {
            "from": "784",
            "to": "711",
            "label": "Lote 9",
            "length_m": 20.04
          }
        ],
        "access": {
          "longitude": -54.56025373,
          "latitude": -16.46556144,
          "label": "Rua Projetada 02",
          "frontage_m": 10.0,
          "confidence": "memorial"
        },
        "memorial_path": "memoriais/Q18/L10.pdf",
        "status_default": "nao_informado",
        "technical_review": []
      },
      "geometry": {
        "type": "Polygon",
        "coordinates": [
          [
            [
              -54.560244495128714,
              -16.465375108005784
            ],
            [
              -54.56015487091455,
              -16.46540118092279
            ],
            [
              -54.56020891686275,
              -16.46557447829919
            ],
            [
              -54.5602985411561,
              -16.465548405369137
            ],
            [
              -54.560244495128714,
              -16.465375108005784
            ]
          ]
        ]
      }
    },
    {
      "type": "Feature",
      "id": "Q18-L11",
      "properties": {
        "quadra": 18,
        "lote": 11,
        "area_m2": 200.36,
        "center": [
          -54.56013708,
          -16.46550087
        ],
        "source_polygon": "PLINHA-173",
        "geometry_source": "memorial_descritivo",
        "match_distance_m": 0.001,
        "perimeter_m": 60.07,
        "frontage_m": 10.0,
        "dimensions": [
          {
            "from": "712",
            "to": "713",
            "label": "RMI – 03 Área Verde",
            "length_m": 10.0
          },
          {
            "from": "713",
            "to": "782",
            "label": "Lote 12",
            "length_m": 20.04
          },
          {
            "from": "782",
            "to": "783",
            "label": "Rua Projetada 02",
            "length_m": 10.0
          },
          {
            "from": "783",
            "to": "712",
            "label": "Lote 10",
            "length_m": 20.04
          }
        ],
        "access": {
          "longitude": -54.5601641,
          "latitude": -16.46558752,
          "label": "Rua Projetada 02",
          "frontage_m": 10.0,
          "confidence": "memorial"
        },
        "memorial_path": "memoriais/Q18/L11.pdf",
        "status_default": "nao_informado",
        "technical_review": []
      },
      "geometry": {
        "type": "Polygon",
        "coordinates": [
          [
            [
              -54.56015487091455,
              -16.46540118092279
            ],
            [
              -54.56006524668141,
              -16.46542725379811
            ],
            [
              -54.560119292550404,
              -16.46560055118757
            ],
            [
              -54.56020891686275,
              -16.46557447829919
            ],
            [
              -54.56015487091455,
              -16.46540118092279
            ]
          ]
        ]
      }
    },
    {
      "type": "Feature",
      "id": "Q18-L12",
      "properties": {
        "quadra": 18,
        "lote": 12,
        "area_m2": 200.36,
        "center": [
          -54.56004746,
          -16.46552694
        ],
        "source_polygon": "PLINHA-174",
        "geometry_source": "memorial_descritivo",
        "match_distance_m": 0.001,
        "perimeter_m": 60.07,
        "frontage_m": 10.0,
        "dimensions": [
          {
            "from": "713",
            "to": "714",
            "label": "RMI – 03 Área verde",
            "length_m": 10.0
          },
          {
            "from": "714",
            "to": "781",
            "label": "Lote 13",
            "length_m": 20.04
          },
          {
            "from": "781",
            "to": "782",
            "label": "Rua Projetada 02",
            "length_m": 10.0
          },
          {
            "from": "782",
            "to": "713",
            "label": "Lote 11",
            "length_m": 20.04
          }
        ],
        "access": {
          "longitude": -54.56007448,
          "latitude": -16.46561358,
          "label": "Rua Projetada 02",
          "frontage_m": 10.0,
          "confidence": "memorial"
        },
        "memorial_path": "memoriais/Q18/L12.pdf",
        "status_default": "nao_informado",
        "technical_review": []
      },
      "geometry": {
        "type": "Polygon",
        "coordinates": [
          [
            [
              -54.56006524668141,
              -16.46542725379811
            ],
            [
              -54.55997563178927,
              -16.465453326740835
            ],
            [
              -54.560029668332135,
              -16.46562661500249
            ],
            [
              -54.560119292550404,
              -16.46560055118757
            ],
            [
              -54.56006524668141,
              -16.46542725379811
            ]
          ]
        ]
      }
    },
    {
      "type": "Feature",
      "id": "Q18-L13",
      "properties": {
        "quadra": 18,
        "lote": 13,
        "area_m2": 200.36,
        "center": [
          -54.55995784,
          -16.46555301
        ],
        "source_polygon": "PLINHA-175",
        "geometry_source": "memorial_descritivo",
        "match_distance_m": 0.0,
        "perimeter_m": 60.07,
        "frontage_m": 10.0,
        "dimensions": [
          {
            "from": "714",
            "to": "715",
            "label": "RMI – 03 Área Verde",
            "length_m": 10.0
          },
          {
            "from": "715",
            "to": "780",
            "label": "Lote 14",
            "length_m": 20.04
          },
          {
            "from": "780",
            "to": "781",
            "label": "Rua Projetada 02",
            "length_m": 10.0
          },
          {
            "from": "781",
            "to": "714",
            "label": "Lote 12",
            "length_m": 20.04
          }
        ],
        "access": {
          "longitude": -54.55998486,
          "latitude": -16.46563965,
          "label": "Rua Projetada 02",
          "frontage_m": 10.0,
          "confidence": "memorial"
        },
        "memorial_path": "memoriais/Q18/L13.pdf",
        "status_default": "nao_informado",
        "technical_review": []
      },
      "geometry": {
        "type": "Polygon",
        "coordinates": [
          [
            [
              -54.55997563178927,
              -16.465453326740835
            ],
            [
              -54.55988600751818,
              -16.465479399532807
            ],
            [
              -54.55994004398185,
              -16.465652687807506
            ],
            [
              -54.560029668332135,
              -16.46562661500249
            ],
            [
              -54.55997563178927,
              -16.465453326740835
            ]
          ]
        ]
      }
    },
    {
      "type": "Feature",
      "id": "Q18-L14",
      "properties": {
        "quadra": 18,
        "lote": 14,
        "area_m2": 200.35,
        "center": [
          -54.55986822,
          -16.46557908
        ],
        "source_polygon": "PLINHA-176",
        "geometry_source": "memorial_descritivo",
        "match_distance_m": 0.0,
        "perimeter_m": 60.07,
        "frontage_m": 10.0,
        "dimensions": [
          {
            "from": "715",
            "to": "716",
            "label": "RMI – 03 Área Verde",
            "length_m": 10.0
          },
          {
            "from": "716",
            "to": "779",
            "label": "Lote 15",
            "length_m": 20.03
          },
          {
            "from": "779",
            "to": "780",
            "label": "Rua Projetada 02",
            "length_m": 10.0
          },
          {
            "from": "780",
            "to": "715",
            "label": "Lote 13",
            "length_m": 20.04
          }
        ],
        "access": {
          "longitude": -54.55989524,
          "latitude": -16.46566572,
          "label": "Rua Projetada 02",
          "frontage_m": 10.0,
          "confidence": "memorial"
        },
        "memorial_path": "memoriais/Q18/L14.pdf",
        "status_default": "nao_informado",
        "technical_review": []
      },
      "geometry": {
        "type": "Polygon",
        "coordinates": [
          [
            [
              -54.55988600751818,
              -16.465479399532807
            ],
            [
              -54.55979638322811,
              -16.465505472283073
            ],
            [
              -54.55985042897258,
              -16.465678760679918
            ],
            [
              -54.55994004398185,
              -16.465652687807506
            ],
            [
              -54.55988600751818,
              -16.465479399532807
            ]
          ]
        ]
      }
    },
    {
      "type": "Feature",
      "id": "Q18-L15",
      "properties": {
        "quadra": 18,
        "lote": 15,
        "area_m2": 200.35,
        "center": [
          -54.55977859,
          -16.46560515
        ],
        "source_polygon": "PLINHA-177",
        "geometry_source": "memorial_descritivo",
        "match_distance_m": 0.001,
        "perimeter_m": 60.07,
        "frontage_m": 10.0,
        "dimensions": [
          {
            "from": "716",
            "to": "717",
            "label": "RMI – 03 Área Verde",
            "length_m": 10.0
          },
          {
            "from": "717",
            "to": "778",
            "label": "Lote 16",
            "length_m": 20.03
          },
          {
            "from": "778",
            "to": "779",
            "label": "Rua Projetada 02",
            "length_m": 10.0
          },
          {
            "from": "779",
            "to": "716",
            "label": "Lote 14",
            "length_m": 20.03
          }
        ],
        "access": {
          "longitude": -54.55980562,
          "latitude": -16.46569179,
          "label": "Rua Projetada 02",
          "frontage_m": 10.0,
          "confidence": "memorial"
        },
        "memorial_path": "memoriais/Q18/L15.pdf",
        "status_default": "nao_informado",
        "technical_review": []
      },
      "geometry": {
        "type": "Polygon",
        "coordinates": [
          [
            [
              -54.55979638322811,
              -16.465505472283073
            ],
            [
              -54.55970675891907,
              -16.46553154499168
            ],
            [
              -54.559760804697405,
              -16.465704824369794
            ],
            [
              -54.55985042897258,
              -16.465678760679918
            ],
            [
              -54.55979638322811,
              -16.465505472283073
            ]
          ]
        ]
      }
    },
    {
      "type": "Feature",
      "id": "Q18-L16",
      "properties": {
        "quadra": 18,
        "lote": 16,
        "area_m2": 200.34,
        "center": [
          -54.55968897,
          -16.46563122
        ],
        "source_polygon": "PLINHA-178",
        "geometry_source": "memorial_descritivo",
        "match_distance_m": 0.001,
        "perimeter_m": 60.07,
        "frontage_m": 10.0,
        "dimensions": [
          {
            "from": "717",
            "to": "718",
            "label": "RMI 03 Área Verde",
            "length_m": 10.0
          },
          {
            "from": "718",
            "to": "777",
            "label": "Lote 17",
            "length_m": 20.03
          },
          {
            "from": "777",
            "to": "778",
            "label": "Rua Projetada 02",
            "length_m": 10.0
          },
          {
            "from": "778",
            "to": "717",
            "label": "Lote 15",
            "length_m": 20.03
          }
        ],
        "access": {
          "longitude": -54.55971599,
          "latitude": -16.46571786,
          "label": "Rua Projetada 02",
          "frontage_m": 10.0,
          "confidence": "memorial"
        },
        "memorial_path": "memoriais/Q18/L16.pdf",
        "status_default": "nao_informado",
        "technical_review": []
      },
      "geometry": {
        "type": "Polygon",
        "coordinates": [
          [
            [
              -54.55970675891907,
              -16.46553154499168
            ],
            [
              -54.55961714395104,
              -16.465557617767697
            ],
            [
              -54.559671180290195,
              -16.46573089704977
            ],
            [
              -54.559760804697405,
              -16.465704824369794
            ],
            [
              -54.55970675891907,
              -16.46553154499168
            ]
          ]
        ]
      }
    },
    {
      "type": "Feature",
      "id": "Q18-L17",
      "properties": {
        "quadra": 18,
        "lote": 17,
        "area_m2": 200.34,
        "center": [
          -54.55959935,
          -16.46565729
        ],
        "source_polygon": "PLINHA-179",
        "geometry_source": "memorial_descritivo",
        "match_distance_m": 0.0,
        "perimeter_m": 60.07,
        "frontage_m": 10.0,
        "dimensions": [
          {
            "from": "718",
            "to": "719",
            "label": "RMI – 03 Área Verde",
            "length_m": 10.0
          },
          {
            "from": "719",
            "to": "776",
            "label": "Lote 18",
            "length_m": 20.03
          },
          {
            "from": "776",
            "to": "777",
            "label": "Rua Projetada 02",
            "length_m": 10.0
          },
          {
            "from": "777",
            "to": "718",
            "label": "Lote 16",
            "length_m": 20.03
          }
        ],
        "access": {
          "longitude": -54.55962637,
          "latitude": -16.46574393,
          "label": "Rua Projetada 02",
          "frontage_m": 10.0,
          "confidence": "memorial"
        },
        "memorial_path": "memoriais/Q18/L17.pdf",
        "status_default": "nao_informado",
        "technical_review": []
      },
      "geometry": {
        "type": "Polygon",
        "coordinates": [
          [
            [
              -54.55961714395104,
              -16.465557617767697
            ],
            [
              -54.559527519604046,
              -16.46558369039293
            ],
            [
              -54.55958155586401,
              -16.465756969688037
            ],
            [
              -54.559671180290195,
              -16.46573089704977
            ],
            [
              -54.55961714395104,
              -16.465557617767697
            ]
          ]
        ]
      }
    },
    {
      "type": "Feature",
      "id": "Q18-L18",
      "properties": {
        "quadra": 18,
        "lote": 18,
        "area_m2": 200.34,
        "center": [
          -54.55950973,
          -16.46568336
        ],
        "source_polygon": "PLINHA-180",
        "geometry_source": "memorial_descritivo",
        "match_distance_m": 0.0,
        "perimeter_m": 60.07,
        "frontage_m": 10.0,
        "dimensions": [
          {
            "from": "719",
            "to": "720",
            "label": "RMI – 03 Área verde",
            "length_m": 10.0
          },
          {
            "from": "720",
            "to": "775",
            "label": "Lote 19",
            "length_m": 20.03
          },
          {
            "from": "775",
            "to": "776",
            "label": "Rua Projetada 02",
            "length_m": 10.0
          },
          {
            "from": "776",
            "to": "719",
            "label": "Lote 17",
            "length_m": 20.03
          }
        ],
        "access": {
          "longitude": -54.55953674,
          "latitude": -16.46577,
          "label": "Rua Projetada 02",
          "frontage_m": 10.0,
          "confidence": "memorial"
        },
        "memorial_path": "memoriais/Q18/L18.pdf",
        "status_default": "nao_informado",
        "technical_review": []
      },
      "geometry": {
        "type": "Polygon",
        "coordinates": [
          [
            [
              -54.559527519604046,
              -16.46558369039293
            ],
            [
              -54.55943789523808,
              -16.465609762976477
            ],
            [
              -54.55949193153192,
              -16.46578303325287
            ],
            [
              -54.55958155586401,
              -16.465756969688037
            ],
            [
              -54.559527519604046,
              -16.46558369039293
            ]
          ]
        ]
      }
    },
    {
      "type": "Feature",
      "id": "Q18-L19",
      "properties": {
        "quadra": 18,
        "lote": 19,
        "area_m2": 200.33,
        "center": [
          -54.5594201,
          -16.46570943
        ],
        "source_polygon": "PLINHA-181",
        "geometry_source": "memorial_descritivo",
        "match_distance_m": 0.0,
        "perimeter_m": 60.07,
        "frontage_m": 10.0,
        "dimensions": [
          {
            "from": "720",
            "to": "721",
            "label": "RMI – 03 Área Verde",
            "length_m": 10.0
          },
          {
            "from": "721",
            "to": "774",
            "label": "Lote 20",
            "length_m": 20.03
          },
          {
            "from": "774",
            "to": "775",
            "label": "Rua Projetada 02",
            "length_m": 10.0
          },
          {
            "from": "775",
            "to": "720",
            "label": "Lote 18",
            "length_m": 20.03
          }
        ],
        "access": {
          "longitude": -54.55944712,
          "latitude": -16.46579607,
          "label": "Rua Projetada 02",
          "frontage_m": 10.0,
          "confidence": "memorial"
        },
        "memorial_path": "memoriais/Q18/L19.pdf",
        "status_default": "nao_informado",
        "technical_review": []
      },
      "geometry": {
        "type": "Polygon",
        "coordinates": [
          [
            [
              -54.55943789523808,
              -16.465609762976477
            ],
            [
              -54.559348270853135,
              -16.465635835518345
            ],
            [
              -54.55940230706779,
              -16.465809105807782
            ],
            [
              -54.55949193153192,
              -16.46578303325287
            ],
            [
              -54.55943789523808,
              -16.465609762976477
            ]
          ]
        ]
      }
    },
    {
      "type": "Feature",
      "id": "Q18-L20",
      "properties": {
        "quadra": 18,
        "lote": 20,
        "area_m2": 200.33,
        "center": [
          -54.55933048,
          -16.46573551
        ],
        "source_polygon": "PLINHA-182",
        "geometry_source": "memorial_descritivo",
        "match_distance_m": 0.001,
        "perimeter_m": 60.07,
        "frontage_m": 10.0,
        "dimensions": [
          {
            "from": "721",
            "to": "722",
            "label": "RMI – 03 Área Verde",
            "length_m": 10.0
          },
          {
            "from": "722",
            "to": "773",
            "label": "Lote 21",
            "length_m": 20.03
          },
          {
            "from": "773",
            "to": "774",
            "label": "Rua Projetada 02",
            "length_m": 10.0
          },
          {
            "from": "774",
            "to": "721",
            "label": "Lote 19",
            "length_m": 20.03
          }
        ],
        "access": {
          "longitude": -54.5593575,
          "latitude": -16.46582214,
          "label": "Rua Projetada 02",
          "frontage_m": 10.0,
          "confidence": "memorial"
        },
        "memorial_path": "memoriais/Q18/L20.pdf",
        "status_default": "nao_informado",
        "technical_review": [
          "rótulo KML [18]"
        ]
      },
      "geometry": {
        "type": "Polygon",
        "coordinates": [
          [
            [
              -54.559348270853135,
              -16.465635835518345
            ],
            [
              -54.55925865580921,
              -16.465661908127633
            ],
            [
              -54.55931268258469,
              -16.465835178321008
            ],
            [
              -54.55940230706779,
              -16.465809105807782
            ],
            [
              -54.559348270853135,
              -16.465635835518345
            ]
          ]
        ]
      }
    },
    {
      "type": "Feature",
      "id": "Q18-L21",
      "properties": {
        "quadra": 18,
        "lote": 21,
        "area_m2": 200.32,
        "center": [
          -54.55924086,
          -16.46576158
        ],
        "source_polygon": "PLINHA-183",
        "geometry_source": "memorial_descritivo",
        "match_distance_m": 0.001,
        "perimeter_m": 60.07,
        "frontage_m": 10.0,
        "dimensions": [
          {
            "from": "722",
            "to": "723",
            "label": "RMI – 03 Área Verde",
            "length_m": 10.0
          },
          {
            "from": "723",
            "to": "772",
            "label": "Lote 22",
            "length_m": 20.03
          },
          {
            "from": "772",
            "to": "773",
            "label": "Rua Projetada 02",
            "length_m": 10.0
          },
          {
            "from": "773",
            "to": "722",
            "label": "Lote 20",
            "length_m": 20.03
          }
        ],
        "access": {
          "longitude": -54.55926788,
          "latitude": -16.46584821,
          "label": "Rua Projetada 02",
          "frontage_m": 10.0,
          "confidence": "memorial"
        },
        "memorial_path": "memoriais/Q18/L21.pdf",
        "status_default": "nao_informado",
        "technical_review": []
      },
      "geometry": {
        "type": "Polygon",
        "coordinates": [
          [
            [
              -54.55925865580921,
              -16.465661908127633
            ],
            [
              -54.55916903138632,
              -16.46568798058615
            ],
            [
              -54.559223067555706,
              -16.465861241869906
            ],
            [
              -54.55931268258469,
              -16.465835178321008
            ],
            [
              -54.55925865580921,
              -16.465661908127633
            ]
          ]
        ]
      }
    },
    {
      "type": "Feature",
      "id": "Q18-L22",
      "properties": {
        "quadra": 18,
        "lote": 22,
        "area_m2": 200.32,
        "center": [
          -54.55915124,
          -16.46578765
        ],
        "source_polygon": "PLINHA-184",
        "geometry_source": "memorial_descritivo",
        "match_distance_m": 0.001,
        "perimeter_m": 60.06,
        "frontage_m": 10.0,
        "dimensions": [
          {
            "from": "723",
            "to": "724",
            "label": "RMI – 03 Área Verde",
            "length_m": 10.0
          },
          {
            "from": "724",
            "to": "771",
            "label": "Lote 23",
            "length_m": 20.03
          },
          {
            "from": "771",
            "to": "772",
            "label": "Rua Projetada 02",
            "length_m": 10.0
          },
          {
            "from": "772",
            "to": "723",
            "label": "Lote 21",
            "length_m": 20.03
          }
        ],
        "access": {
          "longitude": -54.55917826,
          "latitude": -16.46587428,
          "label": "Rua Projetada 02",
          "frontage_m": 10.0,
          "confidence": "memorial"
        },
        "memorial_path": "memoriais/Q18/L22.pdf",
        "status_default": "nao_informado",
        "technical_review": []
      },
      "geometry": {
        "type": "Polygon",
        "coordinates": [
          [
            [
              -54.55916903138632,
              -16.46568798058615
            ],
            [
              -54.559079406944456,
              -16.465714053002955
            ],
            [
              -54.55913344303465,
              -16.465887314299774
            ],
            [
              -54.559223067555706,
              -16.465861241869906
            ],
            [
              -54.55916903138632,
              -16.46568798058615
            ]
          ]
        ]
      }
    },
    {
      "type": "Feature",
      "id": "Q18-L23",
      "properties": {
        "quadra": 18,
        "lote": 23,
        "area_m2": 200.32,
        "center": [
          -54.55906161,
          -16.46581372
        ],
        "source_polygon": "PLINHA-185",
        "geometry_source": "memorial_descritivo",
        "match_distance_m": 0.0,
        "perimeter_m": 60.06,
        "frontage_m": 10.0,
        "dimensions": [
          {
            "from": "724",
            "to": "725",
            "label": "RMI – 03 Área Verde",
            "length_m": 10.0
          },
          {
            "from": "725",
            "to": "770",
            "label": "Lote 24",
            "length_m": 20.03
          },
          {
            "from": "770",
            "to": "771",
            "label": "Rua Projetada 02",
            "length_m": 10.0
          },
          {
            "from": "771",
            "to": "724",
            "label": "Lote 22",
            "length_m": 20.03
          }
        ],
        "access": {
          "longitude": -54.55908863,
          "latitude": -16.46590035,
          "label": "Rua Projetada 02",
          "frontage_m": 10.0,
          "confidence": "memorial"
        },
        "memorial_path": "memoriais/Q18/L23.pdf",
        "status_default": "nao_informado",
        "technical_review": []
      },
      "geometry": {
        "type": "Polygon",
        "coordinates": [
          [
            [
              -54.559079406944456,
              -16.465714053002955
            ],
            [
              -54.55898978248362,
              -16.46574012537809
            ],
            [
              -54.55904381849463,
              -16.46591338668796
            ],
            [
              -54.55913344303465,
              -16.465887314299774
            ],
            [
              -54.559079406944456,
              -16.465714053002955
            ]
          ]
        ]
      }
    },
    {
      "type": "Feature",
      "id": "Q18-L24",
      "properties": {
        "quadra": 18,
        "lote": 24,
        "area_m2": 200.31,
        "center": [
          -54.55897199,
          -16.46583979
        ],
        "source_polygon": "PLINHA-186",
        "geometry_source": "memorial_descritivo",
        "match_distance_m": 0.0,
        "perimeter_m": 60.06,
        "frontage_m": 10.0,
        "dimensions": [
          {
            "from": "725",
            "to": "726",
            "label": "RMI – 03 Área Verde",
            "length_m": 10.0
          },
          {
            "from": "726",
            "to": "769",
            "label": "Lote 25",
            "length_m": 20.03
          },
          {
            "from": "769",
            "to": "770",
            "label": "Rua Projetada 02",
            "length_m": 10.0
          },
          {
            "from": "770",
            "to": "725",
            "label": "Lote 23",
            "length_m": 20.03
          }
        ],
        "access": {
          "longitude": -54.55899901,
          "latitude": -16.46592642,
          "label": "Rua Projetada 02",
          "frontage_m": 10.0,
          "confidence": "memorial"
        },
        "memorial_path": "memoriais/Q18/L24.pdf",
        "status_default": "nao_informado",
        "technical_review": []
      },
      "geometry": {
        "type": "Polygon",
        "coordinates": [
          [
            [
              -54.55898978248362,
              -16.46574012537809
            ],
            [
              -54.5589001673638,
              -16.465766197820678
            ],
            [
              -54.55895419404874,
              -16.465939450002672
            ],
            [
              -54.55904381849463,
              -16.46591338668796
            ],
            [
              -54.55898978248362,
              -16.46574012537809
            ]
          ]
        ]
      }
    },
    {
      "type": "Feature",
      "id": "Q18-L25",
      "properties": {
        "quadra": 18,
        "lote": 25,
        "area_m2": 200.31,
        "center": [
          -54.55888237,
          -16.46586586
        ],
        "source_polygon": "PLINHA-187",
        "geometry_source": "memorial_descritivo",
        "match_distance_m": 0.0,
        "perimeter_m": 60.06,
        "frontage_m": 10.0,
        "dimensions": [
          {
            "from": "726",
            "to": "727",
            "label": "RMI – 03 Área Verde",
            "length_m": 10.0
          },
          {
            "from": "727",
            "to": "768",
            "label": "Lote 26",
            "length_m": 20.03
          },
          {
            "from": "768",
            "to": "769",
            "label": "Rua Projetada 02",
            "length_m": 10.0
          },
          {
            "from": "769",
            "to": "726",
            "label": "Lote 24",
            "length_m": 20.03
          }
        ],
        "access": {
          "longitude": -54.55890938,
          "latitude": -16.46595249,
          "label": "Rua Projetada 02",
          "frontage_m": 10.0,
          "confidence": "memorial"
        },
        "memorial_path": "memoriais/Q18/L25.pdf",
        "status_default": "nao_informado",
        "technical_review": []
      },
      "geometry": {
        "type": "Polygon",
        "coordinates": [
          [
            [
              -54.5589001673638,
              -16.465766197820678
            ],
            [
              -54.55881054286502,
              -16.46579227011244
            ],
            [
              -54.55886456947077,
              -16.46596552230749
            ],
            [
              -54.55895419404874,
              -16.465939450002672
            ],
            [
              -54.5589001673638,
              -16.465766197820678
            ]
          ]
        ]
      }
    },
    {
      "type": "Feature",
      "id": "Q18-L26",
      "properties": {
        "quadra": 18,
        "lote": 26,
        "area_m2": 200.31,
        "center": [
          -54.55879274,
          -16.46589193
        ],
        "source_polygon": "PLINHA-188",
        "geometry_source": "memorial_descritivo",
        "match_distance_m": 0.0,
        "perimeter_m": 60.06,
        "frontage_m": 10.0,
        "dimensions": [
          {
            "from": "727",
            "to": "728",
            "label": "RMI – 03 Área Verde",
            "length_m": 10.0
          },
          {
            "from": "728",
            "to": "767",
            "label": "Lote 27",
            "length_m": 20.03
          },
          {
            "from": "767",
            "to": "768",
            "label": "Rua Projetada 02",
            "length_m": 10.0
          },
          {
            "from": "768",
            "to": "727",
            "label": "Lote 25",
            "length_m": 20.03
          }
        ],
        "access": {
          "longitude": -54.55881976,
          "latitude": -16.46597856,
          "label": "Rua Projetada 02",
          "frontage_m": 10.0,
          "confidence": "memorial"
        },
        "memorial_path": "memoriais/Q18/L26.pdf",
        "status_default": "nao_informado",
        "technical_review": []
      },
      "geometry": {
        "type": "Polygon",
        "coordinates": [
          [
            [
              -54.55881054286502,
              -16.46579227011244
            ],
            [
              -54.55872091834726,
              -16.465818342362525
            ],
            [
              -54.55877494487383,
              -16.465991594570614
            ],
            [
              -54.55886456947077,
              -16.46596552230749
            ],
            [
              -54.55881054286502,
              -16.46579227011244
            ]
          ]
        ]
      }
    },
    {
      "type": "Feature",
      "id": "Q18-L27",
      "properties": {
        "quadra": 18,
        "lote": 27,
        "area_m2": 200.3,
        "center": [
          -54.55870312,
          -16.465918
        ],
        "source_polygon": "PLINHA-189",
        "geometry_source": "memorial_descritivo",
        "match_distance_m": 0.001,
        "perimeter_m": 60.06,
        "frontage_m": 10.0,
        "dimensions": [
          {
            "from": "728",
            "to": "729",
            "label": "RMI – 03 Área Verde",
            "length_m": 10.0
          },
          {
            "from": "729",
            "to": "766",
            "label": "Lote 28",
            "length_m": 20.03
          },
          {
            "from": "766",
            "to": "767",
            "label": "Rua Projetada 02",
            "length_m": 10.0
          },
          {
            "from": "767",
            "to": "728",
            "label": "Lote 26",
            "length_m": 20.03
          }
        ],
        "access": {
          "longitude": -54.55873013,
          "latitude": -16.46600463,
          "label": "Rua Projetada 02",
          "frontage_m": 10.0,
          "confidence": "memorial"
        },
        "memorial_path": "memoriais/Q18/L27.pdf",
        "status_default": "nao_informado",
        "technical_review": []
      },
      "geometry": {
        "type": "Polygon",
        "coordinates": [
          [
            [
              -54.55872091834726,
              -16.465818342362525
            ],
            [
              -54.55863129381053,
              -16.46584441457092
            ],
            [
              -54.55868532037103,
              -16.466017657760293
            ],
            [
              -54.55877494487383,
              -16.465991594570614
            ],
            [
              -54.55872091834726,
              -16.465818342362525
            ]
          ]
        ]
      }
    },
    {
      "type": "Feature",
      "id": "Q18-L28",
      "properties": {
        "quadra": 18,
        "lote": 28,
        "area_m2": 200.3,
        "center": [
          -54.5586135,
          -16.46594407
        ],
        "source_polygon": "PLINHA-190",
        "geometry_source": "memorial_descritivo",
        "match_distance_m": 0.001,
        "perimeter_m": 60.06,
        "frontage_m": 10.0,
        "dimensions": [
          {
            "from": "729",
            "to": "730",
            "label": "RMI – 03 Área Verde",
            "length_m": 10.0
          },
          {
            "from": "730",
            "to": "765",
            "label": "Lote 29",
            "length_m": 20.03
          },
          {
            "from": "765",
            "to": "766",
            "label": "Rua Projetada 02",
            "length_m": 10.0
          },
          {
            "from": "766",
            "to": "729",
            "label": "Lote 27",
            "length_m": 20.03
          }
        ],
        "access": {
          "longitude": -54.55864051,
          "latitude": -16.46603069,
          "label": "Rua Projetada 02",
          "frontage_m": 10.0,
          "confidence": "memorial"
        },
        "memorial_path": "memoriais/Q18/L28.pdf",
        "status_default": "nao_informado",
        "technical_review": []
      },
      "geometry": {
        "type": "Polygon",
        "coordinates": [
          [
            [
              -54.55863129381053,
              -16.46584441457092
            ],
            [
              -54.55854167861482,
              -16.46587048684678
            ],
            [
              -54.55859569573615,
              -16.466043729940033
            ],
            [
              -54.55868532037103,
              -16.466017657760293
            ],
            [
              -54.55863129381053,
              -16.46584441457092
            ]
          ]
        ]
      }
    },
    {
      "type": "Feature",
      "id": "Q18-L29",
      "properties": {
        "quadra": 18,
        "lote": 29,
        "area_m2": 200.29,
        "center": [
          -54.55852388,
          -16.46597014
        ],
        "source_polygon": "PLINHA-142",
        "geometry_source": "memorial_descritivo",
        "match_distance_m": 0.0,
        "perimeter_m": 60.06,
        "frontage_m": 10.0,
        "dimensions": [
          {
            "from": "730",
            "to": "731",
            "label": "RMI – 03 Área Verde",
            "length_m": 10.0
          },
          {
            "from": "731",
            "to": "764",
            "label": "Lote 30",
            "length_m": 20.03
          },
          {
            "from": "764",
            "to": "765",
            "label": "Rua Projetada 02",
            "length_m": 10.0
          },
          {
            "from": "765",
            "to": "730",
            "label": "Lote 28",
            "length_m": 20.03
          }
        ],
        "access": {
          "longitude": -54.55855089,
          "latitude": -16.46605677,
          "label": "Rua Projetada 02",
          "frontage_m": 10.0,
          "confidence": "memorial"
        },
        "memorial_path": "memoriais/Q18/L29.pdf",
        "status_default": "nao_informado",
        "technical_review": []
      },
      "geometry": {
        "type": "Polygon",
        "coordinates": [
          [
            [
              -54.55854167861482,
              -16.46587048684678
            ],
            [
              -54.55845205404015,
              -16.46589655897181
            ],
            [
              -54.5585060804423,
              -16.46606980218726
            ],
            [
              -54.55859569573615,
              -16.466043729940033
            ],
            [
              -54.55854167861482,
              -16.46587048684678
            ]
          ]
        ]
      }
    },
    {
      "type": "Feature",
      "id": "Q18-L30",
      "properties": {
        "quadra": 18,
        "lote": 30,
        "area_m2": 200.29,
        "center": [
          -54.55843426,
          -16.46599621
        ],
        "source_polygon": "PLINHA-143",
        "geometry_source": "memorial_descritivo",
        "match_distance_m": 0.0,
        "perimeter_m": 60.06,
        "frontage_m": 10.0,
        "dimensions": [
          {
            "from": "731",
            "to": "732",
            "label": "RMI – 03 Área Verde",
            "length_m": 10.0
          },
          {
            "from": "732",
            "to": "763",
            "label": "Lote 31",
            "length_m": 20.03
          },
          {
            "from": "763",
            "to": "764",
            "label": "Rua Projetada 02",
            "length_m": 10.0
          },
          {
            "from": "764",
            "to": "731",
            "label": "Lote 29",
            "length_m": 20.03
          }
        ],
        "access": {
          "longitude": -54.55846127,
          "latitude": -16.46608283,
          "label": "Rua Projetada 02",
          "frontage_m": 10.0,
          "confidence": "memorial"
        },
        "memorial_path": "memoriais/Q18/L30.pdf",
        "status_default": "nao_informado",
        "technical_review": []
      },
      "geometry": {
        "type": "Polygon",
        "coordinates": [
          [
            [
              -54.55845205404015,
              -16.46589655897181
            ],
            [
              -54.558362429446504,
              -16.465922631055157
            ],
            [
              -54.5584164558826,
              -16.466095865251887
            ],
            [
              -54.5585060804423,
              -16.46606980218726
            ],
            [
              -54.55845205404015,
              -16.46589655897181
            ]
          ]
        ]
      }
    },
    {
      "type": "Feature",
      "id": "Q18-L31",
      "properties": {
        "quadra": 18,
        "lote": 31,
        "area_m2": 200.29,
        "center": [
          -54.55834463,
          -16.46602228
        ],
        "source_polygon": "PLINHA-144",
        "geometry_source": "memorial_descritivo",
        "match_distance_m": 0.001,
        "perimeter_m": 60.06,
        "frontage_m": 10.0,
        "dimensions": [
          {
            "from": "732",
            "to": "733",
            "label": "RMI – 03 Área Verde",
            "length_m": 10.0
          },
          {
            "from": "733",
            "to": "762",
            "label": "Lote 32",
            "length_m": 20.03
          },
          {
            "from": "762",
            "to": "763",
            "label": "Rua Projetada 02",
            "length_m": 10.0
          },
          {
            "from": "763",
            "to": "732",
            "label": "Lote 30",
            "length_m": 20.03
          }
        ],
        "access": {
          "longitude": -54.55837164,
          "latitude": -16.4661089,
          "label": "Rua Projetada 02",
          "frontage_m": 10.0,
          "confidence": "memorial"
        },
        "memorial_path": "memoriais/Q18/L31.pdf",
        "status_default": "nao_informado",
        "technical_review": []
      },
      "geometry": {
        "type": "Polygon",
        "coordinates": [
          [
            [
              -54.558362429446504,
              -16.465922631055157
            ],
            [
              -54.55827280483389,
              -16.46594870309681
            ],
            [
              -54.55832683119081,
              -16.46612193730658
            ],
            [
              -54.5584164558826,
              -16.466095865251887
            ],
            [
              -54.558362429446504,
              -16.465922631055157
            ]
          ]
        ]
      }
    },
    {
      "type": "Feature",
      "id": "Q18-L32",
      "properties": {
        "quadra": 18,
        "lote": 32,
        "area_m2": 200.28,
        "center": [
          -54.55825501,
          -16.46604836
        ],
        "source_polygon": "PLINHA-145",
        "geometry_source": "memorial_descritivo",
        "match_distance_m": 0.001,
        "perimeter_m": 60.06,
        "frontage_m": 10.0,
        "dimensions": [
          {
            "from": "733",
            "to": "734",
            "label": "RMI – 03 Área Verde",
            "length_m": 10.0
          },
          {
            "from": "734",
            "to": "761",
            "label": "Lote 33",
            "length_m": 20.03
          },
          {
            "from": "761",
            "to": "762",
            "label": "Rua Projetada 02",
            "length_m": 10.0
          },
          {
            "from": "762",
            "to": "733",
            "label": "Lote 31",
            "length_m": 20.03
          }
        ],
        "access": {
          "longitude": -54.55828202,
          "latitude": -16.46613497,
          "label": "Rua Projetada 02",
          "frontage_m": 10.0,
          "confidence": "memorial"
        },
        "memorial_path": "memoriais/Q18/L32.pdf",
        "status_default": "nao_informado",
        "technical_review": []
      },
      "geometry": {
        "type": "Polygon",
        "coordinates": [
          [
            [
              -54.55827280483389,
              -16.46594870309681
            ],
            [
              -54.55818318956229,
              -16.46597477520595
            ],
            [
              -54.558237206480044,
              -16.466148009319596
            ],
            [
              -54.55832683119081,
              -16.46612193730658
            ],
            [
              -54.55827280483389,
              -16.46594870309681
            ]
          ]
        ]
      }
    },
    {
      "type": "Feature",
      "id": "Q18-L33",
      "properties": {
        "quadra": 18,
        "lote": 33,
        "area_m2": 200.28,
        "center": [
          -54.55816539,
          -16.46607443
        ],
        "source_polygon": "PLINHA-146",
        "geometry_source": "memorial_descritivo",
        "match_distance_m": 0.0,
        "perimeter_m": 60.06,
        "frontage_m": 10.0,
        "dimensions": [
          {
            "from": "734",
            "to": "735",
            "label": "RMI – 03 Área verde",
            "length_m": 10.0
          },
          {
            "from": "735",
            "to": "760",
            "label": "Lote 34",
            "length_m": 20.03
          },
          {
            "from": "760",
            "to": "761",
            "label": "Rua Projetada 02",
            "length_m": 10.0
          },
          {
            "from": "761",
            "to": "734",
            "label": "Lote 32",
            "length_m": 20.03
          }
        ],
        "access": {
          "longitude": -54.55819239,
          "latitude": -16.46616104,
          "label": "Rua Projetada 02",
          "frontage_m": 10.0,
          "confidence": "memorial"
        },
        "memorial_path": "memoriais/Q18/L33.pdf",
        "status_default": "nao_informado",
        "technical_review": []
      },
      "geometry": {
        "type": "Polygon",
        "coordinates": [
          [
            [
              -54.55818318956229,
              -16.46597477520595
            ],
            [
              -54.55809356491173,
              -16.466000847164242
            ],
            [
              -54.558147581863444,
              -16.466174072259157
            ],
            [
              -54.558237206480044,
              -16.466148009319596
            ],
            [
              -54.55818318956229,
              -16.46597477520595
            ]
          ]
        ]
      }
    },
    {
      "type": "Feature",
      "id": "Q18-L34",
      "properties": {
        "quadra": 18,
        "lote": 34,
        "area_m2": 200.27,
        "center": [
          -54.55807576,
          -16.4661005
        ],
        "source_polygon": "PLINHA-147",
        "geometry_source": "memorial_descritivo",
        "match_distance_m": 0.0,
        "perimeter_m": 60.06,
        "frontage_m": 10.0,
        "dimensions": [
          {
            "from": "735",
            "to": "736",
            "label": "RMI – 03 Área Verde",
            "length_m": 10.0
          },
          {
            "from": "736",
            "to": "759",
            "label": "Lote 35",
            "length_m": 20.03
          },
          {
            "from": "759",
            "to": "760",
            "label": "Rua Projetada 02",
            "length_m": 10.0
          },
          {
            "from": "760",
            "to": "735",
            "label": "Lote 33",
            "length_m": 20.03
          }
        ],
        "access": {
          "longitude": -54.55810277,
          "latitude": -16.46618711,
          "label": "Rua Projetada 02",
          "frontage_m": 10.0,
          "confidence": "memorial"
        },
        "memorial_path": "memoriais/Q18/L34.pdf",
        "status_default": "nao_informado",
        "technical_review": [
          "área memorial 200.27, KML [200.4]"
        ]
      },
      "geometry": {
        "type": "Polygon",
        "coordinates": [
          [
            [
              -54.55809356491173,
              -16.466000847164242
            ],
            [
              -54.558003940242195,
              -16.46602691908084
            ],
            [
              -54.558057957114734,
              -16.46620014418879
            ],
            [
              -54.558147581863444,
              -16.466174072259157
            ],
            [
              -54.55809356491173,
              -16.466000847164242
            ]
          ]
        ]
      }
    },
    {
      "type": "Feature",
      "id": "Q18-L35",
      "properties": {
        "quadra": 18,
        "lote": 35,
        "area_m2": 200.27,
        "center": [
          -54.55798614,
          -16.46612657
        ],
        "source_polygon": "PLINHA-148",
        "geometry_source": "memorial_descritivo",
        "match_distance_m": 0.001,
        "perimeter_m": 60.05,
        "frontage_m": 10.0,
        "dimensions": [
          {
            "from": "736",
            "to": "737",
            "label": "RMI – 03 Área Verde",
            "length_m": 10.0
          },
          {
            "from": "737",
            "to": "758",
            "label": "Lote 36",
            "length_m": 20.03
          },
          {
            "from": "758",
            "to": "759",
            "label": "Rua Projetada 02",
            "length_m": 10.0
          },
          {
            "from": "759",
            "to": "736",
            "label": "Lote 34",
            "length_m": 20.03
          }
        ],
        "access": {
          "longitude": -54.55801315,
          "latitude": -16.46621318,
          "label": "Rua Projetada 02",
          "frontage_m": 10.0,
          "confidence": "memorial"
        },
        "memorial_path": "memoriais/Q18/L35.pdf",
        "status_default": "nao_informado",
        "technical_review": []
      },
      "geometry": {
        "type": "Polygon",
        "coordinates": [
          [
            [
              -54.558003940242195,
              -16.46602691908084
            ],
            [
              -54.557914315553695,
              -16.466052990955756
            ],
            [
              -54.55796833234706,
              -16.466226216076745
            ],
            [
              -54.558057957114734,
              -16.46620014418879
            ],
            [
              -54.558003940242195,
              -16.46602691908084
            ]
          ]
        ]
      }
    },
    {
      "type": "Feature",
      "id": "Q18-L36",
      "properties": {
        "quadra": 18,
        "lote": 36,
        "area_m2": 200.27,
        "center": [
          -54.55789652,
          -16.46615264
        ],
        "source_polygon": "PLINHA-149",
        "geometry_source": "memorial_descritivo",
        "match_distance_m": 0.001,
        "perimeter_m": 60.05,
        "frontage_m": 10.0,
        "dimensions": [
          {
            "from": "737",
            "to": "738",
            "label": "RMI – 03 Área Verde",
            "length_m": 10.0
          },
          {
            "from": "738",
            "to": "757",
            "label": "Lote 37",
            "length_m": 20.03
          },
          {
            "from": "757",
            "to": "758",
            "label": "Rua Projetada 02",
            "length_m": 10.0
          },
          {
            "from": "758",
            "to": "737",
            "label": "Lote 35",
            "length_m": 20.03
          }
        ],
        "access": {
          "longitude": -54.55792352,
          "latitude": -16.46623925,
          "label": "Rua Projetada 02",
          "frontage_m": 10.0,
          "confidence": "memorial"
        },
        "memorial_path": "memoriais/Q18/L36.pdf",
        "status_default": "nao_informado",
        "technical_review": []
      },
      "geometry": {
        "type": "Polygon",
        "coordinates": [
          [
            [
              -54.557914315553695,
              -16.466052990955756
            ],
            [
              -54.55782470020621,
              -16.466079062898174
            ],
            [
              -54.55787901703356,
              -16.466252279000432
            ],
            [
              -54.55796833234706,
              -16.466226216076745
            ],
            [
              -54.557914315553695,
              -16.466052990955756
            ]
          ]
        ]
      }
    },
    {
      "type": "Feature",
      "id": "Q18-L37",
      "properties": {
        "quadra": 18,
        "lote": 37,
        "area_m2": 200.26,
        "center": [
          -54.5578069,
          -16.46617871
        ],
        "source_polygon": "PLINHA-150",
        "geometry_source": "memorial_descritivo",
        "match_distance_m": 0.001,
        "perimeter_m": 60.05,
        "frontage_m": 10.0,
        "dimensions": [
          {
            "from": "738",
            "to": "739",
            "label": "RMI – 03 Área Verde",
            "length_m": 10.0
          },
          {
            "from": "739",
            "to": "756",
            "label": "Lote 38",
            "length_m": 20.03
          },
          {
            "from": "756",
            "to": "757",
            "label": "Rua Projetada 02",
            "length_m": 10.0
          },
          {
            "from": "757",
            "to": "738",
            "label": "Lote 36",
            "length_m": 20.03
          }
        ],
        "access": {
          "longitude": -54.5578339,
          "latitude": -16.46626532,
          "label": "Rua Projetada 02",
          "frontage_m": 10.0,
          "confidence": "memorial"
        },
        "memorial_path": "memoriais/Q18/L37.pdf",
        "status_default": "nao_informado",
        "technical_review": []
      },
      "geometry": {
        "type": "Polygon",
        "coordinates": [
          [
            [
              -54.55782470020621,
              -16.466079062898174
            ],
            [
              -54.55773507536661,
              -16.46610514372147
            ],
            [
              -54.55778909222794,
              -16.466278350805016
            ],
            [
              -54.55787901703356,
              -16.466252279000432
            ],
            [
              -54.55782470020621,
              -16.466079062898174
            ]
          ]
        ]
      }
    },
    {
      "type": "Feature",
      "id": "Q18-L38",
      "properties": {
        "quadra": 18,
        "lote": 38,
        "area_m2": 200.26,
        "center": [
          -54.55771727,
          -16.46620478
        ],
        "source_polygon": "PLINHA-151",
        "geometry_source": "memorial_descritivo",
        "match_distance_m": 0.001,
        "perimeter_m": 60.05,
        "frontage_m": 10.0,
        "dimensions": [
          {
            "from": "739",
            "to": "740",
            "label": "RMI – 03 Área Verde",
            "length_m": 10.0
          },
          {
            "from": "740",
            "to": "755",
            "label": "Lote 39",
            "length_m": 20.03
          },
          {
            "from": "755",
            "to": "756",
            "label": "Rua Projetada 02",
            "length_m": 10.0
          },
          {
            "from": "756",
            "to": "739",
            "label": "Lote 37",
            "length_m": 20.03
          }
        ],
        "access": {
          "longitude": -54.55774428,
          "latitude": -16.46629139,
          "label": "Rua Projetada 02",
          "frontage_m": 10.0,
          "confidence": "memorial"
        },
        "memorial_path": "memoriais/Q18/L38.pdf",
        "status_default": "nao_informado",
        "technical_review": []
      },
      "geometry": {
        "type": "Polygon",
        "coordinates": [
          [
            [
              -54.55773507536661,
              -16.46610514372147
            ],
            [
              -54.55764545062118,
              -16.46613121547133
            ],
            [
              -54.55769946740336,
              -16.466304422567905
            ],
            [
              -54.55778909222794,
              -16.466278350805016
            ],
            [
              -54.55773507536661,
              -16.46610514372147
            ]
          ]
        ]
      }
    },
    {
      "type": "Feature",
      "id": "Q18-L39",
      "properties": {
        "quadra": 18,
        "lote": 39,
        "area_m2": 200.26,
        "center": [
          -54.55762765,
          -16.46623085
        ],
        "source_polygon": "PLINHA-152",
        "geometry_source": "memorial_descritivo",
        "match_distance_m": 0.001,
        "perimeter_m": 60.05,
        "frontage_m": 10.0,
        "dimensions": [
          {
            "from": "740",
            "to": "741",
            "label": "RMI – 03 Área verde",
            "length_m": 10.0
          },
          {
            "from": "741",
            "to": "754",
            "label": "Lote 40",
            "length_m": 20.03
          },
          {
            "from": "754",
            "to": "755",
            "label": "Rua Projetada 02",
            "length_m": 10.0
          },
          {
            "from": "755",
            "to": "740",
            "label": "Lote 38",
            "length_m": 20.03
          }
        ],
        "access": {
          "longitude": -54.55765466,
          "latitude": -16.46631745,
          "label": "Rua Projetada 02",
          "frontage_m": 10.0,
          "confidence": "memorial"
        },
        "memorial_path": "memoriais/Q18/L39.pdf",
        "status_default": "nao_informado",
        "technical_review": []
      },
      "geometry": {
        "type": "Polygon",
        "coordinates": [
          [
            [
              -54.55764545062118,
              -16.46613121547133
            ],
            [
              -54.55755582585679,
              -16.466157287179495
            ],
            [
              -54.55760984267297,
              -16.466330485257355
            ],
            [
              -54.55769946740336,
              -16.466304422567905
            ],
            [
              -54.55764545062118,
              -16.46613121547133
            ]
          ]
        ]
      }
    },
    {
      "type": "Feature",
      "id": "Q18-L40",
      "properties": {
        "quadra": 18,
        "lote": 40,
        "area_m2": 200.25,
        "center": [
          -54.55753802,
          -16.46625692
        ],
        "source_polygon": "PLINHA-153",
        "geometry_source": "memorial_descritivo",
        "match_distance_m": 0.001,
        "perimeter_m": 60.05,
        "frontage_m": 10.0,
        "dimensions": [
          {
            "from": "741",
            "to": "742",
            "label": "RMI – 03 Área Verde",
            "length_m": 10.0
          },
          {
            "from": "742",
            "to": "753",
            "label": "Lote 41",
            "length_m": 20.02
          },
          {
            "from": "753",
            "to": "754",
            "label": "Rua Projetada 02",
            "length_m": 10.0
          },
          {
            "from": "754",
            "to": "741",
            "label": "Lote 39",
            "length_m": 20.03
          }
        ],
        "access": {
          "longitude": -54.55756503,
          "latitude": -16.46634352,
          "label": "Rua Projetada 02",
          "frontage_m": 10.0,
          "confidence": "memorial"
        },
        "memorial_path": "memoriais/Q18/L40.pdf",
        "status_default": "nao_informado",
        "technical_review": []
      },
      "geometry": {
        "type": "Polygon",
        "coordinates": [
          [
            [
              -54.55755582585679,
              -16.466157287179495
            ],
            [
              -54.557466210433425,
              -16.466183358955178
            ],
            [
              -54.55752021781044,
              -16.466356556936876
            ],
            [
              -54.55760984267297,
              -16.466330485257355
            ],
            [
              -54.55755582585679,
              -16.466157287179495
            ]
          ]
        ]
      }
    },
    {
      "type": "Feature",
      "id": "Q18-L41",
      "properties": {
        "quadra": 18,
        "lote": 41,
        "area_m2": 200.25,
        "center": [
          -54.5574484,
          -16.46628299
        ],
        "source_polygon": "PLINHA-154",
        "geometry_source": "memorial_descritivo",
        "match_distance_m": 0.001,
        "perimeter_m": 60.05,
        "frontage_m": 10.0,
        "dimensions": [
          {
            "from": "742",
            "to": "743",
            "label": "RMI – 03 Área Verde",
            "length_m": 10.0
          },
          {
            "from": "743",
            "to": "752",
            "label": "Lote 42",
            "length_m": 20.02
          },
          {
            "from": "752",
            "to": "753",
            "label": "Rua Projetada 02",
            "length_m": 10.0
          },
          {
            "from": "753",
            "to": "742",
            "label": "Lote 40",
            "length_m": 20.02
          }
        ],
        "access": {
          "longitude": -54.55747541,
          "latitude": -16.46636959,
          "label": "Rua Projetada 02",
          "frontage_m": 10.0,
          "confidence": "memorial"
        },
        "memorial_path": "memoriais/Q18/L41.pdf",
        "status_default": "nao_informado",
        "technical_review": []
      },
      "geometry": {
        "type": "Polygon",
        "coordinates": [
          [
            [
              -54.557466210433425,
              -16.466183358955178
            ],
            [
              -54.5573765856311,
              -16.46620943057998
            ],
            [
              -54.55743059292894,
              -16.4663826285747
            ],
            [
              -54.55752021781044,
              -16.466356556936876
            ],
            [
              -54.557466210433425,
              -16.466183358955178
            ]
          ]
        ]
      }
    },
    {
      "type": "Feature",
      "id": "Q18-L42",
      "properties": {
        "quadra": 18,
        "lote": 42,
        "area_m2": 200.24,
        "center": [
          -54.55735878,
          -16.46630906
        ],
        "source_polygon": "PLINHA-155",
        "geometry_source": "memorial_descritivo",
        "match_distance_m": 0.001,
        "perimeter_m": 60.05,
        "frontage_m": 10.0,
        "dimensions": [
          {
            "from": "743",
            "to": "744",
            "label": "RMI – 03 Área Verde",
            "length_m": 10.0
          },
          {
            "from": "744",
            "to": "751",
            "label": "Lote 43",
            "length_m": 20.02
          },
          {
            "from": "751",
            "to": "752",
            "label": "Rua Projetada 02",
            "length_m": 10.0
          },
          {
            "from": "752",
            "to": "743",
            "label": "Lote 41",
            "length_m": 20.02
          }
        ],
        "access": {
          "longitude": -54.55738578,
          "latitude": -16.46639566,
          "label": "Rua Projetada 02",
          "frontage_m": 10.0,
          "confidence": "memorial"
        },
        "memorial_path": "memoriais/Q18/L42.pdf",
        "status_default": "nao_informado",
        "technical_review": []
      },
      "geometry": {
        "type": "Polygon",
        "coordinates": [
          [
            [
              -54.5573765856311,
              -16.46620943057998
            ],
            [
              -54.55728696080979,
              -16.466235502163084
            ],
            [
              -54.557340968141645,
              -16.46640869113909
            ],
            [
              -54.55743059292894,
              -16.4663826285747
            ],
            [
              -54.5573765856311,
              -16.46620943057998
            ]
          ]
        ]
      }
    },
    {
      "type": "Feature",
      "id": "Q18-L43",
      "properties": {
        "quadra": 18,
        "lote": 43,
        "area_m2": 200.24,
        "center": [
          -54.55726915,
          -16.46633513
        ],
        "source_polygon": "PLINHA-156",
        "geometry_source": "memorial_descritivo",
        "match_distance_m": 0.001,
        "perimeter_m": 60.05,
        "frontage_m": 10.0,
        "dimensions": [
          {
            "from": "744",
            "to": "745",
            "label": "RMI – 03 Área Verde",
            "length_m": 10.0
          },
          {
            "from": "745",
            "to": "750",
            "label": "Lote 44",
            "length_m": 20.02
          },
          {
            "from": "750",
            "to": "751",
            "label": "Rua Projetada 02",
            "length_m": 10.0
          },
          {
            "from": "751",
            "to": "744",
            "label": "Lote 42",
            "length_m": 20.02
          }
        ],
        "access": {
          "longitude": -54.55729616,
          "latitude": -16.46642173,
          "label": "Rua Projetada 02",
          "frontage_m": 10.0,
          "confidence": "memorial"
        },
        "memorial_path": "memoriais/Q18/L43.pdf",
        "status_default": "nao_informado",
        "technical_review": []
      },
      "geometry": {
        "type": "Polygon",
        "coordinates": [
          [
            [
              -54.55728696080979,
              -16.466235502163084
            ],
            [
              -54.55719733596952,
              -16.466261573704504
            ],
            [
              -54.55725134322222,
              -16.466434762693545
            ],
            [
              -54.557340968141645,
              -16.46640869113909
            ],
            [
              -54.55728696080979,
              -16.466235502163084
            ]
          ]
        ]
      }
    },
    {
      "type": "Feature",
      "id": "Q18-L44",
      "properties": {
        "quadra": 18,
        "lote": 44,
        "area_m2": 200.24,
        "center": [
          -54.55717953,
          -16.4663612
        ],
        "source_polygon": "PLINHA-157",
        "geometry_source": "memorial_descritivo",
        "match_distance_m": 0.0,
        "perimeter_m": 60.05,
        "frontage_m": 10.0,
        "dimensions": [
          {
            "from": "745",
            "to": "746",
            "label": "RMI – 03 Área Verde",
            "length_m": 10.0
          },
          {
            "from": "746",
            "to": "749",
            "label": "Lote 45",
            "length_m": 20.02
          },
          {
            "from": "749",
            "to": "750",
            "label": "Rua Projetada 02",
            "length_m": 10.0
          },
          {
            "from": "750",
            "to": "745",
            "label": "Lote 43",
            "length_m": 20.02
          }
        ],
        "access": {
          "longitude": -54.55720654,
          "latitude": -16.4664478,
          "label": "Rua Projetada 02",
          "frontage_m": 10.0,
          "confidence": "memorial"
        },
        "memorial_path": "memoriais/Q18/L44.pdf",
        "status_default": "nao_informado",
        "technical_review": []
      },
      "geometry": {
        "type": "Polygon",
        "coordinates": [
          [
            [
              -54.55719733596952,
              -16.466261573704504
            ],
            [
              -54.55710772047028,
              -16.466287645313457
            ],
            [
              -54.557161727643816,
              -16.466460834315523
            ],
            [
              -54.55725134322222,
              -16.466434762693545
            ],
            [
              -54.55719733596952,
              -16.466261573704504
            ]
          ]
        ]
      }
    },
    {
      "type": "Feature",
      "id": "Q18-L45",
      "properties": {
        "quadra": 18,
        "lote": 45,
        "area_m2": 200.23,
        "center": [
          -54.55708991,
          -16.46638727
        ],
        "source_polygon": "PLINHA-158",
        "geometry_source": "memorial_descritivo",
        "match_distance_m": 0.001,
        "perimeter_m": 60.05,
        "frontage_m": 10.0,
        "dimensions": [
          {
            "from": "746",
            "to": "747",
            "label": "RMI – 03 Área Verde",
            "length_m": 10.0
          },
          {
            "from": "747",
            "to": "748",
            "label": "RMI – 03 Área Verde",
            "length_m": 20.02
          },
          {
            "from": "748",
            "to": "749",
            "label": "Rua Projetada 02",
            "length_m": 10.0
          },
          {
            "from": "749",
            "to": "746",
            "label": "Lote 44",
            "length_m": 20.02
          }
        ],
        "access": {
          "longitude": -54.55711692,
          "latitude": -16.46647387,
          "label": "Rua Projetada 02",
          "frontage_m": 10.0,
          "confidence": "memorial"
        },
        "memorial_path": "memoriais/Q18/L45.pdf",
        "status_default": "nao_informado",
        "technical_review": []
      },
      "geometry": {
        "type": "Polygon",
        "coordinates": [
          [
            [
              -54.55710772047028,
              -16.466287645313457
            ],
            [
              -54.55701809559206,
              -16.4663137167715
            ],
            [
              -54.55707210279964,
              -16.466486896754844
            ],
            [
              -54.557161727643816,
              -16.466460834315523
            ],
            [
              -54.55710772047028,
              -16.466287645313457
            ]
          ]
        ]
      }
    },
    {
      "type": "Feature",
      "id": "Q20-L01",
      "properties": {
        "quadra": 20,
        "lote": 1,
        "area_m2": 248.59,
        "center": [
          -54.55824227,
          -16.46693022
        ],
        "source_polygon": "PLINHA-63",
        "geometry_source": "memorial_descritivo",
        "match_distance_m": 0.001,
        "perimeter_m": 65.63,
        "frontage_m": 11.31,
        "dimensions": [
          {
            "from": "652",
            "to": "653",
            "label": "Lote 12",
            "length_m": 11.49
          },
          {
            "from": "653",
            "to": "654",
            "label": "Lote 13",
            "length_m": 1.22
          },
          {
            "from": "654",
            "to": "649",
            "label": "Lote 2",
            "length_m": 20.77
          },
          {
            "from": "649",
            "to": "650",
            "label": "Rua Projetada 3",
            "length_m": 11.31
          },
          {
            "from": "650",
            "to": "652",
            "label": "RMI-05 Área Verde",
            "length_m": 20.85
          }
        ],
        "access": {
          "longitude": -54.55833739,
          "latitude": -16.46695797,
          "label": "Rua Projetada 3",
          "frontage_m": 11.31,
          "confidence": "memorial"
        },
        "memorial_path": "memoriais/Q20/L01.pdf",
        "status_default": "nao_informado",
        "technical_review": []
      },
      "geometry": {
        "type": "Polygon",
        "coordinates": [
          [
            [
              -54.55816902845364,
              -16.46684890376208
            ],
            [
              -54.558136018484845,
              -16.46694767484151
            ],
            [
              -54.558133197508624,
              -16.466958391301187
            ],
            [
              -54.55832107709966,
              -16.4670065339705
            ],
            [
              -54.55835370136073,
              -16.466909402374057
            ],
            [
              -54.55816902845364,
              -16.46684890376208
            ]
          ]
        ]
      }
    },
    {
      "type": "Feature",
      "id": "Q20-L02",
      "properties": {
        "quadra": 20,
        "lote": 2,
        "area_m2": 233.33,
        "center": [
          -54.55821369,
          -16.46703184
        ],
        "source_polygon": "PLINHA-66",
        "geometry_source": "memorial_descritivo",
        "match_distance_m": 0.001,
        "perimeter_m": 64.03,
        "frontage_m": 10.06,
        "dimensions": [
          {
            "from": "654",
            "to": "655",
            "label": "Lote 13",
            "length_m": 9.38
          },
          {
            "from": "655",
            "to": "656",
            "label": "Lote 14",
            "length_m": 3.14
          },
          {
            "from": "656",
            "to": "648",
            "label": "Lote 3",
            "length_m": 20.69
          },
          {
            "from": "648",
            "to": "649",
            "label": "Rua Projetada 3",
            "length_m": 10.06
          },
          {
            "from": "649",
            "to": "654",
            "label": "Lote 1",
            "length_m": 20.78
          }
        ],
        "access": {
          "longitude": -54.55831242,
          "latitude": -16.46705115,
          "label": "Rua Projetada 3",
          "frontage_m": 10.06,
          "confidence": "memorial"
        },
        "memorial_path": "memoriais/Q20/L02.pdf",
        "status_default": "nao_informado",
        "technical_review": []
      },
      "geometry": {
        "type": "Polygon",
        "coordinates": [
          [
            [
              -54.558133197508624,
              -16.466958391301187
            ],
            [
              -54.558115970775845,
              -16.467041475352293
            ],
            [
              -54.55811199598187,
              -16.46706956702974
            ],
            [
              -54.558303764029674,
              -16.467095768566598
            ],
            [
              -54.55832107709966,
              -16.4670065339705
            ],
            [
              -54.558133197508624,
              -16.466958391301187
            ]
          ]
        ]
      }
    },
    {
      "type": "Feature",
      "id": "Q20-L03",
      "properties": {
        "quadra": 20,
        "lote": 3,
        "area_m2": 232.28,
        "center": [
          -54.55820069,
          -16.46713316
        ],
        "source_polygon": "PLINHA-67",
        "geometry_source": "memorial_descritivo",
        "match_distance_m": 0.001,
        "perimeter_m": 63.83,
        "frontage_m": 10.05,
        "dimensions": [
          {
            "from": "656",
            "to": "657",
            "label": "Lote 14",
            "length_m": 7.45
          },
          {
            "from": "657",
            "to": "658",
            "label": "Lote 15",
            "length_m": 5.05
          },
          {
            "from": "658",
            "to": "647",
            "label": "Lote 4",
            "length_m": 20.58
          },
          {
            "from": "647",
            "to": "648",
            "label": "Rua Projetada 3",
            "length_m": 10.05
          },
          {
            "from": "648",
            "to": "656",
            "label": "Lote 2",
            "length_m": 20.7
          }
        ],
        "access": {
          "longitude": -54.55830074,
          "latitude": -16.46714103,
          "label": "Rua Projetada 3",
          "frontage_m": 10.05,
          "confidence": "memorial"
        },
        "memorial_path": "memoriais/Q20/L03.pdf",
        "status_default": "nao_informado",
        "technical_review": []
      },
      "geometry": {
        "type": "Polygon",
        "coordinates": [
          [
            [
              -54.55811199598187,
              -16.46706956702974
            ],
            [
              -54.55810614698354,
              -16.467136668779247
            ],
            [
              -54.55810507972466,
              -16.46718225531232
            ],
            [
              -54.558297715209456,
              -16.467186299808073
            ],
            [
              -54.558303764029674,
              -16.467095768566598
            ],
            [
              -54.55811199598187,
              -16.46706956702974
            ]
          ]
        ]
      }
    },
    {
      "type": "Feature",
      "id": "Q20-L04",
      "properties": {
        "quadra": 20,
        "lote": 4,
        "area_m2": 230.59,
        "center": [
          -54.55820064,
          -16.46723511
        ],
        "source_polygon": "PLINHA-81",
        "geometry_source": "memorial_descritivo",
        "match_distance_m": 0.001,
        "perimeter_m": 63.55,
        "frontage_m": 10.04,
        "dimensions": [
          {
            "from": "658",
            "to": "659",
            "label": "Lote 15",
            "length_m": 5.53
          },
          {
            "from": "659",
            "to": "660",
            "label": "Lote 16",
            "length_m": 6.95
          },
          {
            "from": "660",
            "to": "646",
            "label": "Lote 5",
            "length_m": 20.45
          },
          {
            "from": "646",
            "to": "647",
            "label": "Rua Projetada 3",
            "length_m": 10.04
          },
          {
            "from": "647",
            "to": "658",
            "label": "Lote 3",
            "length_m": 20.6
          }
        ],
        "access": {
          "longitude": -54.55830035,
          "latitude": -16.46723155,
          "label": "Rua Projetada 3",
          "frontage_m": 10.04,
          "confidence": "memorial"
        },
        "memorial_path": "memoriais/Q20/L04.pdf",
        "status_default": "nao_informado",
        "technical_review": []
      },
      "geometry": {
        "type": "Polygon",
        "coordinates": [
          [
            [
              -54.55810507972466,
              -16.46718225531232
            ],
            [
              -54.55810660727413,
              -16.46723218992412
            ],
            [
              -54.5581125080392,
              -16.46729471346084
            ],
            [
              -54.558302994199316,
              -16.467276791543327
            ],
            [
              -54.558297715209456,
              -16.467186299808073
            ],
            [
              -54.55810507972466,
              -16.46718225531232
            ]
          ]
        ]
      }
    },
    {
      "type": "Feature",
      "id": "Q20-L05",
      "properties": {
        "quadra": 20,
        "lote": 5,
        "area_m2": 240.61,
        "center": [
          -54.55821422,
          -16.46733888
        ],
        "source_polygon": "PLINHA-61",
        "geometry_source": "memorial_descritivo",
        "match_distance_m": 0.001,
        "perimeter_m": 64.44,
        "frontage_m": 0.0,
        "dimensions": [
          {
            "from": "646",
            "to": "660",
            "label": "Lote 16",
            "length_m": 20.46
          },
          {
            "from": "660",
            "to": "661",
            "label": "Propriedade de",
            "length_m": 3.61
          },
          {
            "from": "661",
            "to": "662",
            "label": "Propriedade de",
            "length_m": 9.53
          },
          {
            "from": "662",
            "to": "645",
            "label": "Propriedade de",
            "length_m": 20.27
          },
          {
            "from": "645",
            "to": "646",
            "label": "Propriedade de",
            "length_m": 10.59
          }
        ],
        "access": null,
        "memorial_path": "memoriais/Q20/L05.pdf",
        "status_default": "nao_informado",
        "technical_review": []
      },
      "geometry": {
        "type": "Polygon",
        "coordinates": [
          [
            [
              -54.558302994199316,
              -16.467276791543327
            ],
            [
              -54.5581125080392,
              -16.46729471346084
            ],
            [
              -54.55811751488848,
              -16.467326965756428
            ],
            [
              -54.55813565016074,
              -16.467411230094616
            ],
            [
              -54.55832072678523,
              -16.467370788838384
            ],
            [
              -54.558302994199316,
              -16.467276791543327
            ]
          ]
        ]
      }
    },
    {
      "type": "Feature",
      "id": "Q20-L06",
      "properties": {
        "quadra": 20,
        "lote": 6,
        "area_m2": 201.88,
        "center": [
          -54.55824163,
          -16.46743427
        ],
        "source_polygon": "PLINHA-80",
        "geometry_source": "memorial_descritivo",
        "match_distance_m": 0.001,
        "perimeter_m": 60.39,
        "frontage_m": 10.01,
        "dimensions": [
          {
            "from": "645",
            "to": "662",
            "label": "Lote 5",
            "length_m": 20.27
          },
          {
            "from": "662",
            "to": "663",
            "label": "Lote 17",
            "length_m": 1.01
          },
          {
            "from": "663",
            "to": "664",
            "label": "Lote 18",
            "length_m": 9.02
          },
          {
            "from": "664",
            "to": "644",
            "label": "Lote 7",
            "length_m": 20.08
          },
          {
            "from": "644",
            "to": "645",
            "label": "Rua Projetada 3",
            "length_m": 10.01
          }
        ],
        "access": {
          "longitude": -54.55833386,
          "latitude": -16.46741421,
          "label": "Rua Projetada 3",
          "frontage_m": 10.01,
          "confidence": "memorial"
        },
        "memorial_path": "memoriais/Q20/L06.pdf",
        "status_default": "nao_informado",
        "technical_review": []
      },
      "geometry": {
        "type": "Polygon",
        "coordinates": [
          [
            [
              -54.55832072678523,
              -16.467370788838384
            ],
            [
              -54.55813565016074,
              -16.467411230094616
            ],
            [
              -54.5581380673971,
              -16.46742003844317
            ],
            [
              -54.55816368120585,
              -16.46749767843658
            ],
            [
              -54.55834699312865,
              -16.467457623071056
            ],
            [
              -54.55832072678523,
              -16.467370788838384
            ]
          ]
        ]
      }
    },
    {
      "type": "Feature",
      "id": "Q20-L07",
      "properties": {
        "quadra": 20,
        "lote": 7,
        "area_m2": 200.69,
        "center": [
          -54.55826886,
          -16.46752098
        ],
        "source_polygon": "PLINHA-79",
        "geometry_source": "memorial_descritivo",
        "match_distance_m": 0.0,
        "perimeter_m": 60.2,
        "frontage_m": 10.02,
        "dimensions": [
          {
            "from": "644",
            "to": "664",
            "label": "Lote 6",
            "length_m": 20.08
          },
          {
            "from": "664",
            "to": "665",
            "label": "Lote 18",
            "length_m": 1.49
          },
          {
            "from": "665",
            "to": "666",
            "label": "Lote 19",
            "length_m": 8.53
          },
          {
            "from": "666",
            "to": "643",
            "label": "Lote 8",
            "length_m": 20.08
          },
          {
            "from": "643",
            "to": "644",
            "label": "Rua Projetada 3",
            "length_m": 10.02
          }
        ],
        "access": {
          "longitude": -54.55836052,
          "latitude": -16.46750095,
          "label": "Rua Projetada 3",
          "frontage_m": 10.02,
          "confidence": "memorial"
        },
        "memorial_path": "memoriais/Q20/L07.pdf",
        "status_default": "nao_informado",
        "technical_review": []
      },
      "geometry": {
        "type": "Polygon",
        "coordinates": [
          [
            [
              -54.55834699312865,
              -16.467457623071056
            ],
            [
              -54.55816368120585,
              -16.46749767843658
            ],
            [
              -54.55816770448577,
              -16.467510552338002
            ],
            [
              -54.558190745467726,
              -16.467584332294226
            ],
            [
              -54.55837403875238,
              -16.467544276697126
            ],
            [
              -54.55834699312865,
              -16.467457623071056
            ]
          ]
        ]
      }
    },
    {
      "type": "Feature",
      "id": "Q20-L08",
      "properties": {
        "quadra": 20,
        "lote": 8,
        "area_m2": 200.67,
        "center": [
          -54.55829592,
          -16.46760763
        ],
        "source_polygon": "PLINHA-78",
        "geometry_source": "memorial_descritivo",
        "match_distance_m": 0.001,
        "perimeter_m": 60.19,
        "frontage_m": 10.02,
        "dimensions": [
          {
            "from": "643",
            "to": "666",
            "label": "Lote 7",
            "length_m": 20.08
          },
          {
            "from": "666",
            "to": "668",
            "label": "Lote 19",
            "length_m": 1.97
          },
          {
            "from": "668",
            "to": "642",
            "label": "Lote 9",
            "length_m": 20.08
          },
          {
            "from": "642",
            "to": "643",
            "label": "Rua Projetada 3",
            "length_m": 10.02
          }
        ],
        "access": {
          "longitude": -54.55838756,
          "latitude": -16.46758761,
          "label": "Rua Projetada 3",
          "frontage_m": 10.02,
          "confidence": "memorial"
        },
        "memorial_path": "memoriais/Q20/L08.pdf",
        "status_default": "nao_informado",
        "technical_review": []
      },
      "geometry": {
        "type": "Polygon",
        "coordinates": [
          [
            [
              -54.55837403875238,
              -16.467544276697126
            ],
            [
              -54.558190745467726,
              -16.467584332294226
            ],
            [
              -54.55821780974865,
              -16.467670986150953
            ],
            [
              -54.558401084282,
              -16.46763093935404
            ],
            [
              -54.55837403875238,
              -16.467544276697126
            ]
          ]
        ]
      }
    },
    {
      "type": "Feature",
      "id": "Q20-L09",
      "properties": {
        "quadra": 20,
        "lote": 9,
        "area_m2": 200.65,
        "center": [
          -54.55832297,
          -16.46769429
        ],
        "source_polygon": "PLINHA-77",
        "geometry_source": "memorial_descritivo",
        "match_distance_m": 0.001,
        "perimeter_m": 60.19,
        "frontage_m": 10.02,
        "dimensions": [
          {
            "from": "642",
            "to": "668",
            "label": "Lote 8",
            "length_m": 20.08
          },
          {
            "from": "668",
            "to": "669",
            "label": "Lote 20",
            "length_m": 2.45
          },
          {
            "from": "669",
            "to": "670",
            "label": "Lote 21",
            "length_m": 7.57
          },
          {
            "from": "670",
            "to": "641",
            "label": "Lote 10",
            "length_m": 20.07
          },
          {
            "from": "641",
            "to": "642",
            "label": "Rua Projetada 3",
            "length_m": 10.02
          }
        ],
        "access": {
          "longitude": -54.55841461,
          "latitude": -16.46767427,
          "label": "Rua Projetada 3",
          "frontage_m": 10.02,
          "confidence": "memorial"
        },
        "memorial_path": "memoriais/Q20/L09.pdf",
        "status_default": "nao_informado",
        "technical_review": []
      },
      "geometry": {
        "type": "Polygon",
        "coordinates": [
          [
            [
              -54.558401084282,
              -16.46763093935404
            ],
            [
              -54.55821780974865,
              -16.467670986150953
            ],
            [
              -54.55822441573384,
              -16.467692164477945
            ],
            [
              -54.558244873935465,
              -16.467757649038518
            ],
            [
              -54.55842812983065,
              -16.46771760201003
            ],
            [
              -54.558401084282,
              -16.46763093935404
            ]
          ]
        ]
      }
    },
    {
      "type": "Feature",
      "id": "Q20-L10",
      "properties": {
        "quadra": 20,
        "lote": 10,
        "area_m2": 200.63,
        "center": [
          -54.55835003,
          -16.46778095
        ],
        "source_polygon": "PLINHA-76",
        "geometry_source": "memorial_descritivo",
        "match_distance_m": 0.001,
        "perimeter_m": 60.18,
        "frontage_m": 10.02,
        "dimensions": [
          {
            "from": "641",
            "to": "670",
            "label": "Lote 9",
            "length_m": 20.07
          },
          {
            "from": "670",
            "to": "671",
            "label": "Lote 21",
            "length_m": 2.93
          },
          {
            "from": "671",
            "to": "672",
            "label": "Lote 22",
            "length_m": 7.09
          },
          {
            "from": "672",
            "to": "640",
            "label": "Lote 11",
            "length_m": 20.07
          },
          {
            "from": "640",
            "to": "641",
            "label": "Rua Projetada 3",
            "length_m": 10.02
          }
        ],
        "access": {
          "longitude": -54.55844165,
          "latitude": -16.46776093,
          "label": "Rua Projetada 3",
          "frontage_m": 10.02,
          "confidence": "memorial"
        },
        "memorial_path": "memoriais/Q20/L10.pdf",
        "status_default": "nao_informado",
        "technical_review": []
      },
      "geometry": {
        "type": "Polygon",
        "coordinates": [
          [
            [
              -54.55842812983065,
              -16.46771760201003
            ],
            [
              -54.558244873935465,
              -16.467757649038518
            ],
            [
              -54.55825277606927,
              -16.46778297060098
            ],
            [
              -54.55827192889438,
              -16.46784430278421
            ],
            [
              -54.55845517551146,
              -16.467804255633343
            ],
            [
              -54.55842812983065,
              -16.46771760201003
            ]
          ]
        ]
      }
    },
    {
      "type": "Feature",
      "id": "Q20-L11",
      "properties": {
        "quadra": 20,
        "lote": 11,
        "area_m2": 334.29,
        "center": [
          -54.55838869,
          -16.46789453
        ],
        "source_polygon": "PLINHA-29",
        "geometry_source": "memorial_descritivo",
        "match_distance_m": 0.001,
        "perimeter_m": 71.87,
        "frontage_m": 41.1,
        "dimensions": [
          {
            "from": "640",
            "to": "672",
            "label": "Lote 10",
            "length_m": 20.07
          },
          {
            "from": "672",
            "to": "674",
            "label": "Lote 22",
            "length_m": 13.41
          },
          {
            "from": "674",
            "to": "638",
            "label": "Rua Projetada 16",
            "length_m": 15.71
          },
          {
            "from": "638",
            "to": "639",
            "label": "Rua Projetada 16",
            "length_m": 7.97
          },
          {
            "from": "639",
            "to": "640",
            "label": "Rua Projetada 3",
            "length_m": 17.42
          }
        ],
        "access": {
          "longitude": -54.55843901,
          "latitude": -16.46792333,
          "label": "Rua Projetada 16 / Rua Projetada 3",
          "frontage_m": 41.1,
          "confidence": "memorial"
        },
        "memorial_path": "memoriais/Q20/L11.pdf",
        "status_default": "nao_informado",
        "technical_review": []
      },
      "geometry": {
        "type": "Polygon",
        "coordinates": [
          [
            [
              -54.55845517551146,
              -16.467804255633343
            ],
            [
              -54.55827192889438,
              -16.46784430278421
            ],
            [
              -54.558308099280005,
              -16.467960311962827
            ],
            [
              -54.55845406038375,
              -16.467977722935085
            ],
            [
              -54.55849486675794,
              -16.467931407513273
            ],
            [
              -54.55845517551146,
              -16.467804255633343
            ]
          ]
        ]
      }
    },
    {
      "type": "Feature",
      "id": "Q20-L12",
      "properties": {
        "quadra": 20,
        "lote": 12,
        "area_m2": 242.48,
        "center": [
          -54.55806165,
          -16.46687123
        ],
        "source_polygon": "PLINHA-64",
        "geometry_source": "memorial_descritivo",
        "match_distance_m": 0.001,
        "perimeter_m": 64.14,
        "frontage_m": 12.62,
        "dimensions": [
          {
            "from": "625",
            "to": "626",
            "label": "Rua Projetada 13",
            "length_m": 12.62
          },
          {
            "from": "626",
            "to": "653",
            "label": "Lote 13",
            "length_m": 20.02
          },
          {
            "from": "653",
            "to": "652",
            "label": "Lote 1",
            "length_m": 11.49
          },
          {
            "from": "652",
            "to": "625",
            "label": "RMI-05 Área Verde",
            "length_m": 20.02
          }
        ],
        "access": {
          "longitude": -54.55797355,
          "latitude": -16.46684502,
          "label": "Rua Projetada 13",
          "frontage_m": 12.62,
          "confidence": "memorial"
        },
        "memorial_path": "memoriais/Q20/L12.pdf",
        "status_default": "nao_informado",
        "technical_review": []
      },
      "geometry": {
        "type": "Polygon",
        "coordinates": [
          [
            [
              -54.5579915809679,
              -16.46679078368581
            ],
            [
              -54.55795551936828,
              -16.466899247755624
            ],
            [
              -54.558136018484845,
              -16.46694767484151
            ],
            [
              -54.55816902845364,
              -16.46684890376208
            ],
            [
              -54.5579915809679,
              -16.46679078368581
            ]
          ]
        ]
      }
    },
    {
      "type": "Feature",
      "id": "Q20-L13",
      "properties": {
        "quadra": 20,
        "lote": 13,
        "area_m2": 233.17,
        "center": [
          -54.55803193,
          -16.46697423
        ],
        "source_polygon": "PLINHA-65",
        "geometry_source": "memorial_descritivo",
        "match_distance_m": 0.001,
        "perimeter_m": 63.26,
        "frontage_m": 12.62,
        "dimensions": [
          {
            "from": "626",
            "to": "627",
            "label": "Rua Projetada 13",
            "length_m": 12.62
          },
          {
            "from": "627",
            "to": "655",
            "label": "Lote 14",
            "length_m": 20.03
          },
          {
            "from": "655",
            "to": "654",
            "label": "Lote 2",
            "length_m": 9.38
          },
          {
            "from": "654",
            "to": "653",
            "label": "Lote 1",
            "length_m": 1.22
          },
          {
            "from": "653",
            "to": "626",
            "label": "Lote 12",
            "length_m": 20.01
          }
        ],
        "access": {
          "longitude": -54.5579434,
          "latitude": -16.46695502,
          "label": "Rua Projetada 13",
          "frontage_m": 12.62,
          "confidence": "memorial"
        },
        "memorial_path": "memoriais/Q20/L13.pdf",
        "status_default": "nao_informado",
        "technical_review": []
      },
      "geometry": {
        "type": "Polygon",
        "coordinates": [
          [
            [
              -54.55795551936828,
              -16.466899247755624
            ],
            [
              -54.55793127064757,
              -16.467010794397268
            ],
            [
              -54.558115970775845,
              -16.467041475352293
            ],
            [
              -54.558133197508624,
              -16.466958391301187
            ],
            [
              -54.558136018484845,
              -16.46694767484151
            ],
            [
              -54.55795551936828,
              -16.466899247755624
            ]
          ]
        ]
      }
    },
    {
      "type": "Feature",
      "id": "Q20-L14",
      "properties": {
        "quadra": 20,
        "lote": 14,
        "area_m2": 232.69,
        "center": [
          -54.55801519,
          -16.46707794
        ],
        "source_polygon": "PLINHA-68",
        "geometry_source": "memorial_descritivo",
        "match_distance_m": 0.001,
        "perimeter_m": 63.25,
        "frontage_m": 0.0,
        "dimensions": [
          {
            "from": "627",
            "to": "628",
            "label": "Propriedade de",
            "length_m": 12.61
          },
          {
            "from": "628",
            "to": "657",
            "label": "Lote 15",
            "length_m": 20.04
          },
          {
            "from": "657",
            "to": "656",
            "label": "Lote 3",
            "length_m": 7.45
          },
          {
            "from": "656",
            "to": "655",
            "label": "Lote 2",
            "length_m": 3.14
          },
          {
            "from": "655",
            "to": "627",
            "label": "Lote 13",
            "length_m": 20.02
          }
        ],
        "access": null,
        "memorial_path": "memoriais/Q20/L14.pdf",
        "status_default": "nao_informado",
        "technical_review": []
      },
      "geometry": {
        "type": "Polygon",
        "coordinates": [
          [
            [
              -54.55793127064757,
              -16.467010794397268
            ],
            [
              -54.557919132825,
              -16.467124054065806
            ],
            [
              -54.55810614698354,
              -16.467136668779247
            ],
            [
              -54.55811199598187,
              -16.46706956702974
            ],
            [
              -54.558115970775845,
              -16.467041475352293
            ],
            [
              -54.55793127064757,
              -16.467010794397268
            ]
          ]
        ]
      }
    },
    {
      "type": "Feature",
      "id": "Q20-L15",
      "properties": {
        "quadra": 20,
        "lote": 15,
        "area_m2": 232.3,
        "center": [
          -54.55800975,
          -16.46718264
        ],
        "source_polygon": "PLINHA-69",
        "geometry_source": "memorial_descritivo",
        "match_distance_m": 0.001,
        "perimeter_m": 63.23,
        "frontage_m": 12.6,
        "dimensions": [
          {
            "from": "628",
            "to": "629",
            "label": "Rua Projetada 13",
            "length_m": 12.6
          },
          {
            "from": "629",
            "to": "659",
            "label": "Lote 16",
            "length_m": 20.04
          },
          {
            "from": "659",
            "to": "658",
            "label": "Lote 4",
            "length_m": 5.53
          },
          {
            "from": "658",
            "to": "657",
            "label": "Lote 3",
            "length_m": 5.05
          },
          {
            "from": "657",
            "to": "628",
            "label": "Lote 14",
            "length_m": 20.03
          }
        ],
        "access": {
          "longitude": -54.55791917,
          "latitude": -16.46718092,
          "label": "Rua Projetada 13",
          "frontage_m": 12.6,
          "confidence": "memorial"
        },
        "memorial_path": "memoriais/Q20/L15.pdf",
        "status_default": "nao_informado",
        "technical_review": []
      },
      "geometry": {
        "type": "Polygon",
        "coordinates": [
          [
            [
              -54.557919132825,
              -16.467124054065806
            ],
            [
              -54.55791920566381,
              -16.46723779039799
            ],
            [
              -54.55810660727413,
              -16.46723218992412
            ],
            [
              -54.55810507972466,
              -16.46718225531232
            ],
            [
              -54.55810614698354,
              -16.467136668779247
            ],
            [
              -54.557919132825,
              -16.467124054065806
            ]
          ]
        ]
      }
    },
    {
      "type": "Feature",
      "id": "Q20-L16",
      "properties": {
        "quadra": 20,
        "lote": 16,
        "area_m2": 232.06,
        "center": [
          -54.55801567,
          -16.46728718
        ],
        "source_polygon": "PLINHA-70",
        "geometry_source": "memorial_descritivo",
        "match_distance_m": 0.001,
        "perimeter_m": 63.22,
        "frontage_m": 12.58,
        "dimensions": [
          {
            "from": "659",
            "to": "629",
            "label": "Lote 15",
            "length_m": 20.03
          },
          {
            "from": "629",
            "to": "630",
            "label": "Rua Projetada 13",
            "length_m": 12.58
          },
          {
            "from": "630",
            "to": "661",
            "label": "Lote 17",
            "length_m": 20.06
          },
          {
            "from": "661",
            "to": "660",
            "label": "Lote 5",
            "length_m": 3.61
          },
          {
            "from": "660",
            "to": "659",
            "label": "Lote 4",
            "length_m": 6.95
          }
        ],
        "access": {
          "longitude": -54.55792532,
          "latitude": -16.46729427,
          "label": "Rua Projetada 13",
          "frontage_m": 12.58,
          "confidence": "memorial"
        },
        "memorial_path": "memoriais/Q20/L16.pdf",
        "status_default": "nao_informado",
        "technical_review": []
      },
      "geometry": {
        "type": "Polygon",
        "coordinates": [
          [
            [
              -54.55810660727413,
              -16.46723218992412
            ],
            [
              -54.55791920566381,
              -16.46723779039799
            ],
            [
              -54.557931430033804,
              -16.46735074710882
            ],
            [
              -54.55811751488848,
              -16.467326965756428
            ],
            [
              -54.5581125080392,
              -16.46729471346084
            ],
            [
              -54.55810660727413,
              -16.46723218992412
            ]
          ]
        ]
      }
    },
    {
      "type": "Feature",
      "id": "Q20-L17",
      "properties": {
        "quadra": 20,
        "lote": 17,
        "area_m2": 232.07,
        "center": [
          -54.55803287,
          -16.46739036
        ],
        "source_polygon": "PLINHA-71",
        "geometry_source": "memorial_descritivo",
        "match_distance_m": 0.001,
        "perimeter_m": 63.17,
        "frontage_m": 12.56,
        "dimensions": [
          {
            "from": "661",
            "to": "630",
            "label": "Lote 16",
            "length_m": 20.05
          },
          {
            "from": "630",
            "to": "631",
            "label": "Rua Projetada 13",
            "length_m": 12.56
          },
          {
            "from": "631",
            "to": "663",
            "label": "Lote 18",
            "length_m": 20.04
          },
          {
            "from": "663",
            "to": "662",
            "label": "Lote 6",
            "length_m": 1.01
          },
          {
            "from": "662",
            "to": "661",
            "label": "Lote 5",
            "length_m": 9.53
          }
        ],
        "access": {
          "longitude": -54.55794352,
          "latitude": -16.46740623,
          "label": "Rua Projetada 13",
          "frontage_m": 12.56,
          "confidence": "memorial"
        },
        "memorial_path": "memoriais/Q20/L17.pdf",
        "status_default": "nao_informado",
        "technical_review": []
      },
      "geometry": {
        "type": "Polygon",
        "coordinates": [
          [
            [
              -54.55811751488848,
              -16.467326965756428
            ],
            [
              -54.557931430033804,
              -16.46735074710882
            ],
            [
              -54.5579556153114,
              -16.46746170250956
            ],
            [
              -54.5581380673971,
              -16.46742003844317
            ],
            [
              -54.55813565016074,
              -16.467411230094616
            ],
            [
              -54.55811751488848,
              -16.467326965756428
            ]
          ]
        ]
      }
    },
    {
      "type": "Feature",
      "id": "Q20-L18",
      "properties": {
        "quadra": 20,
        "lote": 18,
        "area_m2": 210.24,
        "center": [
          -54.55806162,
          -16.46748616
        ],
        "source_polygon": "PLINHA-72",
        "geometry_source": "memorial_descritivo",
        "match_distance_m": 0.0,
        "perimeter_m": 61.12,
        "frontage_m": 10.51,
        "dimensions": [
          {
            "from": "663",
            "to": "631",
            "label": "Lote 17",
            "length_m": 20.03
          },
          {
            "from": "631",
            "to": "632",
            "label": "Rua Projetada 13",
            "length_m": 10.51
          },
          {
            "from": "632",
            "to": "665",
            "label": "Lote 19",
            "length_m": 20.07
          },
          {
            "from": "665",
            "to": "664",
            "label": "Lote 7",
            "length_m": 1.49
          },
          {
            "from": "664",
            "to": "663",
            "label": "Lote 6",
            "length_m": 9.02
          }
        ],
        "access": {
          "longitude": -54.55797025,
          "latitude": -16.467507,
          "label": "Rua Projetada 13",
          "frontage_m": 10.51,
          "confidence": "memorial"
        },
        "memorial_path": "memoriais/Q20/L18.pdf",
        "status_default": "nao_informado",
        "technical_review": []
      },
      "geometry": {
        "type": "Polygon",
        "coordinates": [
          [
            [
              -54.5581380673971,
              -16.46742003844317
            ],
            [
              -54.5579556153114,
              -16.46746170250956
            ],
            [
              -54.55798487678068,
              -16.467552302369445
            ],
            [
              -54.55816770448577,
              -16.467510552338002
            ],
            [
              -54.55816368120585,
              -16.46749767843658
            ],
            [
              -54.5581380673971,
              -16.46742003844317
            ]
          ]
        ]
      }
    },
    {
      "type": "Feature",
      "id": "Q20-L19",
      "properties": {
        "quadra": 20,
        "lote": 19,
        "area_m2": 210.25,
        "center": [
          -54.55809123,
          -16.46757738
        ],
        "source_polygon": null,
        "geometry_source": "memorial_descritivo",
        "match_distance_m": 0.319,
        "perimeter_m": 61.12,
        "frontage_m": 20.05,
        "dimensions": [
          {
            "from": "665",
            "to": "632",
            "label": "Lote 18",
            "length_m": 20.07
          },
          {
            "from": "632",
            "to": "633",
            "label": "Lote 20",
            "length_m": 10.5
          },
          {
            "from": "633",
            "to": "667",
            "label": "Lote 19",
            "length_m": 20.05
          },
          {
            "from": "667",
            "to": "666",
            "label": "Lote 8",
            "length_m": 1.97
          },
          {
            "from": "666",
            "to": "665",
            "label": "Lote 7",
            "length_m": 8.53
          }
        ],
        "access": {
          "longitude": -54.55810474,
          "latitude": -16.46762221,
          "label": "Lote 19",
          "frontage_m": 20.05,
          "confidence": "pendente_revisao"
        },
        "memorial_path": "memoriais/Q20/L19.pdf",
        "status_default": "nao_informado",
        "technical_review": [
          "sem polígono KML coincidente; geometria criada pelo memorial",
          "Memorial registra confrontação do Lote 19 com ele próprio; acesso estimado nesse segmento."
        ]
      },
      "geometry": {
        "type": "Polygon",
        "coordinates": [
          [
            [
              -54.55816770448577,
              -16.467510552338002
            ],
            [
              -54.55798589138768,
              -16.46755500606239
            ],
            [
              -54.55801341539595,
              -16.467643065424134
            ],
            [
              -54.558196055419316,
              -16.467601358353896
            ],
            [
              -54.558190745467726,
              -16.467584332294226
            ],
            [
              -54.55816770448577,
              -16.467510552338002
            ]
          ]
        ]
      }
    },
    {
      "type": "Feature",
      "id": "Q20-L20",
      "properties": {
        "quadra": 20,
        "lote": 20,
        "area_m2": 210.14,
        "center": [
          -54.55811892,
          -16.46766761
        ],
        "source_polygon": "PLINHA-74",
        "geometry_source": "memorial_descritivo",
        "match_distance_m": 0.001,
        "perimeter_m": 61.1,
        "frontage_m": 10.5,
        "dimensions": [
          {
            "from": "667",
            "to": "633",
            "label": "Lote 19",
            "length_m": 20.05
          },
          {
            "from": "633",
            "to": "634",
            "label": "Rua Projetada 13",
            "length_m": 10.5
          },
          {
            "from": "634",
            "to": "669",
            "label": "Lote 21",
            "length_m": 20.05
          },
          {
            "from": "669",
            "to": "668",
            "label": "Lote 9",
            "length_m": 2.45
          },
          {
            "from": "668",
            "to": "667",
            "label": "Lote 8",
            "length_m": 8.05
          }
        ],
        "access": {
          "longitude": -54.5580276,
          "latitude": -16.46768847,
          "label": "Rua Projetada 13",
          "frontage_m": 10.5,
          "confidence": "memorial"
        },
        "memorial_path": "memoriais/Q20/L20.pdf",
        "status_default": "nao_informado",
        "technical_review": []
      },
      "geometry": {
        "type": "Polygon",
        "coordinates": [
          [
            [
              -54.558196055419316,
              -16.467601358353896
            ],
            [
              -54.55801341539595,
              -16.467643065424134
            ],
            [
              -54.55804178498507,
              -16.467733871671214
            ],
            [
              -54.55822441573384,
              -16.467692164477945
            ],
            [
              -54.55821780974865,
              -16.467670986150953
            ],
            [
              -54.558196055419316,
              -16.467601358353896
            ]
          ]
        ]
      }
    },
    {
      "type": "Feature",
      "id": "Q20-L21",
      "properties": {
        "quadra": 20,
        "lote": 21,
        "area_m2": 210.13,
        "center": [
          -54.55814729,
          -16.46775842
        ],
        "source_polygon": "PLINHA-75",
        "geometry_source": "memorial_descritivo",
        "match_distance_m": 0.001,
        "perimeter_m": 61.1,
        "frontage_m": 10.5,
        "dimensions": [
          {
            "from": "669",
            "to": "634",
            "label": "Lote 20",
            "length_m": 20.05
          },
          {
            "from": "634",
            "to": "635",
            "label": "Rua Projetada 13",
            "length_m": 10.5
          },
          {
            "from": "635",
            "to": "671",
            "label": "Lote 22",
            "length_m": 20.05
          },
          {
            "from": "671",
            "to": "670",
            "label": "Lote 10",
            "length_m": 2.93
          },
          {
            "from": "670",
            "to": "669",
            "label": "Lote 9",
            "length_m": 7.57
          }
        ],
        "access": {
          "longitude": -54.55805597,
          "latitude": -16.46777928,
          "label": "Rua Projetada 13",
          "frontage_m": 10.5,
          "confidence": "memorial"
        },
        "memorial_path": "memoriais/Q20/L21.pdf",
        "status_default": "nao_informado",
        "technical_review": []
      },
      "geometry": {
        "type": "Polygon",
        "coordinates": [
          [
            [
              -54.55822441573384,
              -16.467692164477945
            ],
            [
              -54.55804178498507,
              -16.467733871671214
            ],
            [
              -54.5580701639552,
              -16.46782467802646
            ],
            [
              -54.55825277606927,
              -16.46778297060098
            ],
            [
              -54.558244873935465,
              -16.467757649038518
            ],
            [
              -54.55822441573384,
              -16.467692164477945
            ]
          ]
        ]
      }
    },
    {
      "type": "Feature",
      "id": "Q20-L22",
      "properties": {
        "quadra": 20,
        "lote": 22,
        "area_m2": 332.91,
        "center": [
          -54.558192,
          -16.46787535
        ],
        "source_polygon": "PLINHA-46",
        "geometry_source": "memorial_descritivo",
        "match_distance_m": 0.001,
        "perimeter_m": 74.72,
        "frontage_m": 34.94,
        "dimensions": [
          {
            "from": "671",
            "to": "635",
            "label": "Lote 21",
            "length_m": 20.05
          },
          {
            "from": "635",
            "to": "636",
            "label": "Rua Projetada 13",
            "length_m": 11.02
          },
          {
            "from": "636",
            "to": "637",
            "label": "Rua Projetada 13",
            "length_m": 3.91
          },
          {
            "from": "637",
            "to": "674",
            "label": "Rua Projetada 16",
            "length_m": 20.01
          },
          {
            "from": "674",
            "to": "672",
            "label": "Lote 11",
            "length_m": 13.41
          },
          {
            "from": "672",
            "to": "671",
            "label": "Lote 10",
            "length_m": 7.09
          }
        ],
        "access": {
          "longitude": -54.55816504,
          "latitude": -16.46792309,
          "label": "Rua Projetada 13 / Rua Projetada 16",
          "frontage_m": 34.94,
          "confidence": "memorial"
        },
        "memorial_path": "memoriais/Q20/L22.pdf",
        "status_default": "nao_informado",
        "technical_review": []
      },
      "geometry": {
        "type": "Polygon",
        "coordinates": [
          [
            [
              -54.55825277606927,
              -16.46778297060098
            ],
            [
              -54.5580701639552,
              -16.46782467802646
            ],
            [
              -54.55810051977126,
              -16.467919843317965
            ],
            [
              -54.558129333828916,
              -16.467939311492426
            ],
            [
              -54.558308099280005,
              -16.467960311962827
            ],
            [
              -54.55827192889438,
              -16.46784430278421
            ],
            [
              -54.55825277606927,
              -16.46778297060098
            ]
          ]
        ]
      }
    },
    {
      "type": "Feature",
      "id": "Q21-L01",
      "properties": {
        "quadra": 21,
        "lote": 1,
        "area_m2": 226.6,
        "center": [
          -54.55932394,
          -16.46623477
        ],
        "source_polygon": "PLINHA-22",
        "geometry_source": "memorial_descritivo",
        "match_distance_m": 0.001,
        "perimeter_m": 61.29,
        "frontage_m": 31.56,
        "dimensions": [
          {
            "from": "604",
            "to": "605",
            "label": "Lote 13",
            "length_m": 11.5
          },
          {
            "from": "605",
            "to": "601",
            "label": "Lote 2",
            "length_m": 20.0
          },
          {
            "from": "601",
            "to": "602",
            "label": "Rua Projetada 3",
            "length_m": 7.5
          },
          {
            "from": "602",
            "to": "603",
            "label": "Rua Projetada 3",
            "length_m": 6.29
          },
          {
            "from": "603",
            "to": "604",
            "label": "Rua Projetada 12",
            "length_m": 17.77
          }
        ],
        "access": {
          "longitude": -54.55936535,
          "latitude": -16.46625252,
          "label": "Rua Projetada 3 / Rua Projetada 12",
          "frontage_m": 31.56,
          "confidence": "memorial"
        },
        "memorial_path": "memoriais/Q21/L01.pdf",
        "status_default": "nao_informado",
        "technical_review": []
      },
      "geometry": {
        "type": "Polygon",
        "coordinates": [
          [
            [
              -54.55935076674938,
              -16.46613557497816
            ],
            [
              -54.55924768790394,
              -16.466165537415748
            ],
            [
              -54.55930167111084,
              -16.466338554186706
            ],
            [
              -54.55936886853999,
              -16.46631900410389
            ],
            [
              -54.55939394041326,
              -16.466273977392337
            ],
            [
              -54.55935076674938,
              -16.46613557497816
            ]
          ]
        ]
      }
    },
    {
      "type": "Feature",
      "id": "Q21-L02",
      "properties": {
        "quadra": 21,
        "lote": 2,
        "area_m2": 200.06,
        "center": [
          -54.55922987,
          -16.46626508
        ],
        "source_polygon": "PLINHA-23",
        "geometry_source": "memorial_descritivo",
        "match_distance_m": 0.001,
        "perimeter_m": 60.01,
        "frontage_m": 10.0,
        "dimensions": [
          {
            "from": "605",
            "to": "606",
            "label": "Lote 14",
            "length_m": 10.0
          },
          {
            "from": "606",
            "to": "600",
            "label": "Lote 3",
            "length_m": 20.01
          },
          {
            "from": "600",
            "to": "601",
            "label": "Rua Projetada 3",
            "length_m": 10.0
          },
          {
            "from": "601",
            "to": "605",
            "label": "Lote 1",
            "length_m": 20.0
          }
        ],
        "access": {
          "longitude": -54.55925686,
          "latitude": -16.4663516,
          "label": "Rua Projetada 3",
          "frontage_m": 10.0,
          "confidence": "memorial"
        },
        "memorial_path": "memoriais/Q21/L02.pdf",
        "status_default": "nao_informado",
        "technical_review": []
      },
      "geometry": {
        "type": "Polygon",
        "coordinates": [
          [
            [
              -54.55924768790394,
              -16.466165537415748
            ],
            [
              -54.55915806357803,
              -16.466191582741846
            ],
            [
              -54.5592120556135,
              -16.466364635762048
            ],
            [
              -54.55930167111084,
              -16.466338554186706
            ],
            [
              -54.55924768790394,
              -16.466165537415748
            ]
          ]
        ]
      }
    },
    {
      "type": "Feature",
      "id": "Q21-L03",
      "properties": {
        "quadra": 21,
        "lote": 3,
        "area_m2": 200.09,
        "center": [
          -54.55914024,
          -16.46629114
        ],
        "source_polygon": "PLINHA-24",
        "geometry_source": "memorial_descritivo",
        "match_distance_m": 0.001,
        "perimeter_m": 60.02,
        "frontage_m": 10.0,
        "dimensions": [
          {
            "from": "606",
            "to": "607",
            "label": "Lote 15",
            "length_m": 10.0
          },
          {
            "from": "607",
            "to": "599",
            "label": "Lote 4",
            "length_m": 20.01
          },
          {
            "from": "599",
            "to": "600",
            "label": "Rua Projetada 3",
            "length_m": 10.0
          },
          {
            "from": "600",
            "to": "606",
            "label": "Lote 3",
            "length_m": 20.01
          }
        ],
        "access": {
          "longitude": -54.55916724,
          "latitude": -16.46637767,
          "label": "Rua Projetada 3",
          "frontage_m": 10.0,
          "confidence": "memorial"
        },
        "memorial_path": "memoriais/Q21/L03.pdf",
        "status_default": "nao_informado",
        "technical_review": []
      },
      "geometry": {
        "type": "Polygon",
        "coordinates": [
          [
            [
              -54.55915806357803,
              -16.466191582741846
            ],
            [
              -54.55906842976005,
              -16.4662176369489
            ],
            [
              -54.55912243085025,
              -16.466390708154794
            ],
            [
              -54.5592120556135,
              -16.466364635762048
            ],
            [
              -54.55915806357803,
              -16.466191582741846
            ]
          ]
        ]
      }
    },
    {
      "type": "Feature",
      "id": "Q21-L04",
      "properties": {
        "quadra": 21,
        "lote": 4,
        "area_m2": 200.12,
        "center": [
          -54.55905062,
          -16.46631721
        ],
        "source_polygon": "PLINHA-25",
        "geometry_source": "memorial_descritivo",
        "match_distance_m": 0.001,
        "perimeter_m": 60.02,
        "frontage_m": 10.0,
        "dimensions": [
          {
            "from": "607",
            "to": "608",
            "label": "Lote 16",
            "length_m": 10.0
          },
          {
            "from": "608",
            "to": "598",
            "label": "Lote 5",
            "length_m": 20.01
          },
          {
            "from": "598",
            "to": "599",
            "label": "Rua Projetada 3",
            "length_m": 10.0
          },
          {
            "from": "599",
            "to": "607",
            "label": "Lote 3",
            "length_m": 20.01
          }
        ],
        "access": {
          "longitude": -54.55907762,
          "latitude": -16.46640375,
          "label": "Rua Projetada 3",
          "frontage_m": 10.0,
          "confidence": "memorial"
        },
        "memorial_path": "memoriais/Q21/L04.pdf",
        "status_default": "nao_informado",
        "technical_review": []
      },
      "geometry": {
        "type": "Polygon",
        "coordinates": [
          [
            [
              -54.55906842976005,
              -16.4662176369489
            ],
            [
              -54.55897880539624,
              -16.46624368219162
            ],
            [
              -54.55903280595493,
              -16.466416789537632
            ],
            [
              -54.55912243085025,
              -16.466390708154794
            ],
            [
              -54.55906842976005,
              -16.4662176369489
            ]
          ]
        ]
      }
    },
    {
      "type": "Feature",
      "id": "Q21-L05",
      "properties": {
        "quadra": 21,
        "lote": 5,
        "area_m2": 200.15,
        "center": [
          -54.55896099,
          -16.46634327
        ],
        "source_polygon": "PLINHA-26",
        "geometry_source": "memorial_descritivo",
        "match_distance_m": 0.001,
        "perimeter_m": 60.03,
        "frontage_m": 10.0,
        "dimensions": [
          {
            "from": "608",
            "to": "609",
            "label": "Lote 17",
            "length_m": 10.0
          },
          {
            "from": "609",
            "to": "597",
            "label": "Lote 6",
            "length_m": 20.02
          },
          {
            "from": "597",
            "to": "598",
            "label": "Rua Projetada 3",
            "length_m": 10.0
          },
          {
            "from": "598",
            "to": "608",
            "label": "Lote 4",
            "length_m": 20.01
          }
        ],
        "access": {
          "longitude": -54.558988,
          "latitude": -16.46642983,
          "label": "Rua Projetada 3",
          "frontage_m": 10.0,
          "confidence": "memorial"
        },
        "memorial_path": "memoriais/Q21/L05.pdf",
        "status_default": "nao_informado",
        "technical_review": []
      },
      "geometry": {
        "type": "Polygon",
        "coordinates": [
          [
            [
              -54.55897880539624,
              -16.46624368219162
            ],
            [
              -54.55888917154035,
              -16.466269736315294
            ],
            [
              -54.55894319051375,
              -16.466442861956143
            ],
            [
              -54.55903280595493,
              -16.466416789537632
            ],
            [
              -54.55897880539624,
              -16.46624368219162
            ]
          ]
        ]
      }
    },
    {
      "type": "Feature",
      "id": "Q21-L06",
      "properties": {
        "quadra": 21,
        "lote": 6,
        "area_m2": 200.05,
        "center": [
          -54.5588714,
          -16.46636939
        ],
        "source_polygon": "PLINHA-27",
        "geometry_source": "memorial_descritivo",
        "match_distance_m": 0.0,
        "perimeter_m": 60.01,
        "frontage_m": 10.0,
        "dimensions": [
          {
            "from": "609",
            "to": "610",
            "label": "Lote 18",
            "length_m": 10.0
          },
          {
            "from": "610",
            "to": "596",
            "label": "Lote 7",
            "length_m": 19.99
          },
          {
            "from": "596",
            "to": "597",
            "label": "Rua Projetada 3",
            "length_m": 10.0
          },
          {
            "from": "597",
            "to": "609",
            "label": "Lote 5",
            "length_m": 20.02
          }
        ],
        "access": {
          "longitude": -54.55889838,
          "latitude": -16.4664559,
          "label": "Rua Projetada 3",
          "frontage_m": 10.0,
          "confidence": "memorial"
        },
        "memorial_path": "memoriais/Q21/L06.pdf",
        "status_default": "nao_informado",
        "technical_review": []
      },
      "geometry": {
        "type": "Polygon",
        "coordinates": [
          [
            [
              -54.55888917154035,
              -16.466269736315294
            ],
            [
              -54.55879961907788,
              -16.466296017173683
            ],
            [
              -54.55885356558046,
              -16.466468943255617
            ],
            [
              -54.55894319051375,
              -16.466442861956143
            ],
            [
              -54.55888917154035,
              -16.466269736315294
            ]
          ]
        ]
      }
    },
    {
      "type": "Feature",
      "id": "Q21-L07",
      "properties": {
        "quadra": 21,
        "lote": 7,
        "area_m2": 234.96,
        "center": [
          -54.5587738,
          -16.46639776
        ],
        "source_polygon": "PLINHA-28",
        "geometry_source": "memorial_descritivo",
        "match_distance_m": 0.0,
        "perimeter_m": 63.48,
        "frontage_m": 10.5,
        "dimensions": [
          {
            "from": "610",
            "to": "612",
            "label": "Lote 19",
            "length_m": 11.1
          },
          {
            "from": "612",
            "to": "613",
            "label": "Lote 20",
            "length_m": 1.89
          },
          {
            "from": "613",
            "to": "595",
            "label": "Lote 8",
            "length_m": 20.0
          },
          {
            "from": "595",
            "to": "596",
            "label": "Rua Projetada 3",
            "length_m": 10.5
          },
          {
            "from": "596",
            "to": "610",
            "label": "Lote 6",
            "length_m": 19.99
          }
        ],
        "access": {
          "longitude": -54.55880751,
          "latitude": -16.46648546,
          "label": "Rua Projetada 3",
          "frontage_m": 10.5,
          "confidence": "memorial"
        },
        "memorial_path": "memoriais/Q21/L07.pdf",
        "status_default": "nao_informado",
        "technical_review": []
      },
      "geometry": {
        "type": "Polygon",
        "coordinates": [
          [
            [
              -54.55879961907788,
              -16.466296017173683
            ],
            [
              -54.55870191811918,
              -16.46633009788452
            ],
            [
              -54.55868563852988,
              -16.466336836419853
            ],
            [
              -54.558761457024744,
              -16.46650197812542
            ],
            [
              -54.55885356558046,
              -16.466468943255617
            ],
            [
              -54.55879961907788,
              -16.466296017173683
            ]
          ]
        ]
      }
    },
    {
      "type": "Feature",
      "id": "Q21-L08",
      "properties": {
        "quadra": 21,
        "lote": 8,
        "area_m2": 235.7,
        "center": [
          -54.55867299,
          -16.46644075
        ],
        "source_polygon": "PLINHA-17",
        "geometry_source": "memorial_descritivo",
        "match_distance_m": 0.001,
        "perimeter_m": 63.51,
        "frontage_m": 10.51,
        "dimensions": [
          {
            "from": "613",
            "to": "614",
            "label": "Lote 20",
            "length_m": 9.22
          },
          {
            "from": "614",
            "to": "615",
            "label": "Lote 21",
            "length_m": 3.79
          },
          {
            "from": "615",
            "to": "594",
            "label": "Lote 9",
            "length_m": 20.0
          },
          {
            "from": "594",
            "to": "595",
            "label": "Rua Projetada 3",
            "length_m": 10.51
          },
          {
            "from": "595",
            "to": "613",
            "label": "Lote 7",
            "length_m": 20.0
          }
        ],
        "access": {
          "longitude": -54.55871783,
          "latitude": -16.4665239,
          "label": "Rua Projetada 3",
          "frontage_m": 10.51,
          "confidence": "memorial"
        },
        "memorial_path": "memoriais/Q21/L08.pdf",
        "status_default": "nao_informado",
        "technical_review": []
      },
      "geometry": {
        "type": "Polygon",
        "coordinates": [
          [
            [
              -54.55868563852988,
              -16.466336836419853
            ],
            [
              -54.5586083920025,
              -16.46637391972805
            ],
            [
              -54.558577687532875,
              -16.466391040676083
            ],
            [
              -54.558674193366336,
              -16.466545818817217
            ],
            [
              -54.558761457024744,
              -16.46650197812542
            ],
            [
              -54.55868563852988,
              -16.466336836419853
            ]
          ]
        ]
      }
    },
    {
      "type": "Feature",
      "id": "Q21-L09",
      "properties": {
        "quadra": 21,
        "lote": 9,
        "area_m2": 236.2,
        "center": [
          -54.55857844,
          -16.46649561
        ],
        "source_polygon": "PLINHA-19",
        "geometry_source": "memorial_descritivo",
        "match_distance_m": 0.001,
        "perimeter_m": 63.54,
        "frontage_m": 10.52,
        "dimensions": [
          {
            "from": "615",
            "to": "616",
            "label": "Lote 21",
            "length_m": 7.33
          },
          {
            "from": "616",
            "to": "617",
            "label": "Lote 22",
            "length_m": 5.69
          },
          {
            "from": "617",
            "to": "593",
            "label": "Lote 10",
            "length_m": 20.0
          },
          {
            "from": "593",
            "to": "594",
            "label": "Rua Projetada 3",
            "length_m": 10.52
          },
          {
            "from": "594",
            "to": "615",
            "label": "Lote 8",
            "length_m": 20.0
          }
        ],
        "access": {
          "longitude": -54.55863368,
          "latitude": -16.46657282,
          "label": "Rua Projetada 3",
          "frontage_m": 10.52,
          "confidence": "memorial"
        },
        "memorial_path": "memoriais/Q21/L09.pdf",
        "status_default": "nao_informado",
        "technical_review": []
      },
      "geometry": {
        "type": "Polygon",
        "coordinates": [
          [
            [
              -54.558577687532875,
              -16.466391040676083
            ],
            [
              -54.55852015919538,
              -16.46642712539569
            ],
            [
              -54.558477433424386,
              -16.466457800284775
            ],
            [
              -54.55859315877427,
              -16.46659982206256
            ],
            [
              -54.558674193366336,
              -16.466545818817217
            ],
            [
              -54.558577687532875,
              -16.466391040676083
            ]
          ]
        ]
      }
    },
    {
      "type": "Feature",
      "id": "Q21-L10",
      "properties": {
        "quadra": 21,
        "lote": 10,
        "area_m2": 236.42,
        "center": [
          -54.55849167,
          -16.46656151
        ],
        "source_polygon": "PLINHA-18",
        "geometry_source": "memorial_descritivo",
        "match_distance_m": 0.001,
        "perimeter_m": 63.57,
        "frontage_m": 10.53,
        "dimensions": [
          {
            "from": "617",
            "to": "618",
            "label": "Lote 22",
            "length_m": 5.44
          },
          {
            "from": "618",
            "to": "620",
            "label": "Lote 23",
            "length_m": 7.59
          },
          {
            "from": "620",
            "to": "592",
            "label": "Lote 11",
            "length_m": 20.0
          },
          {
            "from": "592",
            "to": "593",
            "label": "Rua Projetada 3",
            "length_m": 10.53
          },
          {
            "from": "593",
            "to": "617",
            "label": "Lote 9",
            "length_m": 20.0
          }
        ],
        "access": {
          "longitude": -54.55855638,
          "latitude": -16.46663151,
          "label": "Rua Projetada 3",
          "frontage_m": 10.53,
          "confidence": "memorial"
        },
        "memorial_path": "memoriais/Q21/L10.pdf",
        "status_default": "nao_informado",
        "technical_review": []
      },
      "geometry": {
        "type": "Polygon",
        "coordinates": [
          [
            [
              -54.558477433424386,
              -16.466457800284775
            ],
            [
              -54.55843824683069,
              -16.46648917585399
            ],
            [
              -54.55838649833194,
              -16.466536158601183
            ],
            [
              -54.558519598944336,
              -16.466663189417854
            ],
            [
              -54.55859315877427,
              -16.46659982206256
            ],
            [
              -54.558477433424386,
              -16.466457800284775
            ]
          ]
        ]
      }
    },
    {
      "type": "Feature",
      "id": "Q21-L11",
      "properties": {
        "quadra": 21,
        "lote": 11,
        "area_m2": 236.42,
        "center": [
          -54.55841402,
          -16.46663743
        ],
        "source_polygon": "PLINHA-20",
        "geometry_source": "memorial_descritivo",
        "match_distance_m": 0.001,
        "perimeter_m": 63.59,
        "frontage_m": 10.55,
        "dimensions": [
          {
            "from": "620",
            "to": "621",
            "label": "Lote 23",
            "length_m": 3.55
          },
          {
            "from": "621",
            "to": "622",
            "label": "Lote 24",
            "length_m": 9.5
          },
          {
            "from": "622",
            "to": "591",
            "label": "Lote 12",
            "length_m": 20.0
          },
          {
            "from": "591",
            "to": "592",
            "label": "Rua Projetada 3",
            "length_m": 10.55
          },
          {
            "from": "592",
            "to": "620",
            "label": "Lote 10",
            "length_m": 20.0
          }
        ],
        "access": {
          "longitude": -54.55848715,
          "latitude": -16.46669908,
          "label": "Rua Projetada 3",
          "frontage_m": 10.55,
          "confidence": "memorial"
        },
        "memorial_path": "memoriais/Q21/L11.pdf",
        "status_default": "nao_informado",
        "technical_review": []
      },
      "geometry": {
        "type": "Polygon",
        "coordinates": [
          [
            [
              -54.55838649833194,
              -16.466536158601183
            ],
            [
              -54.55836356296661,
              -16.46655932292146
            ],
            [
              -54.55830627367055,
              -16.466624894333037
            ],
            [
              -54.558454705226886,
              -16.466734977278115
            ],
            [
              -54.558519598944336,
              -16.466663189417854
            ],
            [
              -54.55838649833194,
              -16.466536158601183
            ]
          ]
        ]
      }
    },
    {
      "type": "Feature",
      "id": "Q21-L12",
      "properties": {
        "quadra": 21,
        "lote": 12,
        "area_m2": 231.66,
        "center": [
          -54.55834729,
          -16.46672134
        ],
        "source_polygon": "PLINHA-21",
        "geometry_source": "memorial_descritivo",
        "match_distance_m": 0.001,
        "perimeter_m": 63.16,
        "frontage_m": 30.35,
        "dimensions": [
          {
            "from": "622",
            "to": "623",
            "label": "Lote 24",
            "length_m": 1.65
          },
          {
            "from": "623",
            "to": "589",
            "label": "Lote 25",
            "length_m": 11.15
          },
          {
            "from": "589",
            "to": "590",
            "label": "Alameda Projetada 7",
            "length_m": 20.0
          },
          {
            "from": "590",
            "to": "591",
            "label": "Rua Projetada 3",
            "length_m": 10.35
          },
          {
            "from": "591",
            "to": "622",
            "label": "Lote 11",
            "length_m": 20.0
          }
        ],
        "access": {
          "longitude": -54.5583566,
          "latitude": -16.46676903,
          "label": "Alameda Projetada 7 / Rua Projetada 3",
          "frontage_m": 30.35,
          "confidence": "memorial"
        },
        "memorial_path": "memoriais/Q21/L12.pdf",
        "status_default": "nao_informado",
        "technical_review": []
      },
      "geometry": {
        "type": "Polygon",
        "coordinates": [
          [
            [
              -54.55830627367055,
              -16.466624894333037
            ],
            [
              -54.558296960071,
              -16.466636772603913
            ],
            [
              -54.55823922566145,
              -16.46672068498503
            ],
            [
              -54.55840048652848,
              -16.466812499156806
            ],
            [
              -54.558454705226886,
              -16.466734977278115
            ],
            [
              -54.55830627367055,
              -16.466624894333037
            ]
          ]
        ]
      }
    },
    {
      "type": "Feature",
      "id": "Q21-L13",
      "properties": {
        "quadra": 21,
        "lote": 13,
        "area_m2": 226.75,
        "center": [
          -54.55927164,
          -16.46606712
        ],
        "source_polygon": "PLINHA-10",
        "geometry_source": "memorial_descritivo",
        "match_distance_m": 0.001,
        "perimeter_m": 61.31,
        "frontage_m": 30.64,
        "dimensions": [
          {
            "from": "575",
            "to": "576",
            "label": "Rua Projetada 2",
            "length_m": 8.33
          },
          {
            "from": "576",
            "to": "605",
            "label": "Lote 14",
            "length_m": 20.01
          },
          {
            "from": "605",
            "to": "604",
            "label": "Lote 1",
            "length_m": 11.5
          },
          {
            "from": "604",
            "to": "1",
            "label": "Rua Projetada 12",
            "length_m": 16.02
          },
          {
            "from": "1",
            "to": "575",
            "label": "Rua Projetada 12",
            "length_m": 6.29
          }
        ],
        "access": {
          "longitude": -54.55929223,
          "latitude": -16.46602687,
          "label": "Rua Projetada 2 / Rua Projetada 12",
          "frontage_m": 30.64,
          "confidence": "memorial"
        },
        "memorial_path": "memoriais/Q21/L13.pdf",
        "status_default": "nao_informado",
        "technical_review": []
      },
      "geometry": {
        "type": "Polygon",
        "coordinates": [
          [
            [
              -54.55926087513431,
              -16.46597287993282
            ],
            [
              -54.55919368707067,
              -16.46599243913696
            ],
            [
              -54.55924768790394,
              -16.466165537415748
            ],
            [
              -54.55935076674938,
              -16.46613557497816
            ],
            [
              -54.55930754780408,
              -16.46599705460306
            ],
            [
              -54.55926087513431,
              -16.46597287993282
            ]
          ]
        ]
      }
    },
    {
      "type": "Feature",
      "id": "Q21-L14",
      "properties": {
        "quadra": 21,
        "lote": 14,
        "area_m2": 200.11,
        "center": [
          -54.55917588,
          -16.46609202
        ],
        "source_polygon": "PLINHA-11",
        "geometry_source": "memorial_descritivo",
        "match_distance_m": 0.0,
        "perimeter_m": 60.02,
        "frontage_m": 10.0,
        "dimensions": [
          {
            "from": "576",
            "to": "577",
            "label": "Rua Projetada 2",
            "length_m": 10.0
          },
          {
            "from": "577",
            "to": "606",
            "label": "Lote 15",
            "length_m": 20.01
          },
          {
            "from": "606",
            "to": "605",
            "label": "Lote 2",
            "length_m": 10.0
          },
          {
            "from": "605",
            "to": "576",
            "label": "Lote 13",
            "length_m": 20.01
          }
        ],
        "access": {
          "longitude": -54.55914888,
          "latitude": -16.46600549,
          "label": "Rua Projetada 2",
          "frontage_m": 10.0,
          "confidence": "memorial"
        },
        "memorial_path": "memoriais/Q21/L14.pdf",
        "status_default": "nao_informado",
        "technical_review": []
      },
      "geometry": {
        "type": "Polygon",
        "coordinates": [
          [
            [
              -54.55919368707067,
              -16.46599243913696
            ],
            [
              -54.5591040715053,
              -16.466018538749747
            ],
            [
              -54.55915806357803,
              -16.466191582741846
            ],
            [
              -54.55924768790394,
              -16.466165537415748
            ],
            [
              -54.55919368707067,
              -16.46599243913696
            ]
          ]
        ]
      }
    },
    {
      "type": "Feature",
      "id": "Q21-L15",
      "properties": {
        "quadra": 21,
        "lote": 15,
        "area_m2": 200.05,
        "center": [
          -54.55908626,
          -16.4661181
        ],
        "source_polygon": "PLINHA-12",
        "geometry_source": "memorial_descritivo",
        "match_distance_m": 0.0,
        "perimeter_m": 60.01,
        "frontage_m": 10.0,
        "dimensions": [
          {
            "from": "577",
            "to": "578",
            "label": "Rua Projetada 2",
            "length_m": 10.0
          },
          {
            "from": "578",
            "to": "607",
            "label": "Lote 16",
            "length_m": 20.0
          },
          {
            "from": "607",
            "to": "606",
            "label": "Lote 3",
            "length_m": 10.0
          },
          {
            "from": "606",
            "to": "577",
            "label": "Lote 14",
            "length_m": 20.01
          }
        ],
        "access": {
          "longitude": -54.55905926,
          "latitude": -16.46603158,
          "label": "Rua Projetada 2",
          "frontage_m": 10.0,
          "confidence": "memorial"
        },
        "memorial_path": "memoriais/Q21/L15.pdf",
        "status_default": "nao_informado",
        "technical_review": []
      },
      "geometry": {
        "type": "Polygon",
        "coordinates": [
          [
            [
              -54.5591040715053,
              -16.466018538749747
            ],
            [
              -54.55901445603404,
              -16.466044629289087
            ],
            [
              -54.55906842976005,
              -16.4662176369489
            ],
            [
              -54.55915806357803,
              -16.466191582741846
            ],
            [
              -54.5591040715053,
              -16.466018538749747
            ]
          ]
        ]
      }
    },
    {
      "type": "Feature",
      "id": "Q21-L16",
      "properties": {
        "quadra": 21,
        "lote": 16,
        "area_m2": 200.0,
        "center": [
          -54.55899663,
          -16.46614417
        ],
        "source_polygon": "PLINHA-13",
        "geometry_source": "memorial_descritivo",
        "match_distance_m": 0.001,
        "perimeter_m": 60.0,
        "frontage_m": 10.0,
        "dimensions": [
          {
            "from": "578",
            "to": "579",
            "label": "Rua Projetada 2",
            "length_m": 10.0
          },
          {
            "from": "579",
            "to": "608",
            "label": "Lote 17",
            "length_m": 20.0
          },
          {
            "from": "608",
            "to": "607",
            "label": "Lote 4",
            "length_m": 10.0
          },
          {
            "from": "607",
            "to": "578",
            "label": "Lote 15",
            "length_m": 20.0
          }
        ],
        "access": {
          "longitude": -54.55896965,
          "latitude": -16.46605768,
          "label": "Rua Projetada 2",
          "frontage_m": 10.0,
          "confidence": "memorial"
        },
        "memorial_path": "memoriais/Q21/L16.pdf",
        "status_default": "nao_informado",
        "technical_review": []
      },
      "geometry": {
        "type": "Polygon",
        "coordinates": [
          [
            [
              -54.55901445603404,
              -16.466044629289087
            ],
            [
              -54.558924840430684,
              -16.46607072881851
            ],
            [
              -54.55897880539624,
              -16.46624368219162
            ],
            [
              -54.55906842976005,
              -16.4662176369489
            ],
            [
              -54.55901445603404,
              -16.466044629289087
            ]
          ]
        ]
      }
    },
    {
      "type": "Feature",
      "id": "Q21-L17",
      "properties": {
        "quadra": 21,
        "lote": 17,
        "area_m2": 205.48,
        "center": [
          -54.55890552,
          -16.46616985
        ],
        "source_polygon": "PLINHA-14",
        "geometry_source": "memorial_descritivo",
        "match_distance_m": 0.001,
        "perimeter_m": 60.54,
        "frontage_m": 10.56,
        "dimensions": [
          {
            "from": "579",
            "to": "580",
            "label": "Rua Projetada 2",
            "length_m": 10.56
          },
          {
            "from": "580",
            "to": "609",
            "label": "Lote 18",
            "length_m": 19.99
          },
          {
            "from": "609",
            "to": "608",
            "label": "Lote 5",
            "length_m": 10.0
          },
          {
            "from": "608",
            "to": "579",
            "label": "Lote 16",
            "length_m": 20.0
          }
        ],
        "access": {
          "longitude": -54.55887754,
          "latitude": -16.46608456,
          "label": "Rua Projetada 2",
          "frontage_m": 10.56,
          "confidence": "memorial"
        },
        "memorial_path": "memoriais/Q21/L17.pdf",
        "status_default": "nao_informado",
        "technical_review": []
      },
      "geometry": {
        "type": "Polygon",
        "coordinates": [
          [
            [
              -54.558924840430684,
              -16.46607072881851
            ],
            [
              -54.5588302436454,
              -16.466098396179152
            ],
            [
              -54.55888917154035,
              -16.466269736315294
            ],
            [
              -54.55897880539624,
              -16.46624368219162
            ],
            [
              -54.558924840430684,
              -16.46607072881851
            ]
          ]
        ]
      }
    },
    {
      "type": "Feature",
      "id": "Q21-L18",
      "properties": {
        "quadra": 21,
        "lote": 18,
        "area_m2": 208.01,
        "center": [
          -54.55881268,
          -16.46619664
        ],
        "source_polygon": "PLINHA-15",
        "geometry_source": "memorial_descritivo",
        "match_distance_m": 0.0,
        "perimeter_m": 60.83,
        "frontage_m": 10.83,
        "dimensions": [
          {
            "from": "580",
            "to": "581",
            "label": "Rua Projetada 2",
            "length_m": 10.83
          },
          {
            "from": "581",
            "to": "610",
            "label": "Lote 19",
            "length_m": 20.02
          },
          {
            "from": "610",
            "to": "609",
            "label": "Lote 6",
            "length_m": 10.0
          },
          {
            "from": "609",
            "to": "580",
            "label": "Lote 17",
            "length_m": 19.99
          }
        ],
        "access": {
          "longitude": -54.55878178,
          "latitude": -16.46611265,
          "label": "Rua Projetada 2",
          "frontage_m": 10.83,
          "confidence": "memorial"
        },
        "memorial_path": "memoriais/Q21/L18.pdf",
        "status_default": "nao_informado",
        "technical_review": []
      },
      "geometry": {
        "type": "Polygon",
        "coordinates": [
          [
            [
              -54.5588302436454,
              -16.466098396179152
            ],
            [
              -54.5587333145851,
              -16.466126912506336
            ],
            [
              -54.55879961907788,
              -16.466296017173683
            ],
            [
              -54.55888917154035,
              -16.466269736315294
            ],
            [
              -54.5588302436454,
              -16.466098396179152
            ]
          ]
        ]
      }
    },
    {
      "type": "Feature",
      "id": "Q21-L19",
      "properties": {
        "quadra": 21,
        "lote": 19,
        "area_m2": 230.58,
        "center": [
          -54.55871538,
          -16.46622784
        ],
        "source_polygon": "PLINHA-16",
        "geometry_source": "memorial_descritivo",
        "match_distance_m": 0.0,
        "perimeter_m": 63.18,
        "frontage_m": 11.85,
        "dimensions": [
          {
            "from": "581",
            "to": "582",
            "label": "Rua Projetada 2",
            "length_m": 11.85
          },
          {
            "from": "582",
            "to": "612",
            "label": "Lote 20",
            "length_m": 20.21
          },
          {
            "from": "612",
            "to": "610",
            "label": "Lote 7",
            "length_m": 11.1
          },
          {
            "from": "610",
            "to": "581",
            "label": "Lote 18",
            "length_m": 20.02
          }
        ],
        "access": {
          "longitude": -54.55868088,
          "latitude": -16.46614441,
          "label": "Rua Projetada 2",
          "frontage_m": 11.85,
          "confidence": "memorial"
        },
        "memorial_path": "memoriais/Q21/L19.pdf",
        "status_default": "nao_informado",
        "technical_review": []
      },
      "geometry": {
        "type": "Polygon",
        "coordinates": [
          [
            [
              -54.5587333145851,
              -16.466126912506336
            ],
            [
              -54.55862844085904,
              -16.466161903190393
            ],
            [
              -54.55870191811918,
              -16.46633009788452
            ],
            [
              -54.55879961907788,
              -16.466296017173683
            ],
            [
              -54.5587333145851,
              -16.466126912506336
            ]
          ]
        ]
      }
    },
    {
      "type": "Feature",
      "id": "Q21-L20",
      "properties": {
        "quadra": 21,
        "lote": 20,
        "area_m2": 246.39,
        "center": [
          -54.55861232,
          -16.46626716
        ],
        "source_polygon": "PLINHA-4",
        "geometry_source": "memorial_descritivo",
        "match_distance_m": 0.0,
        "perimeter_m": 64.95,
        "frontage_m": 13.27,
        "dimensions": [
          {
            "from": "582",
            "to": "583",
            "label": "Rua Projetada 2",
            "length_m": 13.27
          },
          {
            "from": "583",
            "to": "614",
            "label": "Lote 21",
            "length_m": 20.37
          },
          {
            "from": "614",
            "to": "613",
            "label": "Lote 8",
            "length_m": 9.22
          },
          {
            "from": "613",
            "to": "612",
            "label": "Lote 7",
            "length_m": 1.89
          },
          {
            "from": "612",
            "to": "582",
            "label": "Lote 19",
            "length_m": 20.21
          }
        ],
        "access": {
          "longitude": -54.55857226,
          "latitude": -16.46618742,
          "label": "Rua Projetada 2",
          "frontage_m": 13.27,
          "confidence": "memorial"
        },
        "memorial_path": "memoriais/Q21/L20.pdf",
        "status_default": "nao_informado",
        "technical_review": []
      },
      "geometry": {
        "type": "Polygon",
        "coordinates": [
          [
            [
              -54.55862844085904,
              -16.466161903190393
            ],
            [
              -54.55851608297698,
              -16.466212939621627
            ],
            [
              -54.5586083920025,
              -16.46637391972805
            ],
            [
              -54.55868563852988,
              -16.466336836419853
            ],
            [
              -54.55870191811918,
              -16.46633009788452
            ],
            [
              -54.55862844085904,
              -16.466161903190393
            ]
          ]
        ]
      }
    },
    {
      "type": "Feature",
      "id": "Q21-L21",
      "properties": {
        "quadra": 21,
        "lote": 21,
        "area_m2": 248.25,
        "center": [
          -54.55851193,
          -16.46631987
        ],
        "source_polygon": "PLINHA-6",
        "geometry_source": "memorial_descritivo",
        "match_distance_m": 0.0,
        "perimeter_m": 65.27,
        "frontage_m": 13.29,
        "dimensions": [
          {
            "from": "583",
            "to": "584",
            "label": "Rua Projetada 13",
            "length_m": 13.29
          },
          {
            "from": "584",
            "to": "616",
            "label": "Lote 22",
            "length_m": 20.49
          },
          {
            "from": "616",
            "to": "615",
            "label": "Lote 9",
            "length_m": 7.33
          },
          {
            "from": "615",
            "to": "614",
            "label": "Lote 8",
            "length_m": 3.79
          },
          {
            "from": "614",
            "to": "583",
            "label": "Lote 20",
            "length_m": 20.37
          }
        ],
        "access": {
          "longitude": -54.55846302,
          "latitude": -16.46624427,
          "label": "Rua Projetada 13",
          "frontage_m": 13.29,
          "confidence": "memorial"
        },
        "memorial_path": "memoriais/Q21/L21.pdf",
        "status_default": "nao_informado",
        "technical_review": []
      },
      "geometry": {
        "type": "Polygon",
        "coordinates": [
          [
            [
              -54.55851608297698,
              -16.466212939621627
            ],
            [
              -54.55840995463264,
              -16.466275592914798
            ],
            [
              -54.55852015919538,
              -16.46642712539569
            ],
            [
              -54.558577687532875,
              -16.466391040676083
            ],
            [
              -54.5586083920025,
              -16.46637391972805
            ],
            [
              -54.55851608297698,
              -16.466212939621627
            ]
          ]
        ]
      }
    },
    {
      "type": "Feature",
      "id": "Q21-L22",
      "properties": {
        "quadra": 21,
        "lote": 22,
        "area_m2": 249.8,
        "center": [
          -54.55841794,
          -16.46638287
        ],
        "source_polygon": "PLINHA-9",
        "geometry_source": "memorial_descritivo",
        "match_distance_m": 0.001,
        "perimeter_m": 65.52,
        "frontage_m": 13.31,
        "dimensions": [
          {
            "from": "584",
            "to": "585",
            "label": "Rua Projetada 13",
            "length_m": 13.31
          },
          {
            "from": "585",
            "to": "618",
            "label": "Lote 23",
            "length_m": 20.59
          },
          {
            "from": "618",
            "to": "617",
            "label": "Lote 10",
            "length_m": 5.44
          },
          {
            "from": "617",
            "to": "616",
            "label": "Lote 9",
            "length_m": 5.69
          },
          {
            "from": "616",
            "to": "584",
            "label": "Lote 21",
            "length_m": 20.49
          }
        ],
        "access": {
          "longitude": -54.55836068,
          "latitude": -16.46631238,
          "label": "Rua Projetada 13",
          "frontage_m": 13.31,
          "confidence": "memorial"
        },
        "memorial_path": "memoriais/Q21/L22.pdf",
        "status_default": "nao_informado",
        "technical_review": []
      },
      "geometry": {
        "type": "Polygon",
        "coordinates": [
          [
            [
              -54.55840995463264,
              -16.466275592914798
            ],
            [
              -54.558311403229766,
              -16.466349165179082
            ],
            [
              -54.55843824683069,
              -16.46648917585399
            ],
            [
              -54.558477433424386,
              -16.466457800284775
            ],
            [
              -54.55852015919538,
              -16.46642712539569
            ],
            [
              -54.55840995463264,
              -16.466275592914798
            ]
          ]
        ]
      }
    },
    {
      "type": "Feature",
      "id": "Q21-L23",
      "properties": {
        "quadra": 21,
        "lote": 23,
        "area_m2": 251.04,
        "center": [
          -54.55833152,
          -16.46645543
        ],
        "source_polygon": "PLINHA-5",
        "geometry_source": "memorial_descritivo",
        "match_distance_m": 0.001,
        "perimeter_m": 65.69,
        "frontage_m": 13.33,
        "dimensions": [
          {
            "from": "585",
            "to": "586",
            "label": "Rua Projetada 13",
            "length_m": 13.33
          },
          {
            "from": "586",
            "to": "621",
            "label": "Lote 24",
            "length_m": 20.64
          },
          {
            "from": "621",
            "to": "620",
            "label": "Lote 11",
            "length_m": 3.55
          },
          {
            "from": "620",
            "to": "618",
            "label": "Lote 10",
            "length_m": 7.59
          },
          {
            "from": "618",
            "to": "585",
            "label": "Lote 22",
            "length_m": 20.59
          }
        ],
        "access": {
          "longitude": -54.55826654,
          "latitude": -16.46639098,
          "label": "Rua Projetada 13",
          "frontage_m": 13.33,
          "confidence": "memorial"
        },
        "memorial_path": "memoriais/Q21/L23.pdf",
        "status_default": "nao_informado",
        "technical_review": []
      },
      "geometry": {
        "type": "Polygon",
        "coordinates": [
          [
            [
              -54.558311403229766,
              -16.466349165179082
            ],
            [
              -54.55822167525391,
              -16.466432794753658
            ],
            [
              -54.55836356296661,
              -16.46655932292146
            ],
            [
              -54.55838649833194,
              -16.466536158601183
            ],
            [
              -54.55843824683069,
              -16.46648917585399
            ],
            [
              -54.558311403229766,
              -16.466349165179082
            ]
          ]
        ]
      }
    },
    {
      "type": "Feature",
      "id": "Q21-L24",
      "properties": {
        "quadra": 21,
        "lote": 24,
        "area_m2": 251.91,
        "center": [
          -54.55825369,
          -16.4665367
        ],
        "source_polygon": "PLINHA-7",
        "geometry_source": "memorial_descritivo",
        "match_distance_m": 0.001,
        "perimeter_m": 65.77,
        "frontage_m": 13.34,
        "dimensions": [
          {
            "from": "586",
            "to": "587",
            "label": "Rua Projetada 13",
            "length_m": 13.34
          },
          {
            "from": "587",
            "to": "623",
            "label": "Lote 25",
            "length_m": 20.65
          },
          {
            "from": "623",
            "to": "622",
            "label": "Lote 12",
            "length_m": 1.65
          },
          {
            "from": "622",
            "to": "621",
            "label": "Lote 11",
            "length_m": 9.5
          },
          {
            "from": "621",
            "to": "586",
            "label": "Lote 23",
            "length_m": 20.64
          }
        ],
        "access": {
          "longitude": -54.55818178,
          "latitude": -16.46647914,
          "label": "Rua Projetada 13",
          "frontage_m": 13.34,
          "confidence": "memorial"
        },
        "memorial_path": "memoriais/Q21/L24.pdf",
        "status_default": "nao_informado",
        "technical_review": []
      },
      "geometry": {
        "type": "Polygon",
        "coordinates": [
          [
            [
              -54.55822167525391,
              -16.466432794753658
            ],
            [
              -54.55814188785369,
              -16.46652548297484
            ],
            [
              -54.558296960071,
              -16.466636772603913
            ],
            [
              -54.55830627367055,
              -16.466624894333037
            ],
            [
              -54.55836356296661,
              -16.46655932292146
            ],
            [
              -54.55822167525391,
              -16.466432794753658
            ]
          ]
        ]
      }
    },
    {
      "type": "Feature",
      "id": "Q21-L25",
      "properties": {
        "quadra": 21,
        "lote": 25,
        "area_m2": 252.32,
        "center": [
          -54.55818539,
          -16.46662571
        ],
        "source_polygon": "PLINHA-8",
        "geometry_source": "memorial_descritivo",
        "match_distance_m": 0.001,
        "perimeter_m": 65.75,
        "frontage_m": 33.96,
        "dimensions": [
          {
            "from": "587",
            "to": "588",
            "label": "Rua Projetada 13",
            "length_m": 13.35
          },
          {
            "from": "588",
            "to": "589",
            "label": "Alameda Projetada 7",
            "length_m": 20.61
          },
          {
            "from": "589",
            "to": "623",
            "label": "Lote 12",
            "length_m": 11.15
          },
          {
            "from": "623",
            "to": "587",
            "label": "Lote 24",
            "length_m": 20.65
          }
        ],
        "access": {
          "longitude": -54.55813701,
          "latitude": -16.46663502,
          "label": "Rua Projetada 13 / Alameda Projetada 7",
          "frontage_m": 33.96,
          "confidence": "memorial"
        },
        "memorial_path": "memoriais/Q21/L25.pdf",
        "status_default": "nao_informado",
        "technical_review": []
      },
      "geometry": {
        "type": "Polygon",
        "coordinates": [
          [
            [
              -54.55814188785369,
              -16.46652548297484
            ],
            [
              -54.558073066281146,
              -16.466626094612046
            ],
            [
              -54.55823922566145,
              -16.46672068498503
            ],
            [
              -54.558296960071,
              -16.466636772603913
            ],
            [
              -54.55814188785369,
              -16.46652548297484
            ]
          ]
        ]
      }
    },
    {
      "type": "Feature",
      "id": "Q22-L01",
      "properties": {
        "quadra": 22,
        "lote": 1,
        "area_m2": 224.82,
        "center": [
          -54.55769745,
          -16.46714029
        ],
        "source_polygon": "PLINHA-45",
        "geometry_source": "memorial_descritivo",
        "match_distance_m": 0.003,
        "perimeter_m": 63.27,
        "frontage_m": 30.75,
        "dimensions": [
          {
            "from": "630",
            "to": "632",
            "label": "Lote 10",
            "length_m": 11.56
          },
          {
            "from": "632",
            "to": "628",
            "label": "Lote 2",
            "length_m": 20.96
          },
          {
            "from": "628",
            "to": "629",
            "label": "Rua Projetada 13",
            "length_m": 10.0
          },
          {
            "from": "629",
            "to": "630",
            "label": "Rua Projetada 13",
            "length_m": 20.75
          }
        ],
        "access": {
          "longitude": -54.55773288,
          "latitude": -16.46710872,
          "label": "Rua Projetada 13",
          "frontage_m": 30.75,
          "confidence": "memorial"
        },
        "memorial_path": "memoriais/Q22/L01.pdf",
        "status_default": "nao_informado",
        "technical_review": []
      },
      "geometry": {
        "type": "Polygon",
        "coordinates": [
          [
            [
              -54.55760502055526,
              -16.46708440181685
            ],
            [
              -54.557599605035165,
              -16.467188616464142
            ],
            [
              -54.55779587827661,
              -16.46718922612926
            ],
            [
              -54.55779866629745,
              -16.467098954982198
            ],
            [
              -54.55760502055526,
              -16.46708440181685
            ]
          ]
        ]
      }
    },
    {
      "type": "Feature",
      "id": "Q22-L02",
      "properties": {
        "quadra": 22,
        "lote": 2,
        "area_m2": 227.5,
        "center": [
          -54.55769711,
          -16.46723783
        ],
        "source_polygon": "PLINHA-465",
        "geometry_source": "memorial_descritivo",
        "match_distance_m": 0.0,
        "perimeter_m": 63.69,
        "frontage_m": 10.0,
        "dimensions": [
          {
            "from": "628",
            "to": "632",
            "label": "Lote 1",
            "length_m": 20.96
          },
          {
            "from": "632",
            "to": "634",
            "label": "Lote 11",
            "length_m": 11.62
          },
          {
            "from": "634",
            "to": "627",
            "label": "Lote 3",
            "length_m": 21.12
          },
          {
            "from": "627",
            "to": "628",
            "label": "Rua Projetada 13",
            "length_m": 10.0
          }
        ],
        "access": {
          "longitude": -54.55779791,
          "latitude": -16.46723433,
          "label": "Rua Projetada 13",
          "frontage_m": 10.0,
          "confidence": "memorial"
        },
        "memorial_path": "memoriais/Q22/L02.pdf",
        "status_default": "nao_informado",
        "technical_review": []
      },
      "geometry": {
        "type": "Polygon",
        "coordinates": [
          [
            [
              -54.55779585019645,
              -16.46718922580168
            ],
            [
              -54.557599605035165,
              -16.467188616464142
            ],
            [
              -54.557602803435095,
              -16.46729346455997
            ],
            [
              -54.55779996222585,
              -16.467279441947998
            ],
            [
              -54.55779585019645,
              -16.46718922580168
            ]
          ]
        ]
      }
    },
    {
      "type": "Feature",
      "id": "Q22-L03",
      "properties": {
        "quadra": 22,
        "lote": 3,
        "area_m2": 227.04,
        "center": [
          -54.55770486,
          -16.46733482
        ],
        "source_polygon": "PLINHA-44",
        "geometry_source": "memorial_descritivo",
        "match_distance_m": 0.0,
        "perimeter_m": 63.79,
        "frontage_m": 10.0,
        "dimensions": [
          {
            "from": "627",
            "to": "634",
            "label": "Lote 2",
            "length_m": 21.13
          },
          {
            "from": "634",
            "to": "636",
            "label": "Lote 12",
            "length_m": 11.44
          },
          {
            "from": "636",
            "to": "626",
            "label": "Lote 4",
            "length_m": 21.23
          },
          {
            "from": "626",
            "to": "627",
            "label": "Rua Projetada 13",
            "length_m": 10.0
          }
        ],
        "access": {
          "longitude": -54.55780553,
          "latitude": -16.46732427,
          "label": "Rua Projetada 13",
          "frontage_m": 10.0,
          "confidence": "memorial"
        },
        "memorial_path": "memoriais/Q22/L03.pdf",
        "status_default": "nao_informado",
        "technical_review": []
      },
      "geometry": {
        "type": "Polygon",
        "coordinates": [
          [
            [
              -54.55779996222585,
              -16.467279441947998
            ],
            [
              -54.557602803435095,
              -16.46729346455997
            ],
            [
              -54.557614369824506,
              -16.467396161048963
            ],
            [
              -54.55781109297308,
              -16.46736909862642
            ],
            [
              -54.55779996222585,
              -16.467279441947998
            ]
          ]
        ]
      }
    },
    {
      "type": "Feature",
      "id": "Q22-L04",
      "properties": {
        "quadra": 22,
        "lote": 4,
        "area_m2": 229.0,
        "center": [
          -54.55771995,
          -16.46743082
        ],
        "source_polygon": "PLINHA-38",
        "geometry_source": "memorial_descritivo",
        "match_distance_m": 0.001,
        "perimeter_m": 64.04,
        "frontage_m": 10.01,
        "dimensions": [
          {
            "from": "626",
            "to": "636",
            "label": "Lote 3",
            "length_m": 21.23
          },
          {
            "from": "636",
            "to": "639",
            "label": "Lote 13",
            "length_m": 11.54
          },
          {
            "from": "639",
            "to": "625",
            "label": "Lote 5",
            "length_m": 21.27
          },
          {
            "from": "625",
            "to": "626",
            "label": "Rua Projetada 13",
            "length_m": 10.01
          }
        ],
        "access": {
          "longitude": -54.55782008,
          "latitude": -16.46741347,
          "label": "Rua Projetada 13",
          "frontage_m": 10.01,
          "confidence": "memorial"
        },
        "memorial_path": "memoriais/Q22/L04.pdf",
        "status_default": "nao_informado",
        "technical_review": []
      },
      "geometry": {
        "type": "Polygon",
        "coordinates": [
          [
            [
              -54.55781109297308,
              -16.46736909862642
            ],
            [
              -54.557614369824506,
              -16.467396161048963
            ],
            [
              -54.55763449697698,
              -16.467498505762588
            ],
            [
              -54.55782905966011,
              -16.467457841414713
            ],
            [
              -54.55781109297308,
              -16.46736909862642
            ]
          ]
        ]
      }
    },
    {
      "type": "Feature",
      "id": "Q22-L05",
      "properties": {
        "quadra": 22,
        "lote": 5,
        "area_m2": 226.81,
        "center": [
          -54.5577433,
          -16.4675254
        ],
        "source_polygon": "PLINHA-43",
        "geometry_source": "memorial_descritivo",
        "match_distance_m": 0.001,
        "perimeter_m": 63.84,
        "frontage_m": 10.02,
        "dimensions": [
          {
            "from": "625",
            "to": "639",
            "label": "Lote 4",
            "length_m": 21.27
          },
          {
            "from": "639",
            "to": "641",
            "label": "Lote 14",
            "length_m": 11.51
          },
          {
            "from": "641",
            "to": "624",
            "label": "Lote 6",
            "length_m": 21.05
          },
          {
            "from": "624",
            "to": "625",
            "label": "Rua Projetada 13",
            "length_m": 10.02
          }
        ],
        "access": {
          "longitude": -54.55784146,
          "latitude": -16.46750146,
          "label": "Rua Projetada 13",
          "frontage_m": 10.02,
          "confidence": "memorial"
        },
        "memorial_path": "memoriais/Q22/L05.pdf",
        "status_default": "nao_informado",
        "technical_review": []
      },
      "geometry": {
        "type": "Polygon",
        "coordinates": [
          [
            [
              -54.55782905966011,
              -16.467457841414713
            ],
            [
              -54.55763449697698,
              -16.467498505762588
            ],
            [
              -54.557664701224375,
              -16.46759827618802
            ],
            [
              -54.55785386040519,
              -16.467545074107207
            ],
            [
              -54.55782905966011,
              -16.467457841414713
            ]
          ]
        ]
      }
    },
    {
      "type": "Feature",
      "id": "Q22-L06",
      "properties": {
        "quadra": 22,
        "lote": 6,
        "area_m2": 211.35,
        "center": [
          -54.55777321,
          -16.46761487
        ],
        "source_polygon": "PLINHA-42",
        "geometry_source": "memorial_descritivo",
        "match_distance_m": 0.0,
        "perimeter_m": 62.27,
        "frontage_m": 10.0,
        "dimensions": [
          {
            "from": "624",
            "to": "641",
            "label": "Lote 5",
            "length_m": 21.05
          },
          {
            "from": "641",
            "to": "642",
            "label": "Lote 15",
            "length_m": 10.01
          },
          {
            "from": "642",
            "to": "623",
            "label": "Lote 7",
            "length_m": 21.21
          },
          {
            "from": "623",
            "to": "624",
            "label": "Rua Projetada 13",
            "length_m": 10.0
          }
        ],
        "access": {
          "longitude": -54.55786815,
          "latitude": -16.46758808,
          "label": "Rua Projetada 13",
          "frontage_m": 10.0,
          "confidence": "memorial"
        },
        "memorial_path": "memoriais/Q22/L06.pdf",
        "status_default": "nao_informado",
        "technical_review": []
      },
      "geometry": {
        "type": "Polygon",
        "coordinates": [
          [
            [
              -54.55785386040519,
              -16.467545074107207
            ],
            [
              -54.557664701224375,
              -16.46759827618802
            ],
            [
              -54.557691888414624,
              -16.467684814088393
            ],
            [
              -54.557882430399616,
              -16.467631086139676
            ],
            [
              -54.55785386040519,
              -16.467545074107207
            ]
          ]
        ]
      }
    },
    {
      "type": "Feature",
      "id": "Q22-L07",
      "properties": {
        "quadra": 22,
        "lote": 7,
        "area_m2": 212.39,
        "center": [
          -54.55780078,
          -16.46770125
        ],
        "source_polygon": "PLINHA-41",
        "geometry_source": "memorial_descritivo",
        "match_distance_m": 0.001,
        "perimeter_m": 62.44,
        "frontage_m": 10.04,
        "dimensions": [
          {
            "from": "623",
            "to": "642",
            "label": "Lote 6",
            "length_m": 21.21
          },
          {
            "from": "642",
            "to": "643",
            "label": "Lote 16",
            "length_m": 10.01
          },
          {
            "from": "643",
            "to": "644",
            "label": "Lote 17",
            "length_m": 1.1
          },
          {
            "from": "644",
            "to": "622",
            "label": "Lote 8",
            "length_m": 20.09
          },
          {
            "from": "622",
            "to": "623",
            "label": "Rua Projetada 13",
            "length_m": 10.04
          }
        ],
        "access": {
          "longitude": -54.55789597,
          "latitude": -16.4676745,
          "label": "Rua Projetada 13",
          "frontage_m": 10.04,
          "confidence": "memorial"
        },
        "memorial_path": "memoriais/Q22/L07.pdf",
        "status_default": "nao_informado",
        "technical_review": []
      },
      "geometry": {
        "type": "Polygon",
        "coordinates": [
          [
            [
              -54.557882430399616,
              -16.467631086139676
            ],
            [
              -54.557691888414624,
              -16.467684814088393
            ],
            [
              -54.55771908498408,
              -16.46777135209703
            ],
            [
              -54.55772893158038,
              -16.467768495092386
            ],
            [
              -54.55790951099799,
              -16.467717920871955
            ],
            [
              -54.557882430399616,
              -16.467631086139676
            ]
          ]
        ]
      }
    },
    {
      "type": "Feature",
      "id": "Q22-L08",
      "properties": {
        "quadra": 22,
        "lote": 8,
        "area_m2": 201.23,
        "center": [
          -54.55783281,
          -16.46778651
        ],
        "source_polygon": "PLINHA-40",
        "geometry_source": "memorial_descritivo",
        "match_distance_m": 0.0,
        "perimeter_m": 60.21,
        "frontage_m": 10.04,
        "dimensions": [
          {
            "from": "622",
            "to": "644",
            "label": "Lote 7",
            "length_m": 20.09
          },
          {
            "from": "644",
            "to": "645",
            "label": "Lote 17",
            "length_m": 10.0
          },
          {
            "from": "645",
            "to": "621",
            "label": "Lote 9",
            "length_m": 20.08
          },
          {
            "from": "621",
            "to": "622",
            "label": "Rua Projetada 13",
            "length_m": 10.04
          }
        ],
        "access": {
          "longitude": -54.55792307,
          "latitude": -16.46776133,
          "label": "Rua Projetada 13",
          "frontage_m": 10.04,
          "confidence": "memorial"
        },
        "memorial_path": "memoriais/Q22/L08.pdf",
        "status_default": "nao_informado",
        "technical_review": []
      },
      "geometry": {
        "type": "Polygon",
        "coordinates": [
          [
            [
              -54.55790951099799,
              -16.467717920871955
            ],
            [
              -54.55772893158038,
              -16.467768495092386
            ],
            [
              -54.557755960484016,
              -16.467854967911443
            ],
            [
              -54.55793661992201,
              -16.467804737867382
            ],
            [
              -54.55790951099799,
              -16.467717920871955
            ]
          ]
        ]
      }
    },
    {
      "type": "Feature",
      "id": "Q22-L09",
      "properties": {
        "quadra": 22,
        "lote": 9,
        "area_m2": 216.1,
        "center": [
          -54.55787306,
          -16.46787535
        ],
        "source_polygon": "PLINHA-39",
        "geometry_source": "memorial_descritivo",
        "match_distance_m": 0.001,
        "perimeter_m": 62.33,
        "frontage_m": 37.61,
        "dimensions": [
          {
            "from": "621",
            "to": "645",
            "label": "Lote 8",
            "length_m": 20.08
          },
          {
            "from": "645",
            "to": "618",
            "label": "Lote 17",
            "length_m": 6.49
          },
          {
            "from": "618",
            "to": "619",
            "label": "Rua Projetada 16",
            "length_m": 20.19
          },
          {
            "from": "619",
            "to": "620",
            "label": "Rua Projetada 16",
            "length_m": 2.14
          },
          {
            "from": "620",
            "to": "621",
            "label": "Rua Projetada 13",
            "length_m": 15.28
          }
        ],
        "access": {
          "longitude": -54.55790848,
          "latitude": -16.4678984,
          "label": "Rua Projetada 16 / Rua Projetada 13",
          "frontage_m": 37.61,
          "confidence": "memorial"
        },
        "memorial_path": "memoriais/Q22/L09.pdf",
        "status_default": "nao_informado",
        "technical_review": []
      },
      "geometry": {
        "type": "Polygon",
        "coordinates": [
          [
            [
              -54.55793661992201,
              -16.467804737867382
            ],
            [
              -54.557755960484016,
              -16.467854967911443
            ],
            [
              -54.557773502880224,
              -16.467911078281414
            ],
            [
              -54.55796104105163,
              -16.467933482151835
            ],
            [
              -54.55797287263891,
              -16.467920883535697
            ],
            [
              -54.55793661992201,
              -16.467804737867382
            ]
          ]
        ]
      }
    },
    {
      "type": "Feature",
      "id": "Q22-L10",
      "properties": {
        "quadra": 22,
        "lote": 10,
        "area_m2": 247.22,
        "center": [
          -54.55750682,
          -16.46713305
        ],
        "source_polygon": "PLINHA-36",
        "geometry_source": "memorial_descritivo",
        "match_distance_m": 0.001,
        "perimeter_m": 64.72,
        "frontage_m": 20.01,
        "dimensions": [
          {
            "from": "608",
            "to": "632",
            "label": "Lote 11",
            "length_m": 20.0
          },
          {
            "from": "632",
            "to": "630",
            "label": "Lote 1",
            "length_m": 11.56
          },
          {
            "from": "630",
            "to": "608",
            "label": "Alameda Projetada 10",
            "length_m": 20.01
          }
        ],
        "access": {
          "longitude": -54.55750872,
          "latitude": -16.46713677,
          "label": "Alameda Projetada 10",
          "frontage_m": 20.01,
          "confidence": "memorial"
        },
        "memorial_path": "memoriais/Q22/L10.pdf",
        "status_default": "nao_informado",
        "technical_review": []
      },
      "geometry": {
        "type": "Polygon",
        "coordinates": [
          [
            [
              -54.5574183612743,
              -16.467070372612408
            ],
            [
              -54.55741241699969,
              -16.467189133357046
            ],
            [
              -54.557599605035165,
              -16.467188616464142
            ],
            [
              -54.55760502055526,
              -16.46708440181685
            ],
            [
              -54.5574183612743,
              -16.467070372612408
            ]
          ]
        ]
      }
    },
    {
      "type": "Feature",
      "id": "Q22-L11",
      "properties": {
        "quadra": 22,
        "lote": 11,
        "area_m2": 247.93,
        "center": [
          -54.55750579,
          -16.46724489
        ],
        "source_polygon": "PLINHA-35",
        "geometry_source": "memorial_descritivo",
        "match_distance_m": 0.0,
        "perimeter_m": 64.79,
        "frontage_m": 13.18,
        "dimensions": [
          {
            "from": "632",
            "to": "608",
            "label": "Lote 10",
            "length_m": 20.0
          },
          {
            "from": "608",
            "to": "609",
            "label": "Rua Projetada 15",
            "length_m": 13.18
          },
          {
            "from": "609",
            "to": "634",
            "label": "Lote 12",
            "length_m": 20.01
          },
          {
            "from": "634",
            "to": "632",
            "label": "Lote 2",
            "length_m": 11.62
          }
        ],
        "access": {
          "longitude": -54.5574143,
          "latitude": -16.46724859,
          "label": "Rua Projetada 15",
          "frontage_m": 13.18,
          "confidence": "memorial"
        },
        "memorial_path": "memoriais/Q22/L11.pdf",
        "status_default": "nao_informado",
        "technical_review": []
      },
      "geometry": {
        "type": "Polygon",
        "coordinates": [
          [
            [
              -54.557599605035165,
              -16.467188616464142
            ],
            [
              -54.55741241699969,
              -16.467189133357046
            ],
            [
              -54.55741618790843,
              -16.467308052620556
            ],
            [
              -54.557602803435095,
              -16.46729346455997
            ],
            [
              -54.557599605035165,
              -16.467188616464142
            ]
          ]
        ]
      }
    },
    {
      "type": "Feature",
      "id": "Q22-L12",
      "properties": {
        "quadra": 22,
        "lote": 12,
        "area_m2": 246.24,
        "center": [
          -54.55751359,
          -16.46735627
        ],
        "source_polygon": "PLINHA-30",
        "geometry_source": "memorial_descritivo",
        "match_distance_m": 0.0,
        "perimeter_m": 64.63,
        "frontage_m": 13.18,
        "dimensions": [
          {
            "from": "634",
            "to": "609",
            "label": "Lote 11",
            "length_m": 20.01
          },
          {
            "from": "609",
            "to": "610",
            "label": "Rua Projetada 15",
            "length_m": 13.18
          },
          {
            "from": "610",
            "to": "636",
            "label": "Lote 13",
            "length_m": 20.01
          },
          {
            "from": "636",
            "to": "634",
            "label": "Lote 3",
            "length_m": 11.44
          }
        ],
        "access": {
          "longitude": -54.55742298,
          "latitude": -16.46736722,
          "label": "Rua Projetada 15",
          "frontage_m": 13.18,
          "confidence": "memorial"
        },
        "memorial_path": "memoriais/Q22/L12.pdf",
        "status_default": "nao_informado",
        "technical_review": []
      },
      "geometry": {
        "type": "Polygon",
        "coordinates": [
          [
            [
              -54.557602803435095,
              -16.46729346455997
            ],
            [
              -54.55741618790843,
              -16.467308052620556
            ],
            [
              -54.55742976744986,
              -16.467426390783857
            ],
            [
              -54.557614369824506,
              -16.467396161048963
            ],
            [
              -54.557602803435095,
              -16.46729346455997
            ]
          ]
        ]
      }
    },
    {
      "type": "Feature",
      "id": "Q22-L13",
      "properties": {
        "quadra": 22,
        "lote": 13,
        "area_m2": 247.18,
        "center": [
          -54.55753088,
          -16.46746648
        ],
        "source_polygon": "PLINHA-34",
        "geometry_source": "memorial_descritivo",
        "match_distance_m": 0.0,
        "perimeter_m": 64.73,
        "frontage_m": 13.18,
        "dimensions": [
          {
            "from": "636",
            "to": "610",
            "label": "Lote 12",
            "length_m": 20.01
          },
          {
            "from": "610",
            "to": "612",
            "label": "Rua Projetada 15",
            "length_m": 13.18
          },
          {
            "from": "612",
            "to": "639",
            "label": "Lote 14",
            "length_m": 20.02
          },
          {
            "from": "639",
            "to": "636",
            "label": "Lote 4",
            "length_m": 11.54
          }
        ],
        "access": {
          "longitude": -54.55744137,
          "latitude": -16.46748482,
          "label": "Rua Projetada 15",
          "frontage_m": 13.18,
          "confidence": "memorial"
        },
        "memorial_path": "memoriais/Q22/L13.pdf",
        "status_default": "nao_informado",
        "technical_review": []
      },
      "geometry": {
        "type": "Polygon",
        "coordinates": [
          [
            [
              -54.557614369824506,
              -16.467396161048963
            ],
            [
              -54.55742976744986,
              -16.467426390783857
            ],
            [
              -54.557452979849046,
              -16.467543242487775
            ],
            [
              -54.55763449697698,
              -16.467498505762588
            ],
            [
              -54.557614369824506,
              -16.467396161048963
            ]
          ]
        ]
      }
    },
    {
      "type": "Feature",
      "id": "Q22-L14",
      "properties": {
        "quadra": 22,
        "lote": 14,
        "area_m2": 241.01,
        "center": [
          -54.55755784,
          -16.46757313
        ],
        "source_polygon": "PLINHA-37",
        "geometry_source": "memorial_descritivo",
        "match_distance_m": 0.0,
        "perimeter_m": 64.11,
        "frontage_m": 12.37,
        "dimensions": [
          {
            "from": "639",
            "to": "612",
            "label": "Lote 13",
            "length_m": 20.01
          },
          {
            "from": "612",
            "to": "613",
            "label": "Rua Projetada 15",
            "length_m": 12.37
          },
          {
            "from": "613",
            "to": "641",
            "label": "Lote 15",
            "length_m": 20.23
          },
          {
            "from": "641",
            "to": "639",
            "label": "Lote 5",
            "length_m": 11.51
          }
        ],
        "access": {
          "longitude": -54.55746821,
          "latitude": -16.46759711,
          "label": "Rua Projetada 15",
          "frontage_m": 12.37,
          "confidence": "memorial"
        },
        "memorial_path": "memoriais/Q22/L14.pdf",
        "status_default": "nao_informado",
        "technical_review": []
      },
      "geometry": {
        "type": "Polygon",
        "coordinates": [
          [
            [
              -54.55763449697698,
              -16.467498505762588
            ],
            [
              -54.557452979849046,
              -16.467543242487775
            ],
            [
              -54.557483430613175,
              -16.467650973943954
            ],
            [
              -54.557664701224375,
              -16.46759827618802
            ],
            [
              -54.55763449697698,
              -16.467498505762588
            ]
          ]
        ]
      }
    },
    {
      "type": "Feature",
      "id": "Q22-L15",
      "properties": {
        "quadra": 22,
        "lote": 15,
        "area_m2": 203.04,
        "center": [
          -54.5575875,
          -16.46766802
        ],
        "source_polygon": "PLINHA-33",
        "geometry_source": "memorial_descritivo",
        "match_distance_m": 0.0,
        "perimeter_m": 60.56,
        "frontage_m": 10.03,
        "dimensions": [
          {
            "from": "641",
            "to": "613",
            "label": "Lote 14",
            "length_m": 20.22
          },
          {
            "from": "613",
            "to": "614",
            "label": "Rua Projetada 15",
            "length_m": 10.03
          },
          {
            "from": "614",
            "to": "642",
            "label": "Lote 16",
            "length_m": 20.29
          },
          {
            "from": "642",
            "to": "641",
            "label": "Lote 6",
            "length_m": 10.01
          }
        ],
        "access": {
          "longitude": -54.55749675,
          "latitude": -16.46769443,
          "label": "Rua Projetada 15",
          "frontage_m": 10.03,
          "confidence": "memorial"
        },
        "memorial_path": "memoriais/Q22/L15.pdf",
        "status_default": "nao_informado",
        "technical_review": []
      },
      "geometry": {
        "type": "Polygon",
        "coordinates": [
          [
            [
              -54.557664701224375,
              -16.46759827618802
            ],
            [
              -54.557483430613175,
              -16.467650973943954
            ],
            [
              -54.55751006083853,
              -16.467737875716182
            ],
            [
              -54.557691888414624,
              -16.467684814088393
            ],
            [
              -54.557664701224375,
              -16.46759827618802
            ]
          ]
        ]
      }
    },
    {
      "type": "Feature",
      "id": "Q22-L16",
      "properties": {
        "quadra": 22,
        "lote": 16,
        "area_m2": 203.31,
        "center": [
          -54.55761444,
          -16.46775463
        ],
        "source_polygon": "PLINHA-32",
        "geometry_source": "memorial_descritivo",
        "match_distance_m": 0.001,
        "perimeter_m": 60.66,
        "frontage_m": 9.99,
        "dimensions": [
          {
            "from": "642",
            "to": "614",
            "label": "Lote 15",
            "length_m": 20.29
          },
          {
            "from": "614",
            "to": "615",
            "label": "Rua Projetada 15",
            "length_m": 9.99
          },
          {
            "from": "615",
            "to": "643",
            "label": "Lote 17",
            "length_m": 20.37
          },
          {
            "from": "643",
            "to": "642",
            "label": "Lote 7",
            "length_m": 10.01
          }
        ],
        "access": {
          "longitude": -54.5575233,
          "latitude": -16.46778115,
          "label": "Rua Projetada 15",
          "frontage_m": 9.99,
          "confidence": "memorial"
        },
        "memorial_path": "memoriais/Q22/L16.pdf",
        "status_default": "nao_informado",
        "technical_review": []
      },
      "geometry": {
        "type": "Polygon",
        "coordinates": [
          [
            [
              -54.557691888414624,
              -16.467684814088393
            ],
            [
              -54.55751006083853,
              -16.467737875716182
            ],
            [
              -54.557536545848485,
              -16.467824414470016
            ],
            [
              -54.55771908498408,
              -16.46777135209703
            ],
            [
              -54.557691888414624,
              -16.467684814088393
            ]
          ]
        ]
      }
    },
    {
      "type": "Feature",
      "id": "Q22-L17",
      "properties": {
        "quadra": 22,
        "lote": 17,
        "area_m2": 252.25,
        "center": [
          -54.55766243,
          -16.46784623
        ],
        "source_polygon": "PLINHA-31",
        "geometry_source": "memorial_descritivo",
        "match_distance_m": 0.001,
        "perimeter_m": 68.31,
        "frontage_m": 31.71,
        "dimensions": [
          {
            "from": "644",
            "to": "643",
            "label": "Lote 7",
            "length_m": 1.1
          },
          {
            "from": "643",
            "to": "615",
            "label": "Lote 16",
            "length_m": 20.37
          },
          {
            "from": "615",
            "to": "616",
            "label": "Rua Projetada 15",
            "length_m": 6.33
          },
          {
            "from": "616",
            "to": "617",
            "label": "Rua Projetada 15",
            "length_m": 1.17
          },
          {
            "from": "617",
            "to": "618",
            "label": "Rua Projetada 16",
            "length_m": 24.21
          },
          {
            "from": "618",
            "to": "645",
            "label": "Lote 9",
            "length_m": 6.49
          },
          {
            "from": "645",
            "to": "644",
            "label": "Lote 8",
            "length_m": 10.0
          }
        ],
        "access": {
          "longitude": -54.55763884,
          "latitude": -16.46788851,
          "label": "Rua Projetada 15 / Rua Projetada 16",
          "frontage_m": 31.71,
          "confidence": "memorial"
        },
        "memorial_path": "memoriais/Q22/L17.pdf",
        "status_default": "nao_informado",
        "technical_review": []
      },
      "geometry": {
        "type": "Polygon",
        "coordinates": [
          [
            [
              -54.55772893158038,
              -16.467768495092386
            ],
            [
              -54.55771908498408,
              -16.46777135209703
            ],
            [
              -54.557536545848485,
              -16.467824414470016
            ],
            [
              -54.55755332736194,
              -16.467879233276108
            ],
            [
              -54.55756116597453,
              -16.46788571111799
            ],
            [
              -54.557773502880224,
              -16.467911078281414
            ],
            [
              -54.557755960484016,
              -16.467854967911443
            ],
            [
              -54.55772893158038,
              -16.467768495092386
            ]
          ]
        ]
      }
    },
    {
      "type": "Feature",
      "id": "Q23-L01",
      "properties": {
        "quadra": 23,
        "lote": 1,
        "area_m2": 266.95,
        "center": [
          -54.55796524,
          -16.46641715
        ],
        "source_polygon": "PLINHA-124",
        "geometry_source": "memorial_descritivo",
        "match_distance_m": 0.001,
        "perimeter_m": 68.06,
        "frontage_m": 49.61,
        "dimensions": [
          {
            "from": "675",
            "to": "576",
            "label": "Rua Projetada 2",
            "length_m": 23.14
          },
          {
            "from": "576",
            "to": "594",
            "label": "Lote 2",
            "length_m": 23.32
          },
          {
            "from": "594",
            "to": "595",
            "label": "Rua Projetada 13",
            "length_m": 10.21
          },
          {
            "from": "595",
            "to": "675",
            "label": "Rua Projetada 2",
            "length_m": 16.26
          }
        ],
        "access": {
          "longitude": -54.55797557,
          "latitude": -16.46639454,
          "label": "Rua Projetada 2 / Rua Projetada 13",
          "frontage_m": 49.61,
          "confidence": "memorial"
        },
        "memorial_path": "memoriais/Q23/L01.pdf",
        "status_default": "nao_informado",
        "technical_review": []
      },
      "geometry": {
        "type": "Polygon",
        "coordinates": [
          [
            [
              -54.557992468574405,
              -16.46634183196492
            ],
            [
              -54.557828693319316,
              -16.466389486036693
            ],
            [
              -54.558009175929115,
              -16.46650793740678
            ],
            [
              -54.558065853171804,
              -16.46643368718905
            ],
            [
              -54.557992468574405,
              -16.46634183196492
            ]
          ]
        ]
      }
    },
    {
      "type": "Feature",
      "id": "Q23-L02",
      "properties": {
        "quadra": 23,
        "lote": 2,
        "area_m2": 313.66,
        "center": [
          -54.5578646,
          -16.46647793
        ],
        "source_polygon": "PLINHA-52",
        "geometry_source": "memorial_descritivo",
        "match_distance_m": 0.001,
        "perimeter_m": 83.0,
        "frontage_m": 25.9,
        "dimensions": [
          {
            "from": "576",
            "to": "577",
            "label": "Rua Projetada 2",
            "length_m": 15.9
          },
          {
            "from": "577",
            "to": "597",
            "label": "Lote 8",
            "length_m": 13.79
          },
          {
            "from": "597",
            "to": "593",
            "label": "Lote 3",
            "length_m": 19.99
          },
          {
            "from": "593",
            "to": "594",
            "label": "Rua Projetada 13",
            "length_m": 10.0
          },
          {
            "from": "594",
            "to": "576",
            "label": "Lote 1",
            "length_m": 23.32
          }
        ],
        "access": {
          "longitude": -54.557845,
          "latitude": -16.46646265,
          "label": "Rua Projetada 2 / Rua Projetada 13",
          "frontage_m": 25.9,
          "confidence": "memorial"
        },
        "memorial_path": "memoriais/Q23/L02.pdf",
        "status_default": "nao_informado",
        "technical_review": []
      },
      "geometry": {
        "type": "Polygon",
        "coordinates": [
          [
            [
              -54.557828693319316,
              -16.466389486036693
            ],
            [
              -54.557686145562606,
              -16.466430739267704
            ],
            [
              -54.557797200494555,
              -16.466494182385333
            ],
            [
              -54.55795931377551,
              -16.466584426006232
            ],
            [
              -54.558009175929115,
              -16.46650793740678
            ],
            [
              -54.557828693319316,
              -16.466389486036693
            ]
          ]
        ]
      }
    },
    {
      "type": "Feature",
      "id": "Q23-L03",
      "properties": {
        "quadra": 23,
        "lote": 3,
        "area_m2": 246.79,
        "center": [
          -54.55784908,
          -16.46658775
        ],
        "source_polygon": "PLINHA-51",
        "geometry_source": "memorial_descritivo",
        "match_distance_m": 0.0,
        "perimeter_m": 64.76,
        "frontage_m": 0.0,
        "dimensions": [
          {
            "from": "597",
            "to": "599",
            "label": "Lote 8",
            "length_m": 11.86
          },
          {
            "from": "599",
            "to": "600",
            "label": "Lote 9",
            "length_m": 1.53
          },
          {
            "from": "600",
            "to": "592",
            "label": "Lote 4",
            "length_m": 20.0
          },
          {
            "from": "592",
            "to": "593",
            "label": "Propriedade de",
            "length_m": 11.38
          },
          {
            "from": "593",
            "to": "597",
            "label": "Lote 2",
            "length_m": 19.99
          }
        ],
        "access": null,
        "memorial_path": "memoriais/Q23/L03.pdf",
        "status_default": "nao_informado",
        "technical_review": []
      },
      "geometry": {
        "type": "Polygon",
        "coordinates": [
          [
            [
              -54.557797200494555,
              -16.466494182385333
            ],
            [
              -54.55774547122668,
              -16.4665889320913
            ],
            [
              -54.55773936016517,
              -16.46660148000917
            ],
            [
              -54.5579100452653,
              -16.4666755460669
            ],
            [
              -54.55795931377551,
              -16.466584426006232
            ],
            [
              -54.557797200494555,
              -16.466494182385333
            ]
          ]
        ]
      }
    },
    {
      "type": "Feature",
      "id": "Q23-L04",
      "properties": {
        "quadra": 23,
        "lote": 4,
        "area_m2": 247.38,
        "center": [
          -54.55779989,
          -16.46668926
        ],
        "source_polygon": "PLINHA-50",
        "geometry_source": "memorial_descritivo",
        "match_distance_m": 0.0,
        "perimeter_m": 64.84,
        "frontage_m": 11.4,
        "dimensions": [
          {
            "from": "600",
            "to": "601",
            "label": "Lote 9",
            "length_m": 9.62
          },
          {
            "from": "601",
            "to": "602",
            "label": "Lote 10",
            "length_m": 3.77
          },
          {
            "from": "602",
            "to": "591",
            "label": "Lote 5",
            "length_m": 20.07
          },
          {
            "from": "591",
            "to": "592",
            "label": "Rua Projetada 13",
            "length_m": 11.4
          },
          {
            "from": "592",
            "to": "600",
            "label": "Lote 3",
            "length_m": 21.74
          }
        ],
        "access": {
          "longitude": -54.55788968,
          "latitude": -16.46672311,
          "label": "Rua Projetada 13",
          "frontage_m": 11.4,
          "confidence": "memorial"
        },
        "memorial_path": "memoriais/Q23/L04.pdf",
        "status_default": "nao_informado",
        "technical_review": []
      },
      "geometry": {
        "type": "Polygon",
        "coordinates": [
          [
            [
              -54.55773936016517,
              -16.46660148000917
            ],
            [
              -54.557703835165874,
              -16.46668130639728
            ],
            [
              -54.5576912204065,
              -16.46671308212503
            ],
            [
              -54.55786931097003,
              -16.466770667954385
            ],
            [
              -54.5579100452653,
              -16.4666755460669
            ],
            [
              -54.55773936016517,
              -16.46660148000917
            ]
          ]
        ]
      }
    },
    {
      "type": "Feature",
      "id": "Q23-L05",
      "properties": {
        "quadra": 23,
        "lote": 5,
        "area_m2": 249.69,
        "center": [
          -54.5577601,
          -16.46679473
        ],
        "source_polygon": "PLINHA-49",
        "geometry_source": "memorial_descritivo",
        "match_distance_m": 0.001,
        "perimeter_m": 65.13,
        "frontage_m": 11.42,
        "dimensions": [
          {
            "from": "602",
            "to": "603",
            "label": "Lote 10",
            "length_m": 8.27
          },
          {
            "from": "603",
            "to": "603A",
            "label": "Lote 11",
            "length_m": 5.16
          },
          {
            "from": "603A",
            "to": "590",
            "label": "O Lote 6",
            "length_m": 20.2
          },
          {
            "from": "590",
            "to": "591",
            "label": "Rua Projetada 13",
            "length_m": 11.42
          },
          {
            "from": "591",
            "to": "602",
            "label": "Lote 4",
            "length_m": 20.07
          }
        ],
        "access": {
          "longitude": -54.55785347,
          "latitude": -16.46681994,
          "label": "Rua Projetada 13",
          "frontage_m": 11.42,
          "confidence": "memorial"
        },
        "memorial_path": "memoriais/Q23/L05.pdf",
        "status_default": "nao_informado",
        "technical_review": []
      },
      "geometry": {
        "type": "Polygon",
        "coordinates": [
          [
            [
              -54.5576912204065,
              -16.46671308212503
            ],
            [
              -54.55766669458489,
              -16.466783976644322
            ],
            [
              -54.55765323390663,
              -16.466828723030122
            ],
            [
              -54.55783762369547,
              -16.46686921050698
            ],
            [
              -54.55786931097003,
              -16.466770667954385
            ],
            [
              -54.5576912204065,
              -16.46671308212503
            ]
          ]
        ]
      }
    },
    {
      "type": "Feature",
      "id": "Q23-L06",
      "properties": {
        "quadra": 23,
        "lote": 6,
        "area_m2": 252.35,
        "center": [
          -54.55772996,
          -16.46690352
        ],
        "source_polygon": "PLINHA-48",
        "geometry_source": "memorial_descritivo",
        "match_distance_m": 0.001,
        "perimeter_m": 65.51,
        "frontage_m": 11.47,
        "dimensions": [
          {
            "from": "603A",
            "to": "604",
            "label": "Lote 11",
            "length_m": 5.02
          },
          {
            "from": "604",
            "to": "604A",
            "label": "Lote 12",
            "length_m": 8.48
          },
          {
            "from": "604A",
            "to": "589",
            "label": "Lote 7",
            "length_m": 20.34
          },
          {
            "from": "589",
            "to": "590",
            "label": "Rua Projetada 13",
            "length_m": 11.47
          },
          {
            "from": "590",
            "to": "603A",
            "label": "Lote 5",
            "length_m": 50.35
          }
        ],
        "access": {
          "longitude": -54.55782612,
          "latitude": -16.46691981,
          "label": "Rua Projetada 13",
          "frontage_m": 11.47,
          "confidence": "memorial"
        },
        "memorial_path": "memoriais/Q23/L06.pdf",
        "status_default": "nao_informado",
        "technical_review": [
          "área memorial 252.35, KML [252.82]"
        ]
      },
      "geometry": {
        "type": "Polygon",
        "coordinates": [
          [
            [
              -54.55765323390663,
              -16.466828723030122
            ],
            [
              -54.557641833140615,
              -16.466872689502413
            ],
            [
              -54.557625662906766,
              -16.466947647012883
            ],
            [
              -54.55781461866938,
              -16.466970401663268
            ],
            [
              -54.55783762369547,
              -16.46686921050698
            ],
            [
              -54.55765323390663,
              -16.466828723030122
            ]
          ]
        ]
      }
    },
    {
      "type": "Feature",
      "id": "Q23-L07",
      "properties": {
        "quadra": 23,
        "lote": 7,
        "area_m2": 240.1,
        "center": [
          -54.55771137,
          -16.46701178
        ],
        "source_polygon": "PLINHA-47",
        "geometry_source": "memorial_descritivo",
        "match_distance_m": 0.0,
        "perimeter_m": 64.41,
        "frontage_m": 31.77,
        "dimensions": [
          {
            "from": "604A",
            "to": "605",
            "label": "Lote 12",
            "length_m": 1.74
          },
          {
            "from": "605",
            "to": "586",
            "label": "Lote 13",
            "length_m": 10.55
          },
          {
            "from": "586",
            "to": "587",
            "label": "Alameda Projetada 10",
            "length_m": 20.43
          },
          {
            "from": "587",
            "to": "589",
            "label": "Rua Projetada 13",
            "length_m": 11.34
          },
          {
            "from": "589",
            "to": "604A",
            "label": "Lote 6",
            "length_m": 20.34
          }
        ],
        "access": {
          "longitude": -54.5577419,
          "latitude": -16.46704922,
          "label": "Alameda Projetada 10 / Rua Projetada 13",
          "frontage_m": 31.77,
          "confidence": "memorial"
        },
        "memorial_path": "memoriais/Q23/L07.pdf",
        "status_default": "nao_informado",
        "technical_review": []
      },
      "geometry": {
        "type": "Polygon",
        "coordinates": [
          [
            [
              -54.557625662906766,
              -16.466947647012883
            ],
            [
              -54.55762300622485,
              -16.466963180008644
            ],
            [
              -54.557610045490954,
              -16.467057677371304
            ],
            [
              -54.55780073694132,
              -16.46707191603894
            ],
            [
              -54.55781461866938,
              -16.466970401663268
            ],
            [
              -54.557625662906766,
              -16.466947647012883
            ]
          ]
        ]
      }
    },
    {
      "type": "Feature",
      "id": "Q23-L08",
      "properties": {
        "quadra": 23,
        "lote": 8,
        "area_m2": 237.13,
        "center": [
          -54.55768993,
          -16.46650415
        ],
        "source_polygon": "PLINHA-119",
        "geometry_source": "memorial_descritivo",
        "match_distance_m": 0.001,
        "perimeter_m": 61.78,
        "frontage_m": 16.19,
        "dimensions": [
          {
            "from": "577",
            "to": "578",
            "label": "Rua Projetada 2",
            "length_m": 7.85
          },
          {
            "from": "578",
            "to": "579",
            "label": "Rua Projetada 2",
            "length_m": 2.42
          },
          {
            "from": "579",
            "to": "580",
            "label": "Rua Projetada 2",
            "length_m": 5.92
          },
          {
            "from": "580",
            "to": "599",
            "label": "Lote 9",
            "length_m": 20.1
          },
          {
            "from": "599",
            "to": "597",
            "label": "Lote 3",
            "length_m": 11.86
          },
          {
            "from": "597",
            "to": "577",
            "label": "Lote 2",
            "length_m": 13.79
          }
        ],
        "access": {
          "longitude": -54.55762108,
          "latitude": -16.46646092,
          "label": "Rua Projetada 2",
          "frontage_m": 16.19,
          "confidence": "memorial"
        },
        "memorial_path": "memoriais/Q23/L08.pdf",
        "status_default": "nao_informado",
        "technical_review": []
      },
      "geometry": {
        "type": "Polygon",
        "coordinates": [
          [
            [
              -54.557686145562606,
              -16.466430739267704
            ],
            [
              -54.55761581685816,
              -16.46645139042029
            ],
            [
              -54.55759891747829,
              -16.466465004838525
            ],
            [
              -54.55757517209627,
              -16.46651171787483
            ],
            [
              -54.55774547122668,
              -16.4665889320913
            ],
            [
              -54.557797200494555,
              -16.466494182385333
            ],
            [
              -54.557686145562606,
              -16.466430739267704
            ]
          ]
        ]
      }
    },
    {
      "type": "Feature",
      "id": "Q23-L09",
      "properties": {
        "quadra": 23,
        "lote": 9,
        "area_m2": 229.79,
        "center": [
          -54.5576383,
          -16.46659731
        ],
        "source_polygon": "PLINHA-120",
        "geometry_source": "memorial_descritivo",
        "match_distance_m": 0.0,
        "perimeter_m": 63.01,
        "frontage_m": 11.69,
        "dimensions": [
          {
            "from": "580",
            "to": "581",
            "label": "Rua Projetada 2",
            "length_m": 11.69
          },
          {
            "from": "581",
            "to": "601",
            "label": "Lote 10",
            "length_m": 20.07
          },
          {
            "from": "601",
            "to": "600",
            "label": "Lote 4",
            "length_m": 9.62
          },
          {
            "from": "600",
            "to": "599",
            "label": "Lote 3",
            "length_m": 1.53
          },
          {
            "from": "599",
            "to": "580",
            "label": "Lote 8",
            "length_m": 20.1
          }
        ],
        "access": {
          "longitude": -54.55755348,
          "latitude": -16.46656018,
          "label": "Rua Projetada 2",
          "frontage_m": 11.69,
          "confidence": "memorial"
        },
        "memorial_path": "memoriais/Q23/L09.pdf",
        "status_default": "nao_informado",
        "technical_review": []
      },
      "geometry": {
        "type": "Polygon",
        "coordinates": [
          [
            [
              -54.55757517209627,
              -16.46651171787483
            ],
            [
              -54.55753178466575,
              -16.46660863340985
            ],
            [
              -54.557703835165874,
              -16.46668130639728
            ],
            [
              -54.55773936016517,
              -16.46660148000917
            ],
            [
              -54.55774547122668,
              -16.4665889320913
            ],
            [
              -54.55757517209627,
              -16.46651171787483
            ]
          ]
        ]
      }
    },
    {
      "type": "Feature",
      "id": "Q23-L10",
      "properties": {
        "quadra": 23,
        "lote": 10,
        "area_m2": 271.14,
        "center": [
          -54.55759359,
          -16.46670149
        ],
        "source_polygon": "PLINHA-118",
        "geometry_source": "memorial_descritivo",
        "match_distance_m": 0.001,
        "perimeter_m": 67.13,
        "frontage_m": 15.01,
        "dimensions": [
          {
            "from": "581",
            "to": "582",
            "label": "Rua Projetada 14",
            "length_m": 15.01
          },
          {
            "from": "582",
            "to": "603",
            "label": "Lote 11",
            "length_m": 20.02
          },
          {
            "from": "603",
            "to": "602",
            "label": "Lote 5",
            "length_m": 8.27
          },
          {
            "from": "602",
            "to": "601",
            "label": "Lote 4",
            "length_m": 3.77
          },
          {
            "from": "601",
            "to": "581",
            "label": "Lote 9",
            "length_m": 20.06
          }
        ],
        "access": {
          "longitude": -54.55750882,
          "latitude": -16.46667269,
          "label": "Rua Projetada 14",
          "frontage_m": 15.01,
          "confidence": "memorial"
        },
        "memorial_path": "memoriais/Q23/L10.pdf",
        "status_default": "nao_informado",
        "technical_review": []
      },
      "geometry": {
        "type": "Polygon",
        "coordinates": [
          [
            [
              -54.55753178466575,
              -16.46660863340985
            ],
            [
              -54.557485862609276,
              -16.466736737667354
            ],
            [
              -54.55766669458489,
              -16.466783976644322
            ],
            [
              -54.5576912204065,
              -16.46671308212503
            ],
            [
              -54.557703835165874,
              -16.46668130639728
            ],
            [
              -54.55753178466575,
              -16.46660863340985
            ]
          ]
        ]
      }
    },
    {
      "type": "Feature",
      "id": "Q23-L11",
      "properties": {
        "quadra": 23,
        "lote": 11,
        "area_m2": 218.53,
        "center": [
          -54.5575608,
          -16.46680748
        ],
        "source_polygon": "PLINHA-121",
        "geometry_source": "memorial_descritivo",
        "match_distance_m": 0.001,
        "perimeter_m": 61.87,
        "frontage_m": 11.67,
        "dimensions": [
          {
            "from": "582",
            "to": "583",
            "label": "Rua Projetada 14",
            "length_m": 11.67
          },
          {
            "from": "583",
            "to": "604",
            "label": "Lote 12",
            "length_m": 20.01
          },
          {
            "from": "604",
            "to": "603A",
            "label": "Lote 6",
            "length_m": 5.02
          },
          {
            "from": "603A",
            "to": "603",
            "label": "Lote 5",
            "length_m": 5.16
          },
          {
            "from": "603",
            "to": "582",
            "label": "Lote 10",
            "length_m": 20.01
          }
        ],
        "access": {
          "longitude": -54.55747189,
          "latitude": -16.46678769,
          "label": "Rua Projetada 14",
          "frontage_m": 11.67,
          "confidence": "memorial"
        },
        "memorial_path": "memoriais/Q23/L11.pdf",
        "status_default": "nao_informado",
        "technical_review": []
      },
      "geometry": {
        "type": "Polygon",
        "coordinates": [
          [
            [
              -54.557485862609276,
              -16.466736737667354
            ],
            [
              -54.557457924434345,
              -16.466838639019898
            ],
            [
              -54.557641833140615,
              -16.466872689502413
            ],
            [
              -54.55765323390663,
              -16.466828723030122
            ],
            [
              -54.55766669458489,
              -16.466783976644322
            ],
            [
              -54.557485862609276,
              -16.466736737667354
            ]
          ]
        ]
      }
    },
    {
      "type": "Feature",
      "id": "Q23-L12",
      "properties": {
        "quadra": 23,
        "lote": 12,
        "area_m2": 203.28,
        "center": [
          -54.55754059,
          -16.46690062
        ],
        "source_polygon": "PLINHA-122",
        "geometry_source": "memorial_descritivo",
        "match_distance_m": 0.0,
        "perimeter_m": 61.32,
        "frontage_m": 10.09,
        "dimensions": [
          {
            "from": "583",
            "to": "584",
            "label": "Rua Projetada 14",
            "length_m": 10.09
          },
          {
            "from": "584",
            "to": "605",
            "label": "Lote 13",
            "length_m": 20.0
          },
          {
            "from": "605",
            "to": "604A",
            "label": "Lote 7",
            "length_m": 1.74
          },
          {
            "from": "604A",
            "to": "604",
            "label": "Lote 6",
            "length_m": 8.48
          },
          {
            "from": "604",
            "to": "583",
            "label": "Lote 11",
            "length_m": 20.01
          }
        ],
        "access": {
          "longitude": -54.55744864,
          "latitude": -16.46688332,
          "label": "Rua Projetada 14",
          "frontage_m": 10.09,
          "confidence": "memorial"
        },
        "memorial_path": "memoriais/Q23/L12.pdf",
        "status_default": "nao_informado",
        "technical_review": [
          "área memorial 203.28, KML [203.0]"
        ]
      },
      "geometry": {
        "type": "Polygon",
        "coordinates": [
          [
            [
              -54.557457924434345,
              -16.466838639019898
            ],
            [
              -54.557439364422514,
              -16.466927994446348
            ],
            [
              -54.55762300622485,
              -16.466963180008644
            ],
            [
              -54.557625662906766,
              -16.466947647012883
            ],
            [
              -54.557641833140615,
              -16.466872689502413
            ],
            [
              -54.557457924434345,
              -16.466838639019898
            ]
          ]
        ]
      }
    },
    {
      "type": "Feature",
      "id": "Q23-L13",
      "properties": {
        "quadra": 23,
        "lote": 13,
        "area_m2": 235.32,
        "center": [
          -54.55752082,
          -16.4669977
        ],
        "source_polygon": "PLINHA-123",
        "geometry_source": "memorial_descritivo",
        "match_distance_m": 0.0,
        "perimeter_m": 63.48,
        "frontage_m": 32.93,
        "dimensions": [
          {
            "from": "584",
            "to": "585",
            "label": "Rua Projetada 14",
            "length_m": 12.91
          },
          {
            "from": "585",
            "to": "586",
            "label": "Alameda Projetada 10",
            "length_m": 20.02
          },
          {
            "from": "586",
            "to": "605",
            "label": "Lote 7",
            "length_m": 10.55
          },
          {
            "from": "605",
            "to": "584",
            "label": "Lote 12",
            "length_m": 20.0
          }
        ],
        "access": {
          "longitude": -54.5574832,
          "latitude": -16.4670252,
          "label": "Rua Projetada 14 / Alameda Projetada 10",
          "frontage_m": 32.93,
          "confidence": "memorial"
        },
        "memorial_path": "memoriais/Q23/L13.pdf",
        "status_default": "nao_informado",
        "technical_review": []
      },
      "geometry": {
        "type": "Polygon",
        "coordinates": [
          [
            [
              -54.557439364422514,
              -16.466927994446348
            ],
            [
              -54.55742326568558,
              -16.46704355643743
            ],
            [
              -54.557610045490954,
              -16.467057677371304
            ],
            [
              -54.55762300622485,
              -16.466963180008644
            ],
            [
              -54.557439364422514,
              -16.466927994446348
            ]
          ]
        ]
      }
    },
    {
      "type": "Feature",
      "id": "Q24-L01",
      "properties": {
        "quadra": 24,
        "lote": 1,
        "area_m2": 244.62,
        "center": [
          -54.5569203,
          -16.46663953
        ],
        "source_polygon": "PLINHA-131",
        "geometry_source": "memorial_descritivo",
        "match_distance_m": 0.001,
        "perimeter_m": 68.92,
        "frontage_m": 10.0,
        "dimensions": [
          {
            "from": "825",
            "to": "795",
            "label": "RMI-03 Área Verde",
            "length_m": 24.47
          },
          {
            "from": "795",
            "to": "796",
            "label": "RMI- 01 Externo",
            "length_m": 10.0
          },
          {
            "from": "796",
            "to": "824",
            "label": "Lote 2",
            "length_m": 24.46
          },
          {
            "from": "824",
            "to": "825",
            "label": "Rua Projetada 15",
            "length_m": 10.0
          }
        ],
        "access": {
          "longitude": -54.55702992,
          "latitude": -16.46660764,
          "label": "Rua Projetada 15",
          "frontage_m": 10.0,
          "confidence": "memorial"
        },
        "memorial_path": "memoriais/Q24/L01.pdf",
        "status_default": "nao_informado",
        "technical_review": []
      },
      "geometry": {
        "type": "Polygon",
        "coordinates": [
          [
            [
              -54.55701641416313,
              -16.466564401063824
            ],
            [
              -54.5567971385126,
              -16.466628199091744
            ],
            [
              -54.556824232533074,
              -16.46671466369593
            ],
            [
              -54.557043423813695,
              -16.46665088273245
            ],
            [
              -54.55701641416313,
              -16.466564401063824
            ]
          ]
        ]
      }
    },
    {
      "type": "Feature",
      "id": "Q24-L02",
      "properties": {
        "quadra": 24,
        "lote": 2,
        "area_m2": 244.53,
        "center": [
          -54.55694735,
          -16.466726
        ],
        "source_polygon": "PLINHA-132",
        "geometry_source": "memorial_descritivo",
        "match_distance_m": 0.0,
        "perimeter_m": 68.9,
        "frontage_m": 10.0,
        "dimensions": [
          {
            "from": "824",
            "to": "796",
            "label": "Lote 1",
            "length_m": 24.46
          },
          {
            "from": "796",
            "to": "797",
            "label": "RMI- 01 Externo",
            "length_m": 10.0
          },
          {
            "from": "797",
            "to": "823",
            "label": "Lote 3",
            "length_m": 24.45
          },
          {
            "from": "823",
            "to": "824",
            "label": "Rua Projetada 15",
            "length_m": 10.0
          }
        ],
        "access": {
          "longitude": -54.55705693,
          "latitude": -16.46669412,
          "label": "Rua Projetada 15",
          "frontage_m": 10.0,
          "confidence": "memorial"
        },
        "memorial_path": "memoriais/Q24/L02.pdf",
        "status_default": "nao_informado",
        "technical_review": []
      },
      "geometry": {
        "type": "Polygon",
        "coordinates": [
          [
            [
              -54.557043423813695,
              -16.46665088273245
            ],
            [
              -54.556824232533074,
              -16.46671466369593
            ],
            [
              -54.556851326685795,
              -16.466801119267444
            ],
            [
              -54.55707043348323,
              -16.46673736440015
            ],
            [
              -54.557043423813695,
              -16.46665088273245
            ]
          ]
        ]
      }
    },
    {
      "type": "Feature",
      "id": "Q24-L03",
      "properties": {
        "quadra": 24,
        "lote": 3,
        "area_m2": 244.44,
        "center": [
          -54.55697441,
          -16.46681247
        ],
        "source_polygon": "PLINHA-133",
        "geometry_source": "memorial_descritivo",
        "match_distance_m": 0.0,
        "perimeter_m": 68.89,
        "frontage_m": 10.0,
        "dimensions": [
          {
            "from": "823",
            "to": "797",
            "label": "Lote 2",
            "length_m": 24.45
          },
          {
            "from": "797",
            "to": "798",
            "label": "RMI- 01 Externo",
            "length_m": 10.0
          },
          {
            "from": "798",
            "to": "822",
            "label": "RMI- 01 Externo",
            "length_m": 24.44
          },
          {
            "from": "822",
            "to": "823",
            "label": "Rua Projetada 15",
            "length_m": 10.0
          }
        ],
        "access": {
          "longitude": -54.55708394,
          "latitude": -16.46678061,
          "label": "Rua Projetada 15",
          "frontage_m": 10.0,
          "confidence": "memorial"
        },
        "memorial_path": "memoriais/Q24/L03.pdf",
        "status_default": "nao_informado",
        "technical_review": []
      },
      "geometry": {
        "type": "Polygon",
        "coordinates": [
          [
            [
              -54.55707043348323,
              -16.46673736440015
            ],
            [
              -54.556851326685795,
              -16.466801119267444
            ],
            [
              -54.556878420857544,
              -16.466887574838022
            ],
            [
              -54.55709745253176,
              -16.466823846176148
            ],
            [
              -54.55707043348323,
              -16.46673736440015
            ]
          ]
        ]
      }
    },
    {
      "type": "Feature",
      "id": "Q24-L04",
      "properties": {
        "quadra": 24,
        "lote": 4,
        "area_m2": 244.35,
        "center": [
          -54.55700146,
          -16.46689894
        ],
        "source_polygon": "PLINHA-134",
        "geometry_source": "memorial_descritivo",
        "match_distance_m": 0.0,
        "perimeter_m": 68.87,
        "frontage_m": 10.0,
        "dimensions": [
          {
            "from": "822",
            "to": "798",
            "label": "Lote 3",
            "length_m": 24.44
          },
          {
            "from": "798",
            "to": "799",
            "label": "RMI- 01 Externo",
            "length_m": 10.0
          },
          {
            "from": "799",
            "to": "821",
            "label": "Lote 5",
            "length_m": 24.43
          },
          {
            "from": "821",
            "to": "822",
            "label": "Rua Projetada 15",
            "length_m": 10.0
          }
        ],
        "access": {
          "longitude": -54.55711096,
          "latitude": -16.46686709,
          "label": "Rua Projetada 15",
          "frontage_m": 10.0,
          "confidence": "memorial"
        },
        "memorial_path": "memoriais/Q24/L04.pdf",
        "status_default": "nao_informado",
        "technical_review": []
      },
      "geometry": {
        "type": "Polygon",
        "coordinates": [
          [
            [
              -54.55709745253176,
              -16.466823846176148
            ],
            [
              -54.556878420857544,
              -16.466887574838022
            ],
            [
              -54.55690551493513,
              -16.46697403943944
            ],
            [
              -54.557124462239216,
              -16.466910327842015
            ],
            [
              -54.55709745253176,
              -16.466823846176148
            ]
          ]
        ]
      }
    },
    {
      "type": "Feature",
      "id": "Q24-L05",
      "properties": {
        "quadra": 24,
        "lote": 5,
        "area_m2": 244.26,
        "center": [
          -54.55702851,
          -16.46698542
        ],
        "source_polygon": "PLINHA-135",
        "geometry_source": "memorial_descritivo",
        "match_distance_m": 0.0,
        "perimeter_m": 68.85,
        "frontage_m": 10.0,
        "dimensions": [
          {
            "from": "821",
            "to": "799",
            "label": "Lote 4",
            "length_m": 24.43
          },
          {
            "from": "799",
            "to": "800",
            "label": "RMI-01 Externo",
            "length_m": 10.0
          },
          {
            "from": "800",
            "to": "820",
            "label": "Lote 6",
            "length_m": 24.42
          },
          {
            "from": "820",
            "to": "821",
            "label": "Rua Projetada 15",
            "length_m": 10.0
          }
        ],
        "access": {
          "longitude": -54.55713797,
          "latitude": -16.46695357,
          "label": "Rua Projetada 15",
          "frontage_m": 10.0,
          "confidence": "memorial"
        },
        "memorial_path": "memoriais/Q24/L05.pdf",
        "status_default": "nao_informado",
        "technical_review": []
      },
      "geometry": {
        "type": "Polygon",
        "coordinates": [
          [
            [
              -54.557124462239216,
              -16.466910327842015
            ],
            [
              -54.55690551493513,
              -16.46697403943944
            ],
            [
              -54.556932609144965,
              -16.467060495008162
            ],
            [
              -54.55715147196564,
              -16.46699680950696
            ],
            [
              -54.557124462239216,
              -16.466910327842015
            ]
          ]
        ]
      }
    },
    {
      "type": "Feature",
      "id": "Q24-L06",
      "properties": {
        "quadra": 24,
        "lote": 6,
        "area_m2": 244.17,
        "center": [
          -54.55705557,
          -16.46707188
        ],
        "source_polygon": "PLINHA-136",
        "geometry_source": "memorial_descritivo",
        "match_distance_m": 0.0,
        "perimeter_m": 68.83,
        "frontage_m": 10.0,
        "dimensions": [
          {
            "from": "820",
            "to": "800",
            "label": "Lote 5",
            "length_m": 24.42
          },
          {
            "from": "800",
            "to": "801",
            "label": "RMI-01 Externo",
            "length_m": 10.0
          },
          {
            "from": "801",
            "to": "819",
            "label": "Lote 7",
            "length_m": 24.41
          },
          {
            "from": "819",
            "to": "820",
            "label": "Rua Projetada 15",
            "length_m": 10.0
          }
        ],
        "access": {
          "longitude": -54.55716498,
          "latitude": -16.46704005,
          "label": "Rua Projetada 15",
          "frontage_m": 10.0,
          "confidence": "memorial"
        },
        "memorial_path": "memoriais/Q24/L06.pdf",
        "status_default": "nao_informado",
        "technical_review": []
      },
      "geometry": {
        "type": "Polygon",
        "coordinates": [
          [
            [
              -54.55715147196564,
              -16.46699680950696
            ],
            [
              -54.556932609144965,
              -16.467060495008162
            ],
            [
              -54.55695970337382,
              -16.467146950575952
            ],
            [
              -54.55717849107107,
              -16.46708329128021
            ],
            [
              -54.55715147196564,
              -16.46699680950696
            ]
          ]
        ]
      }
    },
    {
      "type": "Feature",
      "id": "Q24-L07",
      "properties": {
        "quadra": 24,
        "lote": 7,
        "area_m2": 244.08,
        "center": [
          -54.55708262,
          -16.46715835
        ],
        "source_polygon": "PLINHA-137",
        "geometry_source": "memorial_descritivo",
        "match_distance_m": 0.001,
        "perimeter_m": 68.82,
        "frontage_m": 10.0,
        "dimensions": [
          {
            "from": "819",
            "to": "801",
            "label": "Lote 6",
            "length_m": 24.41
          },
          {
            "from": "801",
            "to": "802",
            "label": "RMI-01 Externo",
            "length_m": 10.0
          },
          {
            "from": "802",
            "to": "803",
            "label": "Lote 8",
            "length_m": 4.58
          },
          {
            "from": "803",
            "to": "818",
            "label": "Lote 8",
            "length_m": 19.82
          },
          {
            "from": "818",
            "to": "819",
            "label": "Rua Projetada 15",
            "length_m": 10.0
          }
        ],
        "access": {
          "longitude": -54.557192,
          "latitude": -16.46712653,
          "label": "Rua Projetada 15",
          "frontage_m": 10.0,
          "confidence": "memorial"
        },
        "memorial_path": "memoriais/Q24/L07.pdf",
        "status_default": "nao_informado",
        "technical_review": []
      },
      "geometry": {
        "type": "Polygon",
        "coordinates": [
          [
            [
              -54.55717849107107,
              -16.46708329128021
            ],
            [
              -54.55695970337382,
              -16.467146950575952
            ],
            [
              -54.556986797621725,
              -16.46723340614282
            ],
            [
              -54.557027847322544,
              -16.46722146470998
            ],
            [
              -54.55720550083542,
              -16.46716977294332
            ],
            [
              -54.55717849107107,
              -16.46708329128021
            ]
          ]
        ]
      }
    },
    {
      "type": "Feature",
      "id": "Q24-L08",
      "properties": {
        "quadra": 24,
        "lote": 8,
        "area_m2": 243.99,
        "center": [
          -54.55710967,
          -16.46724482
        ],
        "source_polygon": "PLINHA-138",
        "geometry_source": "memorial_descritivo",
        "match_distance_m": 0.001,
        "perimeter_m": 68.8,
        "frontage_m": 10.0,
        "dimensions": [
          {
            "from": "818",
            "to": "803",
            "label": "Lote 7",
            "length_m": 19.82
          },
          {
            "from": "803",
            "to": "802",
            "label": "Lote 7",
            "length_m": 4.58
          },
          {
            "from": "802",
            "to": "804",
            "label": "RMI-01 Externo",
            "length_m": 10.0
          },
          {
            "from": "804",
            "to": "817",
            "label": "Lote 9",
            "length_m": 24.39
          },
          {
            "from": "817",
            "to": "818",
            "label": "Rua Projetada 15",
            "length_m": 10.0
          }
        ],
        "access": {
          "longitude": -54.55721901,
          "latitude": -16.46721301,
          "label": "Rua Projetada 15",
          "frontage_m": 10.0,
          "confidence": "memorial"
        },
        "memorial_path": "memoriais/Q24/L08.pdf",
        "status_default": "nao_informado",
        "technical_review": []
      },
      "geometry": {
        "type": "Polygon",
        "coordinates": [
          [
            [
              -54.55720550083542,
              -16.46716977294332
            ],
            [
              -54.557027847322544,
              -16.46722146470998
            ],
            [
              -54.556986797621725,
              -16.46723340614282
            ],
            [
              -54.557013882415404,
              -16.467319870631272
            ],
            [
              -54.55723251061874,
              -16.467256254605516
            ],
            [
              -54.55720550083542,
              -16.46716977294332
            ]
          ]
        ]
      }
    },
    {
      "type": "Feature",
      "id": "Q24-L09",
      "properties": {
        "quadra": 24,
        "lote": 9,
        "area_m2": 243.9,
        "center": [
          -54.55713672,
          -16.46733129
        ],
        "source_polygon": "PLINHA-139",
        "geometry_source": "memorial_descritivo",
        "match_distance_m": 0.001,
        "perimeter_m": 68.78,
        "frontage_m": 10.0,
        "dimensions": [
          {
            "from": "817",
            "to": "804",
            "label": "Lote 8",
            "length_m": 24.39
          },
          {
            "from": "804",
            "to": "805",
            "label": "RMI-01 Externo",
            "length_m": 10.0
          },
          {
            "from": "805",
            "to": "816",
            "label": "Lote 10",
            "length_m": 24.39
          },
          {
            "from": "816",
            "to": "817",
            "label": "Rua Projetada 15",
            "length_m": 10.0
          }
        ],
        "access": {
          "longitude": -54.55724602,
          "latitude": -16.4672995,
          "label": "Rua Projetada 15",
          "frontage_m": 10.0,
          "confidence": "memorial"
        },
        "memorial_path": "memoriais/Q24/L09.pdf",
        "status_default": "nao_informado",
        "technical_review": []
      },
      "geometry": {
        "type": "Polygon",
        "coordinates": [
          [
            [
              -54.55723251061874,
              -16.467256254605516
            ],
            [
              -54.557013882415404,
              -16.467319870631272
            ],
            [
              -54.55704097670137,
              -16.467406326196283
            ],
            [
              -54.55725952978107,
              -16.46734273637601
            ],
            [
              -54.55723251061874,
              -16.467256254605516
            ]
          ]
        ]
      }
    },
    {
      "type": "Feature",
      "id": "Q24-L10",
      "properties": {
        "quadra": 24,
        "lote": 10,
        "area_m2": 243.81,
        "center": [
          -54.55716378,
          -16.46741776
        ],
        "source_polygon": "PLINHA-140",
        "geometry_source": "memorial_descritivo",
        "match_distance_m": 0.0,
        "perimeter_m": 68.76,
        "frontage_m": 10.0,
        "dimensions": [
          {
            "from": "805",
            "to": "806",
            "label": "RMI-01 Externo",
            "length_m": 10.0
          },
          {
            "from": "806",
            "to": "815",
            "label": "Lote 11",
            "length_m": 24.38
          },
          {
            "from": "815",
            "to": "805",
            "label": "Rua Projetada 15",
            "length_m": 10.0
          }
        ],
        "access": {
          "longitude": -54.55716376,
          "latitude": -16.46741777,
          "label": "Rua Projetada 15",
          "frontage_m": 10.0,
          "confidence": "memorial"
        },
        "memorial_path": "memoriais/Q24/L10.pdf",
        "status_default": "nao_informado",
        "technical_review": []
      },
      "geometry": {
        "type": "Polygon",
        "coordinates": [
          [
            [
              -54.55725952978107,
              -16.46734273637601
            ],
            [
              -54.55704097670137,
              -16.467406326196283
            ],
            [
              -54.55706807100638,
              -16.467492781760352
            ],
            [
              -54.557286539602316,
              -16.46742921803636
            ],
            [
              -54.55725952978107,
              -16.46734273637601
            ]
          ]
        ]
      }
    },
    {
      "type": "Feature",
      "id": "Q24-L11",
      "properties": {
        "quadra": 24,
        "lote": 11,
        "area_m2": 243.72,
        "center": [
          -54.55719083,
          -16.46750423
        ],
        "source_polygon": "PLINHA-128",
        "geometry_source": "memorial_descritivo",
        "match_distance_m": 0.001,
        "perimeter_m": 68.74,
        "frontage_m": 10.0,
        "dimensions": [
          {
            "from": "815",
            "to": "806",
            "label": "Lote 10",
            "length_m": 24.38
          },
          {
            "from": "806",
            "to": "807",
            "label": "RMI-01 Externo",
            "length_m": 10.0
          },
          {
            "from": "807",
            "to": "814",
            "label": "Lote 12",
            "length_m": 24.37
          },
          {
            "from": "814",
            "to": "815",
            "label": "Rua Projetada 15",
            "length_m": 10.0
          }
        ],
        "access": {
          "longitude": -54.55730004,
          "latitude": -16.46747246,
          "label": "Rua Projetada 15",
          "frontage_m": 10.0,
          "confidence": "memorial"
        },
        "memorial_path": "memoriais/Q24/L11.pdf",
        "status_default": "nao_informado",
        "technical_review": []
      },
      "geometry": {
        "type": "Polygon",
        "coordinates": [
          [
            [
              -54.557286539602316,
              -16.46742921803636
            ],
            [
              -54.55706807100638,
              -16.467492781760352
            ],
            [
              -54.55709516521723,
              -16.46757924635525
            ],
            [
              -54.557313549442526,
              -16.467515699695795
            ],
            [
              -54.557286539602316,
              -16.46742921803636
            ]
          ]
        ]
      }
    },
    {
      "type": "Feature",
      "id": "Q24-L12",
      "properties": {
        "quadra": 24,
        "lote": 12,
        "area_m2": 243.63,
        "center": [
          -54.55721789,
          -16.4675907
        ],
        "source_polygon": "PLINHA-129",
        "geometry_source": "memorial_descritivo",
        "match_distance_m": 0.001,
        "perimeter_m": 68.73,
        "frontage_m": 10.0,
        "dimensions": [
          {
            "from": "814",
            "to": "807",
            "label": "Lote 11",
            "length_m": 24.37
          },
          {
            "from": "807",
            "to": "808",
            "label": "RMI-01 Externo",
            "length_m": 10.0
          },
          {
            "from": "808",
            "to": "813",
            "label": "Lote 13",
            "length_m": 24.36
          },
          {
            "from": "813",
            "to": "814",
            "label": "Rua Projetada 15",
            "length_m": 10.0
          }
        ],
        "access": {
          "longitude": -54.55732706,
          "latitude": -16.46755894,
          "label": "Rua Projetada 15",
          "frontage_m": 10.0,
          "confidence": "memorial"
        },
        "memorial_path": "memoriais/Q24/L12.pdf",
        "status_default": "nao_informado",
        "technical_review": []
      },
      "geometry": {
        "type": "Polygon",
        "coordinates": [
          [
            [
              -54.557313549442526,
              -16.467515699695795
            ],
            [
              -54.55709516521723,
              -16.46757924635525
            ],
            [
              -54.55712225956031,
              -16.467665701917465
            ],
            [
              -54.55734056866177,
              -16.46760218146353
            ],
            [
              -54.557313549442526,
              -16.467515699695795
            ]
          ]
        ]
      }
    },
    {
      "type": "Feature",
      "id": "Q24-L13",
      "properties": {
        "quadra": 24,
        "lote": 13,
        "area_m2": 243.54,
        "center": [
          -54.55724494,
          -16.46767717
        ],
        "source_polygon": "PLINHA-460",
        "geometry_source": "memorial_descritivo",
        "match_distance_m": 0.0,
        "perimeter_m": 68.71,
        "frontage_m": 10.0,
        "dimensions": [
          {
            "from": "813",
            "to": "808",
            "label": "Lote 12",
            "length_m": 24.36
          },
          {
            "from": "808",
            "to": "809",
            "label": "RMI-01 Externo",
            "length_m": 10.0
          },
          {
            "from": "809",
            "to": "812",
            "label": "Lote 14",
            "length_m": 24.35
          },
          {
            "from": "812",
            "to": "813",
            "label": "Rua Projetada 15",
            "length_m": 10.0
          }
        ],
        "access": {
          "longitude": -54.55735407,
          "latitude": -16.46764542,
          "label": "Rua Projetada 15",
          "frontage_m": 10.0,
          "confidence": "memorial"
        },
        "memorial_path": "memoriais/Q24/L13.pdf",
        "status_default": "nao_informado",
        "technical_review": []
      },
      "geometry": {
        "type": "Polygon",
        "coordinates": [
          [
            [
              -54.55734056866177,
              -16.46760218146353
            ],
            [
              -54.55712225956031,
              -16.467665701917465
            ],
            [
              -54.557149353922426,
              -16.467752157478756
            ],
            [
              -54.55736757853991,
              -16.467688663121127
            ],
            [
              -54.55734056866177,
              -16.46760218146353
            ]
          ]
        ]
      }
    },
    {
      "type": "Feature",
      "id": "Q24-L14",
      "properties": {
        "quadra": 24,
        "lote": 14,
        "area_m2": 243.45,
        "center": [
          -54.55727199,
          -16.46776364
        ],
        "source_polygon": "PLINHA-130",
        "geometry_source": "memorial_descritivo",
        "match_distance_m": 0.0,
        "perimeter_m": 68.69,
        "frontage_m": 10.0,
        "dimensions": [
          {
            "from": "812",
            "to": "809",
            "label": "Lote 13",
            "length_m": 24.35
          },
          {
            "from": "809",
            "to": "810",
            "label": "RMI-01 Externo",
            "length_m": 10.0
          },
          {
            "from": "810",
            "to": "811",
            "label": "RMI-07 Área Verde",
            "length_m": 24.34
          },
          {
            "from": "811",
            "to": "812",
            "label": "Rua Projetada 15",
            "length_m": 10.0
          }
        ],
        "access": {
          "longitude": -54.55738108,
          "latitude": -16.4677319,
          "label": "Rua Projetada 15",
          "frontage_m": 10.0,
          "confidence": "memorial"
        },
        "memorial_path": "memoriais/Q24/L14.pdf",
        "status_default": "nao_informado",
        "technical_review": []
      },
      "geometry": {
        "type": "Polygon",
        "coordinates": [
          [
            [
              -54.55736757853991,
              -16.467688663121127
            ],
            [
              -54.557149353922426,
              -16.467752157478756
            ],
            [
              -54.557176448303586,
              -16.467838613039103
            ],
            [
              -54.55739458843701,
              -16.467775144777807
            ],
            [
              -54.55736757853991,
              -16.467688663121127
            ]
          ]
        ]
      }
    }
  ]
}